hotel_name,hotel_id,city,location,price_per_night,hotel_category,customer_rating,review_count,amenities,review_text,individual_review_rating,review_date,review_source,search_area
RCC Hotels Elite - Begumpet,ChkIwfHNgbqXvqtfGg0vZy8xMXJtcDNzMWcwEAE,Hyderabad,"Latitude: 17.4318882, Longitude: 78.4573388",1466.0,,4.9,2337,Breakfast ($) | Free Wi-Fi | Free parking | Air conditioning | Restaurant | Room service | Airport shuttle | Full-service laundry | Accessible | Business center | Smoke-free property,"Booked last minute after seeing some negative reviews, so I was a bit scared, but our experience was actually really good!
Clean and spacious room, AC worked perfectly, clean bathroom with hot water, and they even provided an extra bed for 3 people at no extra cost. The location is also great, on a clean and good road.
We didn’t try the food, so can’t comment on that. Overall, definitely worth the money and recommended for budget and women travellers!",5,2 weeks ago,Google,Central Hyderabad
RCC Hotels Elite - Begumpet,ChkIwfHNgbqXvqtfGg0vZy8xMXJtcDNzMWcwEAE,Hyderabad,"Latitude: 17.4318882, Longitude: 78.4573388",1466.0,,4.9,2337,Breakfast ($) | Free Wi-Fi | Free parking | Air conditioning | Restaurant | Room service | Airport shuttle | Full-service laundry | Accessible | Business center | Smoke-free property,Begumpet,5,2 weeks ago,Google,Central Hyderabad
RCC Hotels Elite - Begumpet,ChkIwfHNgbqXvqtfGg0vZy8xMXJtcDNzMWcwEAE,Hyderabad,"Latitude: 17.4318882, Longitude: 78.4573388",1466.0,,4.9,2337,Breakfast ($) | Free Wi-Fi | Free parking | Air conditioning | Restaurant | Room service | Airport shuttle | Full-service laundry | Accessible | Business center | Smoke-free property,"Complete Disaster of a Stay. Avoid If You Value Cleanliness or Peace of Mind
If you ever wanted to experience a wildlife sanctuary without leaving your hotel room, this is the place for you! 🪳🐭🪱
The room comes with an exclusive cockroach community, apparently enjoying permanent residency. Meanwhile, mice have taken up the role of hotel management, casually running between the reception and dining area. And for the truly adventurous guest, there are worms happily living in the water collected in the dripping tray of water dispenser placed in dining area. Nature is clearly thriving here more than the guests.
Breakfast is another unforgettable experience. The menu is extremely “minimalist” ... idly, bonda, bread and tea. FYI there's no live counters. And even for this list, you need to wait for each item minimum of 10-15 minutes.
And then comes the hotel’s signature service: WAITING.
We locked our room and went for breakfast, that the door got jammed. Even the master keys couldn’t open it. So, naturally, we were treated to an unexpected 45 minutes waiting session, until a carpenter finally arrived to rescue us.
At this point, I’m not sure whether I stayed at a hotel or participated in an escape-room challenge.
I booked this room based on its ratings, but honestly, it was nowhere near worth the rating or the money we paid.
To summarise:
🪳 Cockroaches: 5-star accommodation
🐭 Mice: Excellent freedom of movement
🪱 Worms: Water facility residents
🍽️ Breakfast: Limited edition
🔑 Room access: Advanced puzzle
⏳ Service speed: Please bring patience
😂 Entertainment: Unbeatable
If you’re looking for a clean, comfortable and hassle-free hotel stay, look elsewhere.",1,a month ago,Google,Central Hyderabad
RCC Hotels Elite - Begumpet,ChkIwfHNgbqXvqtfGg0vZy8xMXJtcDNzMWcwEAE,Hyderabad,"Latitude: 17.4318882, Longitude: 78.4573388",1466.0,,4.9,2337,Breakfast ($) | Free Wi-Fi | Free parking | Air conditioning | Restaurant | Room service | Airport shuttle | Full-service laundry | Accessible | Business center | Smoke-free property,Good,5,a month ago,Google,Central Hyderabad
RCC Hotels Elite - Begumpet,ChkIwfHNgbqXvqtfGg0vZy8xMXJtcDNzMWcwEAE,Hyderabad,"Latitude: 17.4318882, Longitude: 78.4573388",1466.0,,4.9,2337,Breakfast ($) | Free Wi-Fi | Free parking | Air conditioning | Restaurant | Room service | Airport shuttle | Full-service laundry | Accessible | Business center | Smoke-free property,Food and acamidation good an quality hygnice so over all good.,5,a month ago,Google,Central Hyderabad
RCC Hotels Elite - Begumpet,ChkIwfHNgbqXvqtfGg0vZy8xMXJtcDNzMWcwEAE,Hyderabad,"Latitude: 17.4318882, Longitude: 78.4573388",1466.0,,4.9,2337,Breakfast ($) | Free Wi-Fi | Free parking | Air conditioning | Restaurant | Room service | Airport shuttle | Full-service laundry | Accessible | Business center | Smoke-free property,Well maintained room's and all good,5,a month ago,Google,Central Hyderabad
RCC Hotels Elite - Begumpet,ChkIwfHNgbqXvqtfGg0vZy8xMXJtcDNzMWcwEAE,Hyderabad,"Latitude: 17.4318882, Longitude: 78.4573388",1466.0,,4.9,2337,Breakfast ($) | Free Wi-Fi | Free parking | Air conditioning | Restaurant | Room service | Airport shuttle | Full-service laundry | Accessible | Business center | Smoke-free property,Good location,5,a month ago,Google,Central Hyderabad
RCC Hotels Elite - Begumpet,ChkIwfHNgbqXvqtfGg0vZy8xMXJtcDNzMWcwEAE,Hyderabad,"Latitude: 17.4318882, Longitude: 78.4573388",1466.0,,4.9,2337,Breakfast ($) | Free Wi-Fi | Free parking | Air conditioning | Restaurant | Room service | Airport shuttle | Full-service laundry | Accessible | Business center | Smoke-free property,"**Very Disappointing Experience – Not Recommended**
The room had a **bad smell** and the overall experience was not worth the price. The hotel was **too expensive for the quality and service provided**.
After making the payment, the staff **did not respond properly to my complaints or requests**. I also asked them to change the room because of the smell, but **they did not take any action or change it**.
Very poor customer service and disappointing experience. **I would not recommend this hotel.**",1,a month ago,Google,Central Hyderabad
RCC Hotels Elite - Begumpet,ChkIwfHNgbqXvqtfGg0vZy8xMXJtcDNzMWcwEAE,Hyderabad,"Latitude: 17.4318882, Longitude: 78.4573388",1466.0,,4.9,2337,Breakfast ($) | Free Wi-Fi | Free parking | Air conditioning | Restaurant | Room service | Airport shuttle | Full-service laundry | Accessible | Business center | Smoke-free property,"Very Disappointing Stay
The room had a very bad smell, and it was uncomfortable to stay there. Even after we complained to the staff, they did not take any action or offer us another room.
The hotel is also overpriced for the quality of service they provide. Once the payment was made, the staff showed no interest in helping us. Poor customer service, unhygienic room, and expensive rates made this a terrible experience.
I would not recommend this hotel. There are much better hotels available for the same price.",1,a month ago,Google,Central Hyderabad
RCC Hotels Elite - Begumpet,ChkIwfHNgbqXvqtfGg0vZy8xMXJtcDNzMWcwEAE,Hyderabad,"Latitude: 17.4318882, Longitude: 78.4573388",1466.0,,4.9,2337,Breakfast ($) | Free Wi-Fi | Free parking | Air conditioning | Restaurant | Room service | Airport shuttle | Full-service laundry | Accessible | Business center | Smoke-free property,"Very Worst Hotel – Not Recommended
Very disappointing experience. There was a terrible smell in the room from the moment we checked in. Even after informing the staff, they did not take the issue seriously or offer a solution.
Once the payment was made, they showed no concern for customer satisfaction. They refused to change our room despite our complaints. The service was poor, and the staff were unhelpful.
I would not recommend this hotel to anyone.",1,a month ago,Google,Central Hyderabad
RCC Hotels Elite - Begumpet,ChkIwfHNgbqXvqtfGg0vZy8xMXJtcDNzMWcwEAE,Hyderabad,"Latitude: 17.4318882, Longitude: 78.4573388",1466.0,,4.9,2337,Breakfast ($) | Free Wi-Fi | Free parking | Air conditioning | Restaurant | Room service | Airport shuttle | Full-service laundry | Accessible | Business center | Smoke-free property,Nice hotel for staying,4,2 months ago,Google,Central Hyderabad
RCC Hotels Elite - Begumpet,ChkIwfHNgbqXvqtfGg0vZy8xMXJtcDNzMWcwEAE,Hyderabad,"Latitude: 17.4318882, Longitude: 78.4573388",1466.0,,4.9,2337,Breakfast ($) | Free Wi-Fi | Free parking | Air conditioning | Restaurant | Room service | Airport shuttle | Full-service laundry | Accessible | Business center | Smoke-free property,"It’s a no to book in RCC Hotel Elite at Begumpet. As per my experience we have booked the hotel one week before our arrival at Hyderabad on the day of our Check-in they said the hotel is full and sent us to a Hotel at Ameerpet. the rooms there were very small & unclean though we thought of adjusting for one night, next day there was no water in that hotel and we have to leave the hotel ASAP.
I don’t know about the other facility but I recommend not to make an advance booking if you eager to stay here and don’t go for the rating of this hotel.",1,2 months ago,Google,Central Hyderabad
RCC Hotels Elite - Begumpet,ChkIwfHNgbqXvqtfGg0vZy8xMXJtcDNzMWcwEAE,Hyderabad,"Latitude: 17.4318882, Longitude: 78.4573388",1466.0,,4.9,2337,Breakfast ($) | Free Wi-Fi | Free parking | Air conditioning | Restaurant | Room service | Airport shuttle | Full-service laundry | Accessible | Business center | Smoke-free property,We booked this hotel 1 week before. They send us to some other hotel when we reached their location. To our surprise the hotel we stayed don't even have water in the bathroom. So beware before booking this hotel.,1,2 months ago,Google,Central Hyderabad
RCC Hotels Elite - Begumpet,ChkIwfHNgbqXvqtfGg0vZy8xMXJtcDNzMWcwEAE,Hyderabad,"Latitude: 17.4318882, Longitude: 78.4573388",1466.0,,4.9,2337,Breakfast ($) | Free Wi-Fi | Free parking | Air conditioning | Restaurant | Room service | Airport shuttle | Full-service laundry | Accessible | Business center | Smoke-free property,Well maintained rooms and clean,5,2 months ago,Google,Central Hyderabad
RCC Hotels Elite - Begumpet,ChkIwfHNgbqXvqtfGg0vZy8xMXJtcDNzMWcwEAE,Hyderabad,"Latitude: 17.4318882, Longitude: 78.4573388",1466.0,,4.9,2337,Breakfast ($) | Free Wi-Fi | Free parking | Air conditioning | Restaurant | Room service | Airport shuttle | Full-service laundry | Accessible | Business center | Smoke-free property,Good location,5,2 months ago,Google,Central Hyderabad
Treebo Casa Grand Punjagutta Dwarakapuri Hyderabad,ChoIruK9yKT26qH4ARoNL2cvMTFudzB6ZnlfYxAB,Hyderabad,"Latitude: 17.424326399999998, Longitude: 78.45202069999999",1735.0,,4.8,20,Free breakfast | Free Wi-Fi | Free parking | Room service | Full-service laundry,"⭐ Very Disappointing Experience – Treebo Casa Grand, Hyderabad
My experience at Treebo Casa Grand, Hyderabad was extremely disappointing. The staff were polite and helpful, but the overall hotel experience was poor.
The room lacked basic amenities:
No proper cupboard to keep luggage and clothes
No proper hangers
No hot water
Telephone/intercom was not working
No dental kit provided
Overall, basic guest facilities were not maintained properly
While I appreciate the staff for being courteous, the hotel management needs significant improvement in maintaining basic amenities and guest services.
Very disappointing experience. I would not recommend this property until these basic issues are addressed.",1,6 days ago,Google,Central Hyderabad
Treebo Casa Grand Punjagutta Dwarakapuri Hyderabad,ChoIruK9yKT26qH4ARoNL2cvMTFudzB6ZnlfYxAB,Hyderabad,"Latitude: 17.424326399999998, Longitude: 78.45202069999999",1735.0,,4.8,20,Free breakfast | Free Wi-Fi | Free parking | Room service | Full-service laundry,Awesome stay good rooms help full staff and good amenities excellent food service and reasonable prices,5,a week ago,Google,Central Hyderabad
Treebo Casa Grand Punjagutta Dwarakapuri Hyderabad,ChoIruK9yKT26qH4ARoNL2cvMTFudzB6ZnlfYxAB,Hyderabad,"Latitude: 17.424326399999998, Longitude: 78.45202069999999",1735.0,,4.8,20,Free breakfast | Free Wi-Fi | Free parking | Room service | Full-service laundry,"Excellent stay and great value for money! The rooms are clean, spacious, comfortable, and well-maintained. The washrooms were very clean and hygienic, and the overall ambience was pleasant and relaxing. The staff were very helpful. A budget-friendly hotel with a comfortable stay, highly recommended!",5,a week ago,Google,Central Hyderabad
Treebo Casa Grand Punjagutta Dwarakapuri Hyderabad,ChoIruK9yKT26qH4ARoNL2cvMTFudzB6ZnlfYxAB,Hyderabad,"Latitude: 17.424326399999998, Longitude: 78.45202069999999",1735.0,,4.8,20,Free breakfast | Free Wi-Fi | Free parking | Room service | Full-service laundry,Room is good,5,a week ago,Google,Central Hyderabad
Treebo Casa Grand Punjagutta Dwarakapuri Hyderabad,ChoIruK9yKT26qH4ARoNL2cvMTFudzB6ZnlfYxAB,Hyderabad,"Latitude: 17.424326399999998, Longitude: 78.45202069999999",1735.0,,4.8,20,Free breakfast | Free Wi-Fi | Free parking | Room service | Full-service laundry,Great experience,5,a week ago,Google,Central Hyderabad
Treebo Casa Grand Punjagutta Dwarakapuri Hyderabad,ChoIruK9yKT26qH4ARoNL2cvMTFudzB6ZnlfYxAB,Hyderabad,"Latitude: 17.424326399999998, Longitude: 78.45202069999999",1735.0,,4.8,20,Free breakfast | Free Wi-Fi | Free parking | Room service | Full-service laundry,"I had an absolutely wonderful stay here. The service was exceptional, the rooms were spotless and comfortable, and the entire experience exceeded my expectations. I highly recommend this hotel and look forward to returning!",5,a week ago,Google,Central Hyderabad
Treebo Casa Grand Punjagutta Dwarakapuri Hyderabad,ChoIruK9yKT26qH4ARoNL2cvMTFudzB6ZnlfYxAB,Hyderabad,"Latitude: 17.424326399999998, Longitude: 78.45202069999999",1735.0,,4.8,20,Free breakfast | Free Wi-Fi | Free parking | Room service | Full-service laundry,"Good staff and good breakfast, room is very nice",5,a week ago,Google,Central Hyderabad
Treebo Casa Grand Punjagutta Dwarakapuri Hyderabad,ChoIruK9yKT26qH4ARoNL2cvMTFudzB6ZnlfYxAB,Hyderabad,"Latitude: 17.424326399999998, Longitude: 78.45202069999999",1735.0,,4.8,20,Free breakfast | Free Wi-Fi | Free parking | Room service | Full-service laundry,"Very nice property, close to shopping mall and metro station",5,a week ago,Google,Central Hyderabad
Treebo Casa Grand Punjagutta Dwarakapuri Hyderabad,ChoIruK9yKT26qH4ARoNL2cvMTFudzB6ZnlfYxAB,Hyderabad,"Latitude: 17.424326399999998, Longitude: 78.45202069999999",1735.0,,4.8,20,Free breakfast | Free Wi-Fi | Free parking | Room service | Full-service laundry,Near to Hussain Sagar Lake,5,a week ago,Google,Central Hyderabad
Treebo Casa Grand Punjagutta Dwarakapuri Hyderabad,ChoIruK9yKT26qH4ARoNL2cvMTFudzB6ZnlfYxAB,Hyderabad,"Latitude: 17.424326399999998, Longitude: 78.45202069999999",1735.0,,4.8,20,Free breakfast | Free Wi-Fi | Free parking | Room service | Full-service laundry,Good hotel well-maintained staff also good 😊,5,a week ago,Google,Central Hyderabad
Treebo Casa Grand Punjagutta Dwarakapuri Hyderabad,ChoIruK9yKT26qH4ARoNL2cvMTFudzB6ZnlfYxAB,Hyderabad,"Latitude: 17.424326399999998, Longitude: 78.45202069999999",1735.0,,4.8,20,Free breakfast | Free Wi-Fi | Free parking | Room service | Full-service laundry,"I had a wonderful stay at Casa Grand Punjagutta, a Treebo property. The hotel is conveniently located, making it easy to access the main areas of Hyderabad.
The rooms were clean, comfortable, and well-maintained, and the staff were polite, friendly, and helpful throughout my stay. The overall ambience was pleasant, and the service was prompt. I also enjoyed the breakfast, which was fresh and satisfying.
For the location, cleanliness, hospitality, and overall value for money, Casa Grand Punjagutta is definitely a great option for both business and leisure travellers.
Highly recommended! ⭐⭐⭐⭐⭐",5,a week ago,Google,Central Hyderabad
Treebo Casa Grand Punjagutta Dwarakapuri Hyderabad,ChoIruK9yKT26qH4ARoNL2cvMTFudzB6ZnlfYxAB,Hyderabad,"Latitude: 17.424326399999998, Longitude: 78.45202069999999",1735.0,,4.8,20,Free breakfast | Free Wi-Fi | Free parking | Room service | Full-service laundry,"Had a very pleasant stay at Hotel Casa Treebo. The rooms were clean, comfortable, and wellmaintained. The staff was friendly, polite, and helpful throughout our stay.The location is convenient, and the overall service was excellent.
Really enjoyed the hospitality and would definitely recommend Hotel Casa Treebo to anyone looking for a comfortable and valueformoney stay Looking forward to visiting again",5,a week ago,Google,Central Hyderabad
Treebo Casa Grand Punjagutta Dwarakapuri Hyderabad,ChoIruK9yKT26qH4ARoNL2cvMTFudzB6ZnlfYxAB,Hyderabad,"Latitude: 17.424326399999998, Longitude: 78.45202069999999",1735.0,,4.8,20,Free breakfast | Free Wi-Fi | Free parking | Room service | Full-service laundry,Nice hotel and great house keeping boys nice receiving,5,a week ago,Google,Central Hyderabad
Our Nest,ChgI2K3WuO6z7de0ARoLL2cvMXRnMmJ6MGoQAQ,Hyderabad,"Latitude: 17.4293364, Longitude: 78.4579688",1879.0,2-star hotel,4.1,1447,Free breakfast | Free Wi-Fi | Parking | Air conditioning | Restaurant | Room service | Kitchen in some rooms | Airport shuttle | Full-service laundry | Kid-friendly | Smoke-free property,Everything is bad about this hotel. Not recommendable,1,a month ago,Google,Central Hyderabad
Our Nest,ChgI2K3WuO6z7de0ARoLL2cvMXRnMmJ6MGoQAQ,Hyderabad,"Latitude: 17.4293364, Longitude: 78.4579688",1879.0,2-star hotel,4.1,1447,Free breakfast | Free Wi-Fi | Parking | Air conditioning | Restaurant | Room service | Kitchen in some rooms | Airport shuttle | Full-service laundry | Kid-friendly | Smoke-free property,Need to improve washroom maintenance,3,2 months ago,Google,Central Hyderabad
Our Nest,ChgI2K3WuO6z7de0ARoLL2cvMXRnMmJ6MGoQAQ,Hyderabad,"Latitude: 17.4293364, Longitude: 78.4579688",1879.0,2-star hotel,4.1,1447,Free breakfast | Free Wi-Fi | Parking | Air conditioning | Restaurant | Room service | Kitchen in some rooms | Airport shuttle | Full-service laundry | Kid-friendly | Smoke-free property,good,5,2 months ago,Google,Central Hyderabad
Our Nest,ChgI2K3WuO6z7de0ARoLL2cvMXRnMmJ6MGoQAQ,Hyderabad,"Latitude: 17.4293364, Longitude: 78.4579688",1879.0,2-star hotel,4.1,1447,Free breakfast | Free Wi-Fi | Parking | Air conditioning | Restaurant | Room service | Kitchen in some rooms | Airport shuttle | Full-service laundry | Kid-friendly | Smoke-free property,"Living room is good. But bathrooms can be maintained well. Tv is there. But there is no kettle, water or other items on the room. Water they will give if you ask.",4,2 months ago,Google,Central Hyderabad
Our Nest,ChgI2K3WuO6z7de0ARoLL2cvMXRnMmJ6MGoQAQ,Hyderabad,"Latitude: 17.4293364, Longitude: 78.4579688",1879.0,2-star hotel,4.1,1447,Free breakfast | Free Wi-Fi | Parking | Air conditioning | Restaurant | Room service | Kitchen in some rooms | Airport shuttle | Full-service laundry | Kid-friendly | Smoke-free property,"I booked a two seperate bed room at 306 at 1500 per day.
Positives
1. Size of room and bed was okay.
2. AC was working properly.
3. Washrooms were clean and no water issues.
4. Staffs were friendly
Few negatives:
1. Breakfast had very little options
2. No option to order lunch and dinner from hotel
3. Nearest metro station was not walkable",4,3 months ago,Google,Central Hyderabad
Our Nest,ChgI2K3WuO6z7de0ARoLL2cvMXRnMmJ6MGoQAQ,Hyderabad,"Latitude: 17.4293364, Longitude: 78.4579688",1879.0,2-star hotel,4.1,1447,Free breakfast | Free Wi-Fi | Parking | Air conditioning | Restaurant | Room service | Kitchen in some rooms | Airport shuttle | Full-service laundry | Kid-friendly | Smoke-free property,Good and neat cleaning. Comfartable Stay. Friendly staff. Ac working is too good,5,3 months ago,Google,Central Hyderabad
Our Nest,ChgI2K3WuO6z7de0ARoLL2cvMXRnMmJ6MGoQAQ,Hyderabad,"Latitude: 17.4293364, Longitude: 78.4579688",1879.0,2-star hotel,4.1,1447,Free breakfast | Free Wi-Fi | Parking | Air conditioning | Restaurant | Room service | Kitchen in some rooms | Airport shuttle | Full-service laundry | Kid-friendly | Smoke-free property,Maneger is not good behaviour too bad not clean room and rude bhihaviour booked to ac room but not prefer 1 complimentary water bottle no breakfast extra chargers for all that 200/- &20/- I'm very disappointed to choice this hotel plz wst hotel its is and owner no is not here so we try to contact for this problem but we won't,1,3 months ago,Google,Central Hyderabad
Our Nest,ChgI2K3WuO6z7de0ARoLL2cvMXRnMmJ6MGoQAQ,Hyderabad,"Latitude: 17.4293364, Longitude: 78.4579688",1879.0,2-star hotel,4.1,1447,Free breakfast | Free Wi-Fi | Parking | Air conditioning | Restaurant | Room service | Kitchen in some rooms | Airport shuttle | Full-service laundry | Kid-friendly | Smoke-free property,They are giving there times room cleaning only if by chance I was late some time they are not cleaning my room between 12pm -3pm today I call 1 pm but the maneger morning maneger is rude too much to talk and I booked the ac room but they chargers for breakfast always 200/- water bottle not complimentary and behaviours are not so good I'm very disappoint to choose this hotel,2,3 months ago,Google,Central Hyderabad
Our Nest,ChgI2K3WuO6z7de0ARoLL2cvMXRnMmJ6MGoQAQ,Hyderabad,"Latitude: 17.4293364, Longitude: 78.4579688",1879.0,2-star hotel,4.1,1447,Free breakfast | Free Wi-Fi | Parking | Air conditioning | Restaurant | Room service | Kitchen in some rooms | Airport shuttle | Full-service laundry | Kid-friendly | Smoke-free property,"One of the most worst home stay I stayed till today. Coming to the point, they will send new photos of the apartment when you ask about booking. And ask you to pay half money in advance before check in. Second, no room are good all are small and are smelly. Third that's too small beds only 1 person can accommodate in a single bed, it's like a hostel bed. Toilets it's too moulded and you cannot fit in that. Toilets are worst and looks like cheapest of the cheapest stay. Leaky waters, mouldy roof, heavy noices in the floor itself. Other room occupied persons don't know how to behave while others are sleeping making huge noises screaming in phone. Cant express how I managed to stay a single day there as I already paid in advance. I told them the complainanta about the room, they said just ok. Even they didn't showed concern about that. I personally do not recommend anyone this home stay. Be aware of that and it's upto you to stay there.",1,3 months ago,Google,Central Hyderabad
Our Nest,ChgI2K3WuO6z7de0ARoLL2cvMXRnMmJ6MGoQAQ,Hyderabad,"Latitude: 17.4293364, Longitude: 78.4579688",1879.0,2-star hotel,4.1,1447,Free breakfast | Free Wi-Fi | Parking | Air conditioning | Restaurant | Room service | Kitchen in some rooms | Airport shuttle | Full-service laundry | Kid-friendly | Smoke-free property,Great hotel. Very well behaved service staffs,5,3 months ago,Google,Central Hyderabad
Our Nest,ChgI2K3WuO6z7de0ARoLL2cvMXRnMmJ6MGoQAQ,Hyderabad,"Latitude: 17.4293364, Longitude: 78.4579688",1879.0,2-star hotel,4.1,1447,Free breakfast | Free Wi-Fi | Parking | Air conditioning | Restaurant | Room service | Kitchen in some rooms | Airport shuttle | Full-service laundry | Kid-friendly | Smoke-free property,"The price and location are good, but I'm giving it 3 stars because our room was infested with cockroaches.",3,3 months ago,Google,Central Hyderabad
Our Nest,ChgI2K3WuO6z7de0ARoLL2cvMXRnMmJ6MGoQAQ,Hyderabad,"Latitude: 17.4293364, Longitude: 78.4579688",1879.0,2-star hotel,4.1,1447,Free breakfast | Free Wi-Fi | Parking | Air conditioning | Restaurant | Room service | Kitchen in some rooms | Airport shuttle | Full-service laundry | Kid-friendly | Smoke-free property,"Good rooms , nice location, near metro available and near yashoda hospital,AIG hospital, friendly staff, manager mr, Nagnath helpful person, thank you , everything is good.... Safe for family and girls......",5,4 months ago,Google,Central Hyderabad
Our Nest,ChgI2K3WuO6z7de0ARoLL2cvMXRnMmJ6MGoQAQ,Hyderabad,"Latitude: 17.4293364, Longitude: 78.4579688",1879.0,2-star hotel,4.1,1447,Free breakfast | Free Wi-Fi | Parking | Air conditioning | Restaurant | Room service | Kitchen in some rooms | Airport shuttle | Full-service laundry | Kid-friendly | Smoke-free property,"neat and clean rooms, good location,friendly staff and nagnath helping to Hyderabad tour point, everything is good, thanks for spotting.... happy stay... 😊😊😊😊",5,4 months ago,Google,Central Hyderabad
Our Nest,ChgI2K3WuO6z7de0ARoLL2cvMXRnMmJ6MGoQAQ,Hyderabad,"Latitude: 17.4293364, Longitude: 78.4579688",1879.0,2-star hotel,4.1,1447,Free breakfast | Free Wi-Fi | Parking | Air conditioning | Restaurant | Room service | Kitchen in some rooms | Airport shuttle | Full-service laundry | Kid-friendly | Smoke-free property,"Clean rooms , friendly staff, Hyderabad Central location 24/7 cab,Swiggy, Zomato service available , morning free breakfast, every day room cleaning,hot water available 24 hours, Mr.Nagnath is helpful person, I am happy to visit this hotel,.
Thanks for supporting.... 🙂🙂",5,4 months ago,Google,Central Hyderabad
Our Nest,ChgI2K3WuO6z7de0ARoLL2cvMXRnMmJ6MGoQAQ,Hyderabad,"Latitude: 17.4293364, Longitude: 78.4579688",1879.0,2-star hotel,4.1,1447,Free breakfast | Free Wi-Fi | Parking | Air conditioning | Restaurant | Room service | Kitchen in some rooms | Airport shuttle | Full-service laundry | Kid-friendly | Smoke-free property,"Hyderabad City centre location, near, metro station,bus stand, railway station and 24 hour's cab and auto available this location, evridey room cleaning, good maintenance, hotel staff and manager , Nagnath good person and very helpfull person, complimentri breakfast ets tasty,.   Evrithing in very good.... .😊😊😊",5,Edited 4 months ago,Google,Central Hyderabad
Our Nest,ChgI2K3WuO6z7de0ARoLL2cvMXRnMmJ6MGoQAQ,Hyderabad,"Latitude: 17.4293364, Longitude: 78.4579688",1879.0,2-star hotel,4.1,1447,Free breakfast | Free Wi-Fi | Parking | Air conditioning | Restaurant | Room service | Kitchen in some rooms | Airport shuttle | Full-service laundry | Kid-friendly | Smoke-free property,"Worse than a third class hotel. The receptionist was sleeping. Was extremely rude and agressive towards a me - a woman. Made me carry my luggage and refused to help.
Pathetic and unsafe rooms. Dirty linen , smelling rooms and dirty toilets.
If you are looking for basic facilities and safety , skip this property.",1,4 months ago,Google,Central Hyderabad
Our Nest,ChgI2K3WuO6z7de0ARoLL2cvMXRnMmJ6MGoQAQ,Hyderabad,"Latitude: 17.4293364, Longitude: 78.4579688",1879.0,2-star hotel,4.1,1447,Free breakfast | Free Wi-Fi | Parking | Air conditioning | Restaurant | Room service | Kitchen in some rooms | Airport shuttle | Full-service laundry | Kid-friendly | Smoke-free property,"Bathroom is not at all good
Do not believe in pictures",1,4 months ago,Google,Central Hyderabad
Our Nest,ChgI2K3WuO6z7de0ARoLL2cvMXRnMmJ6MGoQAQ,Hyderabad,"Latitude: 17.4293364, Longitude: 78.4579688",1879.0,2-star hotel,4.1,1447,Free breakfast | Free Wi-Fi | Parking | Air conditioning | Restaurant | Room service | Kitchen in some rooms | Airport shuttle | Full-service laundry | Kid-friendly | Smoke-free property,Very good place love it,5,4 months ago,Google,Central Hyderabad
Our Nest,ChgI2K3WuO6z7de0ARoLL2cvMXRnMmJ6MGoQAQ,Hyderabad,"Latitude: 17.4293364, Longitude: 78.4579688",1879.0,2-star hotel,4.1,1447,Free breakfast | Free Wi-Fi | Parking | Air conditioning | Restaurant | Room service | Kitchen in some rooms | Airport shuttle | Full-service laundry | Kid-friendly | Smoke-free property,"The rooms are in very bad condition and worst. Never ever come here. Cockroaches everywhere, wrong pungent smell, rooms and washroom are not clean.",1,5 months ago,Google,Central Hyderabad
Our Nest,ChgI2K3WuO6z7de0ARoLL2cvMXRnMmJ6MGoQAQ,Hyderabad,"Latitude: 17.4293364, Longitude: 78.4579688",1879.0,2-star hotel,4.1,1447,Free breakfast | Free Wi-Fi | Parking | Air conditioning | Restaurant | Room service | Kitchen in some rooms | Airport shuttle | Full-service laundry | Kid-friendly | Smoke-free property,"This hotel not for standard stay , toilet also very old , no management",1,6 months ago,Google,Central Hyderabad
Our Nest,ChgI2K3WuO6z7de0ARoLL2cvMXRnMmJ6MGoQAQ,Hyderabad,"Latitude: 17.4293364, Longitude: 78.4579688",1879.0,2-star hotel,4.1,1447,Free breakfast | Free Wi-Fi | Parking | Air conditioning | Restaurant | Room service | Kitchen in some rooms | Airport shuttle | Full-service laundry | Kid-friendly | Smoke-free property,Best hotel to stay at this price point,5,7 months ago,Google,Central Hyderabad
Rcc Hotels Biz Stays Begumpet,ChoIppnmwobam-7jARoNL2cvMTF4cm40cHcwaBAB,Hyderabad,"Latitude: 17.4341988, Longitude: 78.45163769999999",1960.0,,4.9,875,Free breakfast | Free Wi-Fi | Free parking | Air conditioning | Room service | Airport shuttle | Kid-friendly | Smoke-free property,It was good experience to stay here n staff n service was excellent,4,2 days ago,Google,Central Hyderabad
Rcc Hotels Biz Stays Begumpet,ChoIppnmwobam-7jARoNL2cvMTF4cm40cHcwaBAB,Hyderabad,"Latitude: 17.4341988, Longitude: 78.45163769999999",1960.0,,4.9,875,Free breakfast | Free Wi-Fi | Free parking | Air conditioning | Room service | Airport shuttle | Kid-friendly | Smoke-free property,Good,5,6 days ago,Google,Central Hyderabad
Rcc Hotels Biz Stays Begumpet,ChoIppnmwobam-7jARoNL2cvMTF4cm40cHcwaBAB,Hyderabad,"Latitude: 17.4341988, Longitude: 78.45163769999999",1960.0,,4.9,875,Free breakfast | Free Wi-Fi | Free parking | Air conditioning | Room service | Airport shuttle | Kid-friendly | Smoke-free property,Nice hotel Good service from staff,5,a week ago,Google,Central Hyderabad
Rcc Hotels Biz Stays Begumpet,ChoIppnmwobam-7jARoNL2cvMTF4cm40cHcwaBAB,Hyderabad,"Latitude: 17.4341988, Longitude: 78.45163769999999",1960.0,,4.9,875,Free breakfast | Free Wi-Fi | Free parking | Air conditioning | Room service | Airport shuttle | Kid-friendly | Smoke-free property,"​Recently stayed at RCC Hotel, Hyderabad, and had a fantastic experience! The entire hotel was extremely clean, neat, and well-maintained. ​The food quality was excellent, and the service throughout our stay was outstanding. A special thanks to Abhishek and Monica for their exceptional support and hospitality—they truly made us feel welcome!",5,a week ago,Google,Central Hyderabad
Rcc Hotels Biz Stays Begumpet,ChoIppnmwobam-7jARoNL2cvMTF4cm40cHcwaBAB,Hyderabad,"Latitude: 17.4341988, Longitude: 78.45163769999999",1960.0,,4.9,875,Free breakfast | Free Wi-Fi | Free parking | Air conditioning | Room service | Airport shuttle | Kid-friendly | Smoke-free property,Very good stay and friendly staff  and the ambience and amienites are very good specially abhishek is very friendly and very helpful,5,a week ago,Tripadvisor,Central Hyderabad
Rcc Hotels Biz Stays Begumpet,ChoIppnmwobam-7jARoNL2cvMTF4cm40cHcwaBAB,Hyderabad,"Latitude: 17.4341988, Longitude: 78.45163769999999",1960.0,,4.9,875,Free breakfast | Free Wi-Fi | Free parking | Air conditioning | Room service | Airport shuttle | Kid-friendly | Smoke-free property,"I had a very pleasant and satisfying stay at this hotel. The rooms were clean, comfortable, and well-maintained. The staff were friendly, polite, and helpful throughout my stay. The service was excellent, and the overall atmosphere was peaceful and welcoming.
I was completely satisfied with my experience and would definitely recommend this hotel to others. Looking forward to staying here again!",5,2 weeks ago,Google,Central Hyderabad
Rcc Hotels Biz Stays Begumpet,ChoIppnmwobam-7jARoNL2cvMTF4cm40cHcwaBAB,Hyderabad,"Latitude: 17.4341988, Longitude: 78.45163769999999",1960.0,,4.9,875,Free breakfast | Free Wi-Fi | Free parking | Air conditioning | Room service | Airport shuttle | Kid-friendly | Smoke-free property,"I stayed here for 3 nights. Rooms and facilities within are good. Seemed like newly constructed. Location is also good, located in center.
Service can be improved. Unlimited breakfast always had some item missing on counter and taking too long. cleaning between our stay was not done properly.",4,2 weeks ago,Google,Central Hyderabad
Rcc Hotels Biz Stays Begumpet,ChoIppnmwobam-7jARoNL2cvMTF4cm40cHcwaBAB,Hyderabad,"Latitude: 17.4341988, Longitude: 78.45163769999999",1960.0,,4.9,875,Free breakfast | Free Wi-Fi | Free parking | Air conditioning | Room service | Airport shuttle | Kid-friendly | Smoke-free property,It's really nice service and thoroughly enjoyed the entire stay.,5,2 weeks ago,Google,Central Hyderabad
Rcc Hotels Biz Stays Begumpet,ChoIppnmwobam-7jARoNL2cvMTF4cm40cHcwaBAB,Hyderabad,"Latitude: 17.4341988, Longitude: 78.45163769999999",1960.0,,4.9,875,Free breakfast | Free Wi-Fi | Free parking | Air conditioning | Room service | Airport shuttle | Kid-friendly | Smoke-free property,Nice rooms and comparative staffand the staff are friendly,5,2 weeks ago,Google,Central Hyderabad
Rcc Hotels Biz Stays Begumpet,ChoIppnmwobam-7jARoNL2cvMTF4cm40cHcwaBAB,Hyderabad,"Latitude: 17.4341988, Longitude: 78.45163769999999",1960.0,,4.9,875,Free breakfast | Free Wi-Fi | Free parking | Air conditioning | Room service | Airport shuttle | Kid-friendly | Smoke-free property,Good atmosphere and good service,5,2 weeks ago,Google,Central Hyderabad
Rcc Hotels Biz Stays Begumpet,ChoIppnmwobam-7jARoNL2cvMTF4cm40cHcwaBAB,Hyderabad,"Latitude: 17.4341988, Longitude: 78.45163769999999",1960.0,,4.9,875,Free breakfast | Free Wi-Fi | Free parking | Air conditioning | Room service | Airport shuttle | Kid-friendly | Smoke-free property,"Nice rooms , breakfast, value for money",5,2 weeks ago,Google,Central Hyderabad
Rcc Hotels Biz Stays Begumpet,ChoIppnmwobam-7jARoNL2cvMTF4cm40cHcwaBAB,Hyderabad,"Latitude: 17.4341988, Longitude: 78.45163769999999",1960.0,,4.9,875,Free breakfast | Free Wi-Fi | Free parking | Air conditioning | Room service | Airport shuttle | Kid-friendly | Smoke-free property,Rooms are well maintained and good hospitality with all amenities. The best hotel at affordable price.,5,2 weeks ago,Google,Central Hyderabad
Rcc Hotels Biz Stays Begumpet,ChoIppnmwobam-7jARoNL2cvMTF4cm40cHcwaBAB,Hyderabad,"Latitude: 17.4341988, Longitude: 78.45163769999999",1960.0,,4.9,875,Free breakfast | Free Wi-Fi | Free parking | Air conditioning | Room service | Airport shuttle | Kid-friendly | Smoke-free property,Good hotel,5,3 weeks ago,Google,Central Hyderabad
Rcc Hotels Biz Stays Begumpet,ChoIppnmwobam-7jARoNL2cvMTF4cm40cHcwaBAB,Hyderabad,"Latitude: 17.4341988, Longitude: 78.45163769999999",1960.0,,4.9,875,Free breakfast | Free Wi-Fi | Free parking | Air conditioning | Room service | Airport shuttle | Kid-friendly | Smoke-free property,Good experience. Very comfortable stay. Very courteous staff and helpful,5,4 weeks ago,Tripadvisor,Central Hyderabad
Rcc Hotels Biz Stays Begumpet,ChoIppnmwobam-7jARoNL2cvMTF4cm40cHcwaBAB,Hyderabad,"Latitude: 17.4341988, Longitude: 78.45163769999999",1960.0,,4.9,875,Free breakfast | Free Wi-Fi | Free parking | Air conditioning | Room service | Airport shuttle | Kid-friendly | Smoke-free property,Good stay professional staff and recommended for families and corporates,5,a month ago,Tripadvisor,Central Hyderabad
Hotel ik London residency,ChoInbbKhaTp8NXyARoNL2cvMTFoemNyMV8wNhAB,Hyderabad,"Latitude: 17.4207613, Longitude: 78.4570328",2183.0,3-star hotel,3.8,434,Free breakfast | Free Wi-Fi | Parking | Pool | Air conditioning | Restaurant | Room service | Kitchen in some rooms | Airport shuttle | Full-service laundry | Kid-friendly,"rlly worst experience ever, never had such type of experience ever,  even the worst city in the world is much better than this… rlly so many insects and very unclean.. bed bugs and so many mosquitoes.. And rlly small small cockroaches roaming everywhere… pls dont stay here",1,a month ago,Google,Central Hyderabad
Hotel ik London residency,ChoInbbKhaTp8NXyARoNL2cvMTFoemNyMV8wNhAB,Hyderabad,"Latitude: 17.4207613, Longitude: 78.4570328",2183.0,3-star hotel,3.8,434,Free breakfast | Free Wi-Fi | Parking | Pool | Air conditioning | Restaurant | Room service | Kitchen in some rooms | Airport shuttle | Full-service laundry | Kid-friendly,"They don't have a proper parking area
In night the owner was dunrk and was scolding customer badly",1,2 months ago,Google,Central Hyderabad
Hotel ik London residency,ChoInbbKhaTp8NXyARoNL2cvMTFoemNyMV8wNhAB,Hyderabad,"Latitude: 17.4207613, Longitude: 78.4570328",2183.0,3-star hotel,3.8,434,Free breakfast | Free Wi-Fi | Parking | Pool | Air conditioning | Restaurant | Room service | Kitchen in some rooms | Airport shuttle | Full-service laundry | Kid-friendly,"Recently I visited to Hotel Ik London it’s very good hotel compared to others. The service is excellent in the hotel,  staff is very supportive.",5,Edited 2 months ago,Google,Central Hyderabad
Hotel ik London residency,ChoInbbKhaTp8NXyARoNL2cvMTFoemNyMV8wNhAB,Hyderabad,"Latitude: 17.4207613, Longitude: 78.4570328",2183.0,3-star hotel,3.8,434,Free breakfast | Free Wi-Fi | Parking | Pool | Air conditioning | Restaurant | Room service | Kitchen in some rooms | Airport shuttle | Full-service laundry | Kid-friendly,"Good place to stay superb Hospitality
Good housekeeping services
I recommend this hotel",5,2 months ago,Google,Central Hyderabad
Hotel ik London residency,ChoInbbKhaTp8NXyARoNL2cvMTFoemNyMV8wNhAB,Hyderabad,"Latitude: 17.4207613, Longitude: 78.4570328",2183.0,3-star hotel,3.8,434,Free breakfast | Free Wi-Fi | Parking | Pool | Air conditioning | Restaurant | Room service | Kitchen in some rooms | Airport shuttle | Full-service laundry | Kid-friendly,"Good place to stay valuable for money
Excellent rooms neat and clean & tasty food",5,2 months ago,Google,Central Hyderabad
Hotel ik London residency,ChoInbbKhaTp8NXyARoNL2cvMTFoemNyMV8wNhAB,Hyderabad,"Latitude: 17.4207613, Longitude: 78.4570328",2183.0,3-star hotel,3.8,434,Free breakfast | Free Wi-Fi | Parking | Pool | Air conditioning | Restaurant | Room service | Kitchen in some rooms | Airport shuttle | Full-service laundry | Kid-friendly,"I stayed at IK London Hotel near AIG, Somajiguda, Hyderabad.
First, I would like to appreciate the gentleman at the reception. He was extremely polite, gentle, and well-mannered, and his professionalism was commendable.
However, the room cleanliness needs significant improvement. Although the room appeared to be cleaned, there were many small cockroaches on the towels, bed, chair, and even in the bathroom. This was very disappointing and unacceptable.
The most upsetting experience was at the hotel restaurant during lunch on 21st July. I asked the waiter, Ramesh, about the available vegetable dishes. He informed me that paneer was available, but I specifically ordered only Jeera Aloo, buttermilk, and papad. He handed me the menu, and at no point did I order Mix Veg.
Later, another staff member came to reconfirm my order and mentioned that I had ordered Mix Veg along with Jeera Aloo, buttermilk, and papad. I immediately clarified that I had never ordered Mix Veg. I was dining alone and could not possibly finish two full vegetable dishes.
Instead of correcting the mistake, Ramesh insisted that I had ordered both dishes and said that since they had already prepared them, I had to accept both. His behavior was rude, unprofessional, and disrespectful.
I had to approach the reception to report the incident.
We chose this hotel because one of the doctors at AIG Hospital recommended it. My husband had undergone surgery and was in the ICU, and I came to the restaurant hoping to have a peaceful lunch during a very stressful time. Being treated so disrespectfully by a staff member was deeply upsetting.
While the rest of the staff were courteous, one employee's behavior can significantly affect a guest's overall experience. Hospitality is not just about providing accommodation and food—it is about treating guests with respect.
We had planned to stay here for four more days, but after this experience, we have decided not to continue our stay. Even if it means walking a little farther to reach AIG Hospital, I would rather choose a place where guests are treated with dignity and respect.",1,2 months ago,Google,Central Hyderabad
Hotel ik London residency,ChoInbbKhaTp8NXyARoNL2cvMTFoemNyMV8wNhAB,Hyderabad,"Latitude: 17.4207613, Longitude: 78.4570328",2183.0,3-star hotel,3.8,434,Free breakfast | Free Wi-Fi | Parking | Pool | Air conditioning | Restaurant | Room service | Kitchen in some rooms | Airport shuttle | Full-service laundry | Kid-friendly,One of the worst hotel in ameepet and house keeping services not good  bed burgs under the bed weather they are not checking properly,1,2 months ago,Google,Central Hyderabad
Hotel ik London residency,ChoInbbKhaTp8NXyARoNL2cvMTFoemNyMV8wNhAB,Hyderabad,"Latitude: 17.4207613, Longitude: 78.4570328",2183.0,3-star hotel,3.8,434,Free breakfast | Free Wi-Fi | Parking | Pool | Air conditioning | Restaurant | Room service | Kitchen in some rooms | Airport shuttle | Full-service laundry | Kid-friendly,"(Translated by Google) It's very dirty for the money..
Staff not ready..
There's nothing to go back to
(Original)
पैशाच्या मानाने खुपच घाण आहे..
स्टाफ तयार नाहीत..
परत जाण्यासारखे काहीच नाही",1,3 months ago,Google,Central Hyderabad
Hotel ik London residency,ChoInbbKhaTp8NXyARoNL2cvMTFoemNyMV8wNhAB,Hyderabad,"Latitude: 17.4207613, Longitude: 78.4570328",2183.0,3-star hotel,3.8,434,Free breakfast | Free Wi-Fi | Parking | Pool | Air conditioning | Restaurant | Room service | Kitchen in some rooms | Airport shuttle | Full-service laundry | Kid-friendly,Urgent pest control is required; cockroaches infest the premises.,2,3 months ago,Google,Central Hyderabad
Hotel ik London residency,ChoInbbKhaTp8NXyARoNL2cvMTFoemNyMV8wNhAB,Hyderabad,"Latitude: 17.4207613, Longitude: 78.4570328",2183.0,3-star hotel,3.8,434,Free breakfast | Free Wi-Fi | Parking | Pool | Air conditioning | Restaurant | Room service | Kitchen in some rooms | Airport shuttle | Full-service laundry | Kid-friendly,"Hi friends
This property is very much popular among the tourist. Staff behaviour is good. Room is very clean and maintained. Location is very good .Parking is available. Room tarif is 2500/Rs included breakfast.",5,4 months ago,Google,Central Hyderabad
Hotel ik London residency,ChoInbbKhaTp8NXyARoNL2cvMTFoemNyMV8wNhAB,Hyderabad,"Latitude: 17.4207613, Longitude: 78.4570328",2183.0,3-star hotel,3.8,434,Free breakfast | Free Wi-Fi | Parking | Pool | Air conditioning | Restaurant | Room service | Kitchen in some rooms | Airport shuttle | Full-service laundry | Kid-friendly,"Worst food
Dont visit
Visit on your own risk",1,4 months ago,Google,Central Hyderabad
Hotel ik London residency,ChoInbbKhaTp8NXyARoNL2cvMTFoemNyMV8wNhAB,Hyderabad,"Latitude: 17.4207613, Longitude: 78.4570328",2183.0,3-star hotel,3.8,434,Free breakfast | Free Wi-Fi | Parking | Pool | Air conditioning | Restaurant | Room service | Kitchen in some rooms | Airport shuttle | Full-service laundry | Kid-friendly,"Hello All Travel Lovers 💕
One of the greatest hotel nearby Asian Institute of Gastroenterology hospital.
I booked for 4 days for my Hydrabad tour.
It's was INR 2400 with breakfast.
Breakfast is fine - Idli, dosa, uttapam, Upma, tea, Coffee (condition applied).
We got room 209, 3 days was good but last day we got cockroach must do paste control.
Lunch and dinner is available cost is budget friendly.
Nearby Metro Station , 2 petrol pump, 1 LPG center, Shopping Mall, food restaurant etc.
2 and 4 Wheeler parking is available.
Inside Wi-Fi not able to connect.
Owner and staff behaviour is very good 👍 😊
Thanks for your support and love 💞😘",4,4 months ago,Google,Central Hyderabad
Hotel ik London residency,ChoInbbKhaTp8NXyARoNL2cvMTFoemNyMV8wNhAB,Hyderabad,"Latitude: 17.4207613, Longitude: 78.4570328",2183.0,3-star hotel,3.8,434,Free breakfast | Free Wi-Fi | Parking | Pool | Air conditioning | Restaurant | Room service | Kitchen in some rooms | Airport shuttle | Full-service laundry | Kid-friendly,"Room with a company of cockroaches. They mentioned parking availability in amenities, but no parking availabil. U have to park ur vehicle outside hotel on road. Public damaged my car when I parked on road. Please stay cautious while booking the room. I booked bigger size room as per area shown at the time of booking for 3 person & I got the room in which hardly 2 people can stay. After argument, I got bigger room with extra charges. At the time of paying extra charges, Manager confirmed me for 24hrs room service & food. But due to no gas I didn't get anything except water. Manager do false promise to get customer. Don't go on hotel photos posted on online.
Very bad experience.",1,4 months ago,Google,Central Hyderabad
Hotel ik London residency,ChoInbbKhaTp8NXyARoNL2cvMTFoemNyMV8wNhAB,Hyderabad,"Latitude: 17.4207613, Longitude: 78.4570328",2183.0,3-star hotel,3.8,434,Free breakfast | Free Wi-Fi | Parking | Pool | Air conditioning | Restaurant | Room service | Kitchen in some rooms | Airport shuttle | Full-service laundry | Kid-friendly,"I ordered food from this restaurant, but it was not good at all — it tasted very bad.",1,5 months ago,Google,Central Hyderabad
Hotel ik London residency,ChoInbbKhaTp8NXyARoNL2cvMTFoemNyMV8wNhAB,Hyderabad,"Latitude: 17.4207613, Longitude: 78.4570328",2183.0,3-star hotel,3.8,434,Free breakfast | Free Wi-Fi | Parking | Pool | Air conditioning | Restaurant | Room service | Kitchen in some rooms | Airport shuttle | Full-service laundry | Kid-friendly,The room and the washroom is extremely dirty. The bedsheets weren't even dusted properly let alone cleaned. I would say that the service was fine. The overall staff was okay but I believe that the housekeeping staff are slacking. The washrooms are also kind of tiny.  The price is high compared to the services offered. Would NOT expect this price for a room this unhygienic.,2,5 months ago,Google,Central Hyderabad
Hotel ik London residency,ChoInbbKhaTp8NXyARoNL2cvMTFoemNyMV8wNhAB,Hyderabad,"Latitude: 17.4207613, Longitude: 78.4570328",2183.0,3-star hotel,3.8,434,Free breakfast | Free Wi-Fi | Parking | Pool | Air conditioning | Restaurant | Room service | Kitchen in some rooms | Airport shuttle | Full-service laundry | Kid-friendly,Worst food,1,6 months ago,Google,Central Hyderabad
Hotel ik London residency,ChoInbbKhaTp8NXyARoNL2cvMTFoemNyMV8wNhAB,Hyderabad,"Latitude: 17.4207613, Longitude: 78.4570328",2183.0,3-star hotel,3.8,434,Free breakfast | Free Wi-Fi | Parking | Pool | Air conditioning | Restaurant | Room service | Kitchen in some rooms | Airport shuttle | Full-service laundry | Kid-friendly,"Very disappointing experience. The hotel was extremely unhygienic, with cockroaches in the room. The washroom condition was very poor and not maintained at all.
For the price they are charging and the reputation they claim, the quality is not even 1% acceptable. This was one of the worst stays I’ve had.
I strongly do not recommend this hotel.",1,6 months ago,Google,Central Hyderabad
Hotel ik London residency,ChoInbbKhaTp8NXyARoNL2cvMTFoemNyMV8wNhAB,Hyderabad,"Latitude: 17.4207613, Longitude: 78.4570328",2183.0,3-star hotel,3.8,434,Free breakfast | Free Wi-Fi | Parking | Pool | Air conditioning | Restaurant | Room service | Kitchen in some rooms | Airport shuttle | Full-service laundry | Kid-friendly,Stay for 2 nights and have an amazing experience. Delicious breakfast. Good service.,5,6 months ago,Google,Central Hyderabad
Hotel ik London residency,ChoInbbKhaTp8NXyARoNL2cvMTFoemNyMV8wNhAB,Hyderabad,"Latitude: 17.4207613, Longitude: 78.4570328",2183.0,3-star hotel,3.8,434,Free breakfast | Free Wi-Fi | Parking | Pool | Air conditioning | Restaurant | Room service | Kitchen in some rooms | Airport shuttle | Full-service laundry | Kid-friendly,"Rooms need to be upgraded with ambience, good quality colour, toiletries, please air freshner",3,7 months ago,Google,Central Hyderabad
Treebo Destination Inn,ChkImKma-czh8qBOGg0vZy8xMXNocWdtYnFrEAE,Hyderabad,"Latitude: 17.4247863, Longitude: 78.4485921",2047.0,3-star hotel,4.4,708,Breakfast ($) | Free Wi-Fi | Free parking | Room service | Accessible,Good space in room cleaning,4,a week ago,Google,Central Hyderabad
Treebo Destination Inn,ChkImKma-czh8qBOGg0vZy8xMXNocWdtYnFrEAE,Hyderabad,"Latitude: 17.4247863, Longitude: 78.4485921",2047.0,3-star hotel,4.4,708,Breakfast ($) | Free Wi-Fi | Free parking | Room service | Accessible,"Mr.Dushyant,Bhavani was very kind and helped for quality food which the hotel was not serving apart from that everything was good.",3,Edited 2 weeks ago,Google,Central Hyderabad
Treebo Destination Inn,ChkImKma-czh8qBOGg0vZy8xMXNocWdtYnFrEAE,Hyderabad,"Latitude: 17.4247863, Longitude: 78.4485921",2047.0,3-star hotel,4.4,708,Breakfast ($) | Free Wi-Fi | Free parking | Room service | Accessible,"Very rude speaking person at reception (stephen).  Very bad experience, don't choose the hotel.",1,a month ago,Google,Central Hyderabad
Treebo Destination Inn,ChkImKma-czh8qBOGg0vZy8xMXNocWdtYnFrEAE,Hyderabad,"Latitude: 17.4247863, Longitude: 78.4485921",2047.0,3-star hotel,4.4,708,Breakfast ($) | Free Wi-Fi | Free parking | Room service | Accessible,Okay good.staf waste,5,2 months ago,Google,Central Hyderabad
Treebo Destination Inn,ChkImKma-czh8qBOGg0vZy8xMXNocWdtYnFrEAE,Hyderabad,"Latitude: 17.4247863, Longitude: 78.4485921",2047.0,3-star hotel,4.4,708,Breakfast ($) | Free Wi-Fi | Free parking | Room service | Accessible,Every thing is ok A/c's need to be improved,4,2 months ago,Google,Central Hyderabad
Treebo Destination Inn,ChkImKma-czh8qBOGg0vZy8xMXNocWdtYnFrEAE,Hyderabad,"Latitude: 17.4247863, Longitude: 78.4485921",2047.0,3-star hotel,4.4,708,Breakfast ($) | Free Wi-Fi | Free parking | Room service | Accessible,Except the location nothing i like about this hotel. Bathroom smells a lot and everywhere stinks and stains. Breakfast menu is pathetic. Two options and they call it as buffet. I felt eating road side is far better than having here. Bed is okay not bad ac is working,3,2 months ago,Google,Central Hyderabad
Treebo Destination Inn,ChkImKma-czh8qBOGg0vZy8xMXNocWdtYnFrEAE,Hyderabad,"Latitude: 17.4247863, Longitude: 78.4485921",2047.0,3-star hotel,4.4,708,Breakfast ($) | Free Wi-Fi | Free parking | Room service | Accessible,"Good budget option. Rooms were decent and staff were very courteous. We had issues with stained sheets, a noisy fan, and a smelly, unventilated bathroom. However, staff resolved the room issues when notified.",4,2 months ago,Google,Central Hyderabad
Treebo Destination Inn,ChkImKma-czh8qBOGg0vZy8xMXNocWdtYnFrEAE,Hyderabad,"Latitude: 17.4247863, Longitude: 78.4485921",2047.0,3-star hotel,4.4,708,Breakfast ($) | Free Wi-Fi | Free parking | Room service | Accessible,Its a good stay and located in a good area.,4,2 months ago,Google,Central Hyderabad
Treebo Destination Inn,ChkImKma-czh8qBOGg0vZy8xMXNocWdtYnFrEAE,Hyderabad,"Latitude: 17.4247863, Longitude: 78.4485921",2047.0,3-star hotel,4.4,708,Breakfast ($) | Free Wi-Fi | Free parking | Room service | Accessible,"Hotels rooms is good
But service is not proper",3,2 months ago,Google,Central Hyderabad
Treebo Destination Inn,ChkImKma-czh8qBOGg0vZy8xMXNocWdtYnFrEAE,Hyderabad,"Latitude: 17.4247863, Longitude: 78.4485921",2047.0,3-star hotel,4.4,708,Breakfast ($) | Free Wi-Fi | Free parking | Room service | Accessible,Best view,5,2 months ago,Google,Central Hyderabad
Treebo Destination Inn,ChkImKma-czh8qBOGg0vZy8xMXNocWdtYnFrEAE,Hyderabad,"Latitude: 17.4247863, Longitude: 78.4485921",2047.0,3-star hotel,4.4,708,Breakfast ($) | Free Wi-Fi | Free parking | Room service | Accessible,Hotel is at center of the city and FDM mr. Stephen is kind to help in request and the staff is quick to help us. Thanks to hotel destination inn,5,2 months ago,Google,Central Hyderabad
Treebo Destination Inn,ChkImKma-czh8qBOGg0vZy8xMXNocWdtYnFrEAE,Hyderabad,"Latitude: 17.4247863, Longitude: 78.4485921",2047.0,3-star hotel,4.4,708,Breakfast ($) | Free Wi-Fi | Free parking | Room service | Accessible,"Pretty comfortable staying with treebo destination inn, front office  stephen is good in communication, staff also given service on time. Overall experience with this hotel is pretty good.",5,3 months ago,Google,Central Hyderabad
Treebo Destination Inn,ChkImKma-czh8qBOGg0vZy8xMXNocWdtYnFrEAE,Hyderabad,"Latitude: 17.4247863, Longitude: 78.4485921",2047.0,3-star hotel,4.4,708,Breakfast ($) | Free Wi-Fi | Free parking | Room service | Accessible,"Very poor service. Unresponsive staff. Ac,geyser,TV not working. My stay was not good.",1,3 months ago,Google,Central Hyderabad
Treebo Destination Inn,ChkImKma-czh8qBOGg0vZy8xMXNocWdtYnFrEAE,Hyderabad,"Latitude: 17.4247863, Longitude: 78.4485921",2047.0,3-star hotel,4.4,708,Breakfast ($) | Free Wi-Fi | Free parking | Room service | Accessible,"Location is good.but hotel worst service.not given basic toothpaste also.receptionist is very cold to customers .no proper recieving.staff are lazy .bed sheets are dusky colour.even water bottle they unable to provide.depiste giving proper service they charged extra money from staff.poor management.For  location like punjagutta,this hotel service  is not suitable",1,3 months ago,Google,Central Hyderabad
Treebo Destination Inn,ChkImKma-czh8qBOGg0vZy8xMXNocWdtYnFrEAE,Hyderabad,"Latitude: 17.4247863, Longitude: 78.4485921",2047.0,3-star hotel,4.4,708,Breakfast ($) | Free Wi-Fi | Free parking | Room service | Accessible,Good costomer service,5,4 months ago,Google,Central Hyderabad
Treebo Destination Inn,ChkImKma-czh8qBOGg0vZy8xMXNocWdtYnFrEAE,Hyderabad,"Latitude: 17.4247863, Longitude: 78.4485921",2047.0,3-star hotel,4.4,708,Breakfast ($) | Free Wi-Fi | Free parking | Room service | Accessible,Thank you for the service,5,4 months ago,Google,Central Hyderabad
Treebo Destination Inn,ChkImKma-czh8qBOGg0vZy8xMXNocWdtYnFrEAE,Hyderabad,"Latitude: 17.4247863, Longitude: 78.4485921",2047.0,3-star hotel,4.4,708,Breakfast ($) | Free Wi-Fi | Free parking | Room service | Accessible,"Rooms are good. But water leakage from AC. Worst response from the management.
Even they are not even ready to listen the complaint.
Worest experience ever.
@ treebo
while check-in time itself they are telling this is third-party Book so you have to adjust....",1,4 months ago,Google,Central Hyderabad
Hotel Lotus Grand,ChoIrsKc3uCak4zyARoNL2cvMTFsMW53aDJmbRAB,Hyderabad,"Latitude: 17.4327511, Longitude: 78.4464643",1493.0,,4.1,201,,Clean rooms,5,2 weeks ago,Google,Central Hyderabad
Hotel Lotus Grand,ChoIrsKc3uCak4zyARoNL2cvMTFsMW53aDJmbRAB,Hyderabad,"Latitude: 17.4327511, Longitude: 78.4464643",1493.0,,4.1,201,,It was good and comfortable,5,2 weeks ago,Google,Central Hyderabad
Hotel Lotus Grand,ChoIrsKc3uCak4zyARoNL2cvMTFsMW53aDJmbRAB,Hyderabad,"Latitude: 17.4327511, Longitude: 78.4464643",1493.0,,4.1,201,,Narasimha reddy was good he was good at service and advised us city good place,4,2 weeks ago,Google,Central Hyderabad
Hotel Lotus Grand,ChoIrsKc3uCak4zyARoNL2cvMTFsMW53aDJmbRAB,Hyderabad,"Latitude: 17.4327511, Longitude: 78.4464643",1493.0,,4.1,201,,Everything is good..,5,2 weeks ago,Google,Central Hyderabad
Hotel Lotus Grand,ChoIrsKc3uCak4zyARoNL2cvMTFsMW53aDJmbRAB,Hyderabad,"Latitude: 17.4327511, Longitude: 78.4464643",1493.0,,4.1,201,,"Good rooms to stay
Well staff",5,3 weeks ago,Google,Central Hyderabad
Hotel Lotus Grand,ChoIrsKc3uCak4zyARoNL2cvMTFsMW53aDJmbRAB,Hyderabad,"Latitude: 17.4327511, Longitude: 78.4464643",1493.0,,4.1,201,,"GooD Rooms and good service.
Staffs are cooperative.",5,a month ago,Google,Central Hyderabad
Hotel Lotus Grand,ChoIrsKc3uCak4zyARoNL2cvMTFsMW53aDJmbRAB,Hyderabad,"Latitude: 17.4327511, Longitude: 78.4464643",1493.0,,4.1,201,,Good service,5,a month ago,Google,Central Hyderabad
Hotel Lotus Grand,ChoIrsKc3uCak4zyARoNL2cvMTFsMW53aDJmbRAB,Hyderabad,"Latitude: 17.4327511, Longitude: 78.4464643",1493.0,,4.1,201,,Well for leaving,4,a month ago,Google,Central Hyderabad
Hotel Lotus Grand,ChoIrsKc3uCak4zyARoNL2cvMTFsMW53aDJmbRAB,Hyderabad,"Latitude: 17.4327511, Longitude: 78.4464643",1493.0,,4.1,201,,Good place to stay ...,4,a month ago,Google,Central Hyderabad
Hotel Lotus Grand,ChoIrsKc3uCak4zyARoNL2cvMTFsMW53aDJmbRAB,Hyderabad,"Latitude: 17.4327511, Longitude: 78.4464643",1493.0,,4.1,201,,Very good receiving,5,a month ago,Google,Central Hyderabad
Hotel Lotus Grand,ChoIrsKc3uCak4zyARoNL2cvMTFsMW53aDJmbRAB,Hyderabad,"Latitude: 17.4327511, Longitude: 78.4464643",1493.0,,4.1,201,,Good,3,a month ago,Google,Central Hyderabad
Hotel Lotus Grand,ChoIrsKc3uCak4zyARoNL2cvMTFsMW53aDJmbRAB,Hyderabad,"Latitude: 17.4327511, Longitude: 78.4464643",1493.0,,4.1,201,,Nice,5,a month ago,Google,Central Hyderabad
Hotel Lotus Grand,ChoIrsKc3uCak4zyARoNL2cvMTFsMW53aDJmbRAB,Hyderabad,"Latitude: 17.4327511, Longitude: 78.4464643",1493.0,,4.1,201,,The room showed across the apps - online booking apps as well as in the Google map doesn't meet the original look at any way... Bad room comparatively and no cleaning done properly . Wont recommend this stay.,1,a month ago,Google,Central Hyderabad
Hotel Lotus Grand,ChoIrsKc3uCak4zyARoNL2cvMTFsMW53aDJmbRAB,Hyderabad,"Latitude: 17.4327511, Longitude: 78.4464643",1493.0,,4.1,201,,"Very good room .
Sarvice exilent
Resaption is very helped and friendly
Shiva",5,a month ago,Google,Central Hyderabad
Hotel Lotus Grand,ChoIrsKc3uCak4zyARoNL2cvMTFsMW53aDJmbRAB,Hyderabad,"Latitude: 17.4327511, Longitude: 78.4464643",1493.0,,4.1,201,,Good place staying in Hyderabad. Good service by staff.,5,Edited 2 months ago,Google,Central Hyderabad
Hotel Lotus Grand,ChoIrsKc3uCak4zyARoNL2cvMTFsMW53aDJmbRAB,Hyderabad,"Latitude: 17.4327511, Longitude: 78.4464643",1493.0,,4.1,201,,Room service is not good,2,2 months ago,Google,Central Hyderabad
Hotel Lotus Grand,ChoIrsKc3uCak4zyARoNL2cvMTFsMW53aDJmbRAB,Hyderabad,"Latitude: 17.4327511, Longitude: 78.4464643",1493.0,,4.1,201,,"Very Pathetic Service and Room also I had booked 2 rooms online at the Amount 1420 rupees each. After reaching hotel Reception staff was very rude about online booking and they provide rooms after waiting of 55 mins with very bad room I will share room photos along with this review First time room was given without fan ,electric socket not working, without mirror after request they exchanged my room with other one in that room also door locking inside facility was not available and WC toilet 🚽 seat cover broken totally disagree very very bad.
Don't book online room only book the rooms offline after inspecting the room.",1,2 months ago,Google,Central Hyderabad
Hotel Inner Circle,ChgIlMbF_JGB89vOARoLL2cvMXRkejM4Y2MQAQ,Hyderabad,"Latitude: 17.4241132, Longitude: 78.4569356",3529.0,3-star hotel,4.1,3108,Breakfast ($) | Free Wi-Fi | Free parking | Air conditioning | Restaurant | Room service | Airport shuttle | Full-service laundry | Accessible | Business center | Kid-friendly,"The service and hospitality by Rambabu Sir and Ibrahim Ji are simply exceptional! The quality and taste of the food are truly 10/10. ❤️
This is our go-to restaurant, and I wholeheartedly recommend it to everyone. I’ve had my wedding here and have also hosted kitty parties, and every experience has been wonderful.
The food, hospitality, service, and overall experience are simply the best. Highly recommended! ⭐⭐⭐⭐⭐",5,2 weeks ago,Google,Central Hyderabad
Hotel Inner Circle,ChgIlMbF_JGB89vOARoLL2cvMXRkejM4Y2MQAQ,Hyderabad,"Latitude: 17.4241132, Longitude: 78.4569356",3529.0,3-star hotel,4.1,3108,Breakfast ($) | Free Wi-Fi | Free parking | Air conditioning | Restaurant | Room service | Airport shuttle | Full-service laundry | Accessible | Business center | Kid-friendly,Excellent both food and rooms services. Very good staff and service,5,a month ago,Google,Central Hyderabad
Hotel Inner Circle,ChgIlMbF_JGB89vOARoLL2cvMXRkejM4Y2MQAQ,Hyderabad,"Latitude: 17.4241132, Longitude: 78.4569356",3529.0,3-star hotel,4.1,3108,Breakfast ($) | Free Wi-Fi | Free parking | Air conditioning | Restaurant | Room service | Airport shuttle | Full-service laundry | Accessible | Business center | Kid-friendly,"Great Food, Cozy Ambience. Quick Service and one of the best Veg Fine Dining Restaurants in Hyderabad",5,2 months ago,Google,Central Hyderabad
Hotel Inner Circle,ChgIlMbF_JGB89vOARoLL2cvMXRkejM4Y2MQAQ,Hyderabad,"Latitude: 17.4241132, Longitude: 78.4569356",3529.0,3-star hotel,4.1,3108,Breakfast ($) | Free Wi-Fi | Free parking | Air conditioning | Restaurant | Room service | Airport shuttle | Full-service laundry | Accessible | Business center | Kid-friendly,"The restaurant charged separately for onions, which I didn't think was appropriate",4,2 months ago,Google,Central Hyderabad
Hotel Inner Circle,ChgIlMbF_JGB89vOARoLL2cvMXRkejM4Y2MQAQ,Hyderabad,"Latitude: 17.4241132, Longitude: 78.4569356",3529.0,3-star hotel,4.1,3108,Breakfast ($) | Free Wi-Fi | Free parking | Air conditioning | Restaurant | Room service | Airport shuttle | Full-service laundry | Accessible | Business center | Kid-friendly,Its fine,5,3 months ago,Google,Central Hyderabad
Hotel Inner Circle,ChgIlMbF_JGB89vOARoLL2cvMXRkejM4Y2MQAQ,Hyderabad,"Latitude: 17.4241132, Longitude: 78.4569356",3529.0,3-star hotel,4.1,3108,Breakfast ($) | Free Wi-Fi | Free parking | Air conditioning | Restaurant | Room service | Airport shuttle | Full-service laundry | Accessible | Business center | Kid-friendly,Very good hotel all vegetarian 👌 👍 in center of Hyderabad Somajiguda 5 min walk from nearest Metro 🚇. Overall comfortable and wonderful stay.,4,Edited 3 months ago,Google,Central Hyderabad
Hotel Inner Circle,ChgIlMbF_JGB89vOARoLL2cvMXRkejM4Y2MQAQ,Hyderabad,"Latitude: 17.4241132, Longitude: 78.4569356",3529.0,3-star hotel,4.1,3108,Breakfast ($) | Free Wi-Fi | Free parking | Air conditioning | Restaurant | Room service | Airport shuttle | Full-service laundry | Accessible | Business center | Kid-friendly,"Disappointing experience with the restaurant Ice n Spice.
The manager was way too rude to help.
Horrible experience.",1,3 months ago,Google,Central Hyderabad
Hotel Inner Circle,ChgIlMbF_JGB89vOARoLL2cvMXRkejM4Y2MQAQ,Hyderabad,"Latitude: 17.4241132, Longitude: 78.4569356",3529.0,3-star hotel,4.1,3108,Breakfast ($) | Free Wi-Fi | Free parking | Air conditioning | Restaurant | Room service | Airport shuttle | Full-service laundry | Accessible | Business center | Kid-friendly,Ice n spice experience was horrible. The manager was not at all helpful when raised concern. He started arguing rather helping us out. Will never go.,1,3 months ago,Google,Central Hyderabad
Hotel Inner Circle,ChgIlMbF_JGB89vOARoLL2cvMXRkejM4Y2MQAQ,Hyderabad,"Latitude: 17.4241132, Longitude: 78.4569356",3529.0,3-star hotel,4.1,3108,Breakfast ($) | Free Wi-Fi | Free parking | Air conditioning | Restaurant | Room service | Airport shuttle | Full-service laundry | Accessible | Business center | Kid-friendly,"The food of ice n spice was so pathetic,
When addressed the concern the manager response was so rude. I’ve been a fan of there food but now i’ll never eat or order from them.
I suggest please be careful as there service and attitude towards concerns are way below. You’ll regret.",1,3 months ago,Google,Central Hyderabad
hotel milap residency,ChkI38_MusS3q8seGg0vZy8xMXAxMGRoZHl3EAE,Hyderabad,"Latitude: 17.432223200000003, Longitude: 78.4469965",1894.0,,4.4,534,Free Wi-Fi | Free parking | Air conditioning | Room service | Airport shuttle | Full-service laundry,This is a very gd hotel any body can stay… also a budget friendly hotel… I stayed for 6 days … ya I like it,5,a week ago,Google,Central Hyderabad
hotel milap residency,ChkI38_MusS3q8seGg0vZy8xMXAxMGRoZHl3EAE,Hyderabad,"Latitude: 17.432223200000003, Longitude: 78.4469965",1894.0,,4.4,534,Free Wi-Fi | Free parking | Air conditioning | Room service | Airport shuttle | Full-service laundry,"Very old rooms with damp smell and full of cockroaches. Not worthy for the amount.
Hotel must need renovation",2,a month ago,Google,Central Hyderabad
hotel milap residency,ChkI38_MusS3q8seGg0vZy8xMXAxMGRoZHl3EAE,Hyderabad,"Latitude: 17.432223200000003, Longitude: 78.4469965",1894.0,,4.4,534,Free Wi-Fi | Free parking | Air conditioning | Room service | Airport shuttle | Full-service laundry,Okay,3,a month ago,Google,Central Hyderabad
hotel milap residency,ChkI38_MusS3q8seGg0vZy8xMXAxMGRoZHl3EAE,Hyderabad,"Latitude: 17.432223200000003, Longitude: 78.4469965",1894.0,,4.4,534,Free Wi-Fi | Free parking | Air conditioning | Room service | Airport shuttle | Full-service laundry,Excellent  hotel I stayed here for 3days that was awesome.. Nice service and clean room thanks for management for kind service.,5,Edited a month ago,Google,Central Hyderabad
hotel milap residency,ChkI38_MusS3q8seGg0vZy8xMXAxMGRoZHl3EAE,Hyderabad,"Latitude: 17.432223200000003, Longitude: 78.4469965",1894.0,,4.4,534,Free Wi-Fi | Free parking | Air conditioning | Room service | Airport shuttle | Full-service laundry,Beautiful hotel stay safe and enjoy my time all facilities is better than othe superb,5,Edited a month ago,Google,Central Hyderabad
hotel milap residency,ChkI38_MusS3q8seGg0vZy8xMXAxMGRoZHl3EAE,Hyderabad,"Latitude: 17.432223200000003, Longitude: 78.4469965",1894.0,,4.4,534,Free Wi-Fi | Free parking | Air conditioning | Room service | Airport shuttle | Full-service laundry,Best property,5,a month ago,Google,Central Hyderabad
hotel milap residency,ChkI38_MusS3q8seGg0vZy8xMXAxMGRoZHl3EAE,Hyderabad,"Latitude: 17.432223200000003, Longitude: 78.4469965",1894.0,,4.4,534,Free Wi-Fi | Free parking | Air conditioning | Room service | Airport shuttle | Full-service laundry,Worst Hotel Don't have Rooms Clean Hygenic Staff Behaviour Was very very Worst Don't Responding If Any one Wants some Things Some More Insects Rooms Are Very very Worst Don't Visit Hotel Milap Time waste And Money waste ....!,1,a month ago,Google,Central Hyderabad
hotel milap residency,ChkI38_MusS3q8seGg0vZy8xMXAxMGRoZHl3EAE,Hyderabad,"Latitude: 17.432223200000003, Longitude: 78.4469965",1894.0,,4.4,534,Free Wi-Fi | Free parking | Air conditioning | Room service | Airport shuttle | Full-service laundry,"We worked with Max Final Year Projects for our final year project, and it was an awesome time. The trainers clarified things exceptionally clearly, and we learned a lot. They were exceptionally quiet and helped us at whatever point we had questions. I'm truly happy we chose them, and I feel ready to show our work. It was a fun learning experience! I believe this project will help me in my future studies and career.",5,2 months ago,Google,Central Hyderabad
hotel milap residency,ChkI38_MusS3q8seGg0vZy8xMXAxMGRoZHl3EAE,Hyderabad,"Latitude: 17.432223200000003, Longitude: 78.4469965",1894.0,,4.4,534,Free Wi-Fi | Free parking | Air conditioning | Room service | Airport shuttle | Full-service laundry,Nuce room for bachelores or group of men,5,2 months ago,Google,Central Hyderabad
hotel milap residency,ChkI38_MusS3q8seGg0vZy8xMXAxMGRoZHl3EAE,Hyderabad,"Latitude: 17.432223200000003, Longitude: 78.4469965",1894.0,,4.4,534,Free Wi-Fi | Free parking | Air conditioning | Room service | Airport shuttle | Full-service laundry,Adjustable Facility,4,3 months ago,Google,Central Hyderabad
hotel milap residency,ChkI38_MusS3q8seGg0vZy8xMXAxMGRoZHl3EAE,Hyderabad,"Latitude: 17.432223200000003, Longitude: 78.4469965",1894.0,,4.4,534,Free Wi-Fi | Free parking | Air conditioning | Room service | Airport shuttle | Full-service laundry,"The room was decent, clean, and comfortable for a short stay. The bed was good, the AC worked properly, and overall the room provided a comfortable experience. The bathroom was functional, though it could be maintained a little better as there was occasionally a slight smell. Outside food is also allowed.Zomato, Swiggy,eatclub, can give you doorstep delivery.Apart from that, the room was satisfactory and offered good value for the price.
The location is one of the biggest advantages of this hotel. It has good connectivity to public transport, with Ameerpet Metro Station nearby, where both the Red Line and Blue Line of Hyderabad Metro connect, making travel across the city very convenient. The nearby bus stand and local transport options are also easily accessible. Restaurants, shops, and other daily necessities are available within walking distance.
The staff was polite and helpful, and the overall stay was smooth and hassle-free. While this is not a luxury property, it is a good budget-friendly option for business travelers and tourists looking for a convenient location and a comfortable stay. Would consider staying here again. 👍🏻",4,3 months ago,Google,Central Hyderabad
hotel milap residency,ChkI38_MusS3q8seGg0vZy8xMXAxMGRoZHl3EAE,Hyderabad,"Latitude: 17.432223200000003, Longitude: 78.4469965",1894.0,,4.4,534,Free Wi-Fi | Free parking | Air conditioning | Room service | Airport shuttle | Full-service laundry,"That room photo was taken while checkout, overall hotel was good , ver convenient location",4,4 months ago,Google,Central Hyderabad
hotel milap residency,ChkI38_MusS3q8seGg0vZy8xMXAxMGRoZHl3EAE,Hyderabad,"Latitude: 17.432223200000003, Longitude: 78.4469965",1894.0,,4.4,534,Free Wi-Fi | Free parking | Air conditioning | Room service | Airport shuttle | Full-service laundry,"Went for official trip and stayed for 7 days the experience was good
Staff behavior was nice
No foods available but quite of option available near the hotels",4,4 months ago,Google,Central Hyderabad
hotel milap residency,ChkI38_MusS3q8seGg0vZy8xMXAxMGRoZHl3EAE,Hyderabad,"Latitude: 17.432223200000003, Longitude: 78.4469965",1894.0,,4.4,534,Free Wi-Fi | Free parking | Air conditioning | Room service | Airport shuttle | Full-service laundry,"Ok, it is not perfect, but what else could you want for 1k per night, and the dude on reception was so nice he was literally awake till 2am to let me check into the room, the ac works, the washroom had some privacy issues due to unfortunate exhaust fan placement and a small cockroach, otw the stay was comfortable, great sleep, recharged my phone and powerbank",4,4 months ago,Google,Central Hyderabad
hotel milap residency,ChkI38_MusS3q8seGg0vZy8xMXAxMGRoZHl3EAE,Hyderabad,"Latitude: 17.432223200000003, Longitude: 78.4469965",1894.0,,4.4,534,Free Wi-Fi | Free parking | Air conditioning | Room service | Airport shuttle | Full-service laundry,"AC is not working properly,",3,5 months ago,Google,Central Hyderabad
HOTEL BPR RESIDENCY,ChkIrajMvJHOq7FAGg0vZy8xMXpiMjR4Z3YxEAE,Hyderabad,"Latitude: 17.4237395, Longitude: 78.4587663",1173.0,,4.6,26,Free Wi-Fi | Free parking | Air conditioning | Room service | Airport shuttle | Full-service laundry | Accessible | Smoke-free property,Great place for Stay & Good Rooms & Good Service,5,2 months ago,Google,Central Hyderabad
HOTEL BPR RESIDENCY,ChkIrajMvJHOq7FAGg0vZy8xMXpiMjR4Z3YxEAE,Hyderabad,"Latitude: 17.4237395, Longitude: 78.4587663",1173.0,,4.6,26,Free Wi-Fi | Free parking | Air conditioning | Room service | Airport shuttle | Full-service laundry | Accessible | Smoke-free property,Nice hotel. Very helpfull staff. In this location this one only neat and clean and budget friendly.,5,3 months ago,Google,Central Hyderabad
HOTEL BPR RESIDENCY,ChkIrajMvJHOq7FAGg0vZy8xMXpiMjR4Z3YxEAE,Hyderabad,"Latitude: 17.4237395, Longitude: 78.4587663",1173.0,,4.6,26,Free Wi-Fi | Free parking | Air conditioning | Room service | Airport shuttle | Full-service laundry | Accessible | Smoke-free property,Worstttt ....,1,3 months ago,Google,Central Hyderabad
HOTEL BPR RESIDENCY,ChkIrajMvJHOq7FAGg0vZy8xMXpiMjR4Z3YxEAE,Hyderabad,"Latitude: 17.4237395, Longitude: 78.4587663",1173.0,,4.6,26,Free Wi-Fi | Free parking | Air conditioning | Room service | Airport shuttle | Full-service laundry | Accessible | Smoke-free property,Neat  and clean. Hospitality services is good. Near to hospital and in budget with decent.,5,Edited 3 months ago,Google,Central Hyderabad
HOTEL BPR RESIDENCY,ChkIrajMvJHOq7FAGg0vZy8xMXpiMjR4Z3YxEAE,Hyderabad,"Latitude: 17.4237395, Longitude: 78.4587663",1173.0,,4.6,26,Free Wi-Fi | Free parking | Air conditioning | Room service | Airport shuttle | Full-service laundry | Accessible | Smoke-free property,Good service and aminity,5,3 months ago,Google,Central Hyderabad
HOTEL BPR RESIDENCY,ChkIrajMvJHOq7FAGg0vZy8xMXpiMjR4Z3YxEAE,Hyderabad,"Latitude: 17.4237395, Longitude: 78.4587663",1173.0,,4.6,26,Free Wi-Fi | Free parking | Air conditioning | Room service | Airport shuttle | Full-service laundry | Accessible | Smoke-free property,Excellent ambience hotel,5,3 months ago,Google,Central Hyderabad
HOTEL BPR RESIDENCY,ChkIrajMvJHOq7FAGg0vZy8xMXpiMjR4Z3YxEAE,Hyderabad,"Latitude: 17.4237395, Longitude: 78.4587663",1173.0,,4.6,26,Free Wi-Fi | Free parking | Air conditioning | Room service | Airport shuttle | Full-service laundry | Accessible | Smoke-free property,Budget friendly and Decent Hotel.,4,3 months ago,Google,Central Hyderabad
HOTEL BPR RESIDENCY,ChkIrajMvJHOq7FAGg0vZy8xMXpiMjR4Z3YxEAE,Hyderabad,"Latitude: 17.4237395, Longitude: 78.4587663",1173.0,,4.6,26,Free Wi-Fi | Free parking | Air conditioning | Room service | Airport shuttle | Full-service laundry | Accessible | Smoke-free property,"Hygienic rooms and affordable price.
Best hotel near somajiguda",5,3 months ago,Google,Central Hyderabad
HOTEL BPR RESIDENCY,ChkIrajMvJHOq7FAGg0vZy8xMXpiMjR4Z3YxEAE,Hyderabad,"Latitude: 17.4237395, Longitude: 78.4587663",1173.0,,4.6,26,Free Wi-Fi | Free parking | Air conditioning | Room service | Airport shuttle | Full-service laundry | Accessible | Smoke-free property,"⭐⭐⭐⭐⭐ 5/5
Had a very comfortable and pleasant stay at BPR Residency. The rooms were neat and well maintained, especially the staff was polite and supportive and the overall service was excellent. The location is convenient and the stay was value for money. Check-in and check-out process was smooth. Would definitely recommend this hotel for both family and business stays.”",5,4 months ago,Google,Central Hyderabad
HOTEL BPR RESIDENCY,ChkIrajMvJHOq7FAGg0vZy8xMXpiMjR4Z3YxEAE,Hyderabad,"Latitude: 17.4237395, Longitude: 78.4587663",1173.0,,4.6,26,Free Wi-Fi | Free parking | Air conditioning | Room service | Airport shuttle | Full-service laundry | Accessible | Smoke-free property,Best place for stay,5,4 months ago,Google,Central Hyderabad
HOTEL BPR RESIDENCY,ChkIrajMvJHOq7FAGg0vZy8xMXpiMjR4Z3YxEAE,Hyderabad,"Latitude: 17.4237395, Longitude: 78.4587663",1173.0,,4.6,26,Free Wi-Fi | Free parking | Air conditioning | Room service | Airport shuttle | Full-service laundry | Accessible | Smoke-free property,BPR Residency good and comfortable rooms good ventilation good price in surrounding areas .,5,4 months ago,Google,Central Hyderabad
HOTEL BPR RESIDENCY,ChkIrajMvJHOq7FAGg0vZy8xMXpiMjR4Z3YxEAE,Hyderabad,"Latitude: 17.4237395, Longitude: 78.4587663",1173.0,,4.6,26,Free Wi-Fi | Free parking | Air conditioning | Room service | Airport shuttle | Full-service laundry | Accessible | Smoke-free property,"Prime location, Service is very good.
Rooms are very clean and had comfortable stay.",5,4 months ago,Google,Central Hyderabad
HOTEL BPR RESIDENCY,ChkIrajMvJHOq7FAGg0vZy8xMXpiMjR4Z3YxEAE,Hyderabad,"Latitude: 17.4237395, Longitude: 78.4587663",1173.0,,4.6,26,Free Wi-Fi | Free parking | Air conditioning | Room service | Airport shuttle | Full-service laundry | Accessible | Smoke-free property,"(Translated by Google) Honestly one of the best stays, Ambience chaaala baaagundi, rooms super clean, staff very friendly, malli hydrabad vachina ikkade stay chestha.
(Original)
Honestly one of the best stays, Ambience chaaala baaagundi ,rooms super clean,staff very friendly ,malli hydrabad vachina ikkade stay chestha.",5,4 months ago,Google,Central Hyderabad
HOTEL BPR RESIDENCY,ChkIrajMvJHOq7FAGg0vZy8xMXpiMjR4Z3YxEAE,Hyderabad,"Latitude: 17.4237395, Longitude: 78.4587663",1173.0,,4.6,26,Free Wi-Fi | Free parking | Air conditioning | Room service | Airport shuttle | Full-service laundry | Accessible | Smoke-free property,Very clean and neat hotel,5,4 months ago,Google,Central Hyderabad
Hotel Kinara Grand,ChoIyMjc6-zmssnAARoNL2cvMTF3ZzJqMjhoNhAB,Hyderabad,"Latitude: 17.430275, Longitude: 78.44908",3807.0,,4.4,407,,"The room was clean, comfortable, well-maintained, and had all the necessary amenities for a pleasant stay. The room service was excellent, with quick responses, polite staff, and timely delivery of orders. The food was fresh and well-presented, and the overall service was very professional. I truly enjoyed my stay and would definitely recommend this hotel to others looking for a comfortable and relaxing experience.",5,Edited 3 days ago,Google,Central Hyderabad
Hotel Kinara Grand,ChoIyMjc6-zmssnAARoNL2cvMTF3ZzJqMjhoNhAB,Hyderabad,"Latitude: 17.430275, Longitude: 78.44908",3807.0,,4.4,407,,"Tired of writing reviews time and again but good things need better recognition.  They are verymuch deserving the good review. 'cause, i stay very frequently,  every week precisely... Home nxt Home That is Kinara Grand Ameerpet,  If you think of Hyderabad,  Book Your room at Kinara Grand Ameerpet,  Great Food, Great Hospitality, Great Staff..WoW...",5,Edited 4 days ago,Google,Central Hyderabad
Hotel Kinara Grand,ChoIyMjc6-zmssnAARoNL2cvMTF3ZzJqMjhoNhAB,Hyderabad,"Latitude: 17.430275, Longitude: 78.44908",3807.0,,4.4,407,,"Not sure about rooms but the food tastes very poor , no salt , no spuce no aroma for biryani. Service at restaurant is poor all locals no dedication, no respect for customers",1,4 days ago,Google,Central Hyderabad
Hotel Kinara Grand,ChoIyMjc6-zmssnAARoNL2cvMTF3ZzJqMjhoNhAB,Hyderabad,"Latitude: 17.430275, Longitude: 78.44908",3807.0,,4.4,407,,"Good experience
Nice and beautiful staff",5,a week ago,Google,Central Hyderabad
Hotel Kinara Grand,ChoIyMjc6-zmssnAARoNL2cvMTF3ZzJqMjhoNhAB,Hyderabad,"Latitude: 17.430275, Longitude: 78.44908",3807.0,,4.4,407,,"Good to stay at reasonable price
.location is good..Can communicate easily to all corner of hyderbad",5,2 weeks ago,Google,Central Hyderabad
Hotel Kinara Grand,ChoIyMjc6-zmssnAARoNL2cvMTF3ZzJqMjhoNhAB,Hyderabad,"Latitude: 17.430275, Longitude: 78.44908",3807.0,,4.4,407,,Overall good,4,2 weeks ago,Google,Central Hyderabad
Hotel Kinara Grand,ChoIyMjc6-zmssnAARoNL2cvMTF3ZzJqMjhoNhAB,Hyderabad,"Latitude: 17.430275, Longitude: 78.44908",3807.0,,4.4,407,,Nice,5,3 weeks ago,Google,Central Hyderabad
Hotel Kinara Grand,ChoIyMjc6-zmssnAARoNL2cvMTF3ZzJqMjhoNhAB,Hyderabad,"Latitude: 17.430275, Longitude: 78.44908",3807.0,,4.4,407,,Excellent ambiance for corporate meetings,4,3 weeks ago,Google,Central Hyderabad
Hotel Kinara Grand,ChoIyMjc6-zmssnAARoNL2cvMTF3ZzJqMjhoNhAB,Hyderabad,"Latitude: 17.430275, Longitude: 78.44908",3807.0,,4.4,407,,"Spacious, neet and tidy rooms, good room service, tasty food and very pleasing staffs, totally satisfied",5,3 weeks ago,Google,Central Hyderabad
Hotel Kinara Grand,ChoIyMjc6-zmssnAARoNL2cvMTF3ZzJqMjhoNhAB,Hyderabad,"Latitude: 17.430275, Longitude: 78.44908",3807.0,,4.4,407,,Excellent food,5,3 weeks ago,Google,Central Hyderabad
Hotel Kinara Grand,ChoIyMjc6-zmssnAARoNL2cvMTF3ZzJqMjhoNhAB,Hyderabad,"Latitude: 17.430275, Longitude: 78.44908",3807.0,,4.4,407,,"Very good atmosphere,food,services, accomodation",5,3 weeks ago,Google,Central Hyderabad
Katriya Hotel & Towers,ChkI9JayhfCIzNzAARoML2cvMXB0eTYxM3diEAE,Hyderabad,"Latitude: 17.4247838, Longitude: 78.4594924",3360.0,3-star hotel,3.5,12731,Free breakfast | Free Wi-Fi | Free parking | Air conditioning | Restaurant | Room service | Airport shuttle | Full-service laundry | Accessible | Kid-friendly,"Worst hotel in hyderabad ,rooms were not clean literally cockroaches were roming near",1,4 days ago,Google,Central Hyderabad
Katriya Hotel & Towers,ChkI9JayhfCIzNzAARoML2cvMXB0eTYxM3diEAE,Hyderabad,"Latitude: 17.4247838, Longitude: 78.4594924",3360.0,3-star hotel,3.5,12731,Free breakfast | Free Wi-Fi | Free parking | Air conditioning | Restaurant | Room service | Airport shuttle | Full-service laundry | Accessible | Kid-friendly,"This place doesn’t even deserve one start but that is the lowest rating available to give. Right from poorly designed hotel wasting a lot of area to extremely dirty interiors. No cleanliness of any kind. The air inside is stinky and smells like a public washroom. The rooms are worse, dirty and smell like the drainage is overflowing. The water bottle provided had mold growing under the cap. When the management is struggling to maintain the hotel, why even keep it open and in business and have fake high reviews? In this day and age where there are long-stay, service apartments and AirBnBs, this hotel is straight up looting people with utilities, facilities and service that is not worth what they are charging.",1,5 days ago,Google,Central Hyderabad
Katriya Hotel & Towers,ChkI9JayhfCIzNzAARoML2cvMXB0eTYxM3diEAE,Hyderabad,"Latitude: 17.4247838, Longitude: 78.4594924",3360.0,3-star hotel,3.5,12731,Free breakfast | Free Wi-Fi | Free parking | Air conditioning | Restaurant | Room service | Airport shuttle | Full-service laundry | Accessible | Kid-friendly,"The manager pictured  elsewhere in these reviews is a shameless individual who has no qualms in providing rude comments to guests of the hotel. This individual, as a manager, failed to address concerns about how their card readers were declining international cards, blamed the guests and refused to refund cancellation amount after engaging in a verbal fight with paying customers. Avoid this hotel.",1,a week ago,Google,Central Hyderabad
Katriya Hotel & Towers,ChkI9JayhfCIzNzAARoML2cvMXB0eTYxM3diEAE,Hyderabad,"Latitude: 17.4247838, Longitude: 78.4594924",3360.0,3-star hotel,3.5,12731,Free breakfast | Free Wi-Fi | Free parking | Air conditioning | Restaurant | Room service | Airport shuttle | Full-service laundry | Accessible | Kid-friendly,"One off the worst hotels in Hyderabad , AC is not working properly, rooms r not clean",1,a week ago,Google,Central Hyderabad
Katriya Hotel & Towers,ChkI9JayhfCIzNzAARoML2cvMXB0eTYxM3diEAE,Hyderabad,"Latitude: 17.4247838, Longitude: 78.4594924",3360.0,3-star hotel,3.5,12731,Free breakfast | Free Wi-Fi | Free parking | Air conditioning | Restaurant | Room service | Airport shuttle | Full-service laundry | Accessible | Kid-friendly,Average,3,a week ago,Google,Central Hyderabad
Katriya Hotel & Towers,ChkI9JayhfCIzNzAARoML2cvMXB0eTYxM3diEAE,Hyderabad,"Latitude: 17.4247838, Longitude: 78.4594924",3360.0,3-star hotel,3.5,12731,Free breakfast | Free Wi-Fi | Free parking | Air conditioning | Restaurant | Room service | Airport shuttle | Full-service laundry | Accessible | Kid-friendly,"Ewwwwwwwwwww 🤮🤮🤢🤢🤢.
It was public restroom more than a hotel.
Where you pay at the entrance and spend money to hault at dirty place for some time. 🤬🤬",1,a week ago,Google,Central Hyderabad
Katriya Hotel & Towers,ChkI9JayhfCIzNzAARoML2cvMXB0eTYxM3diEAE,Hyderabad,"Latitude: 17.4247838, Longitude: 78.4594924",3360.0,3-star hotel,3.5,12731,Free breakfast | Free Wi-Fi | Free parking | Air conditioning | Restaurant | Room service | Airport shuttle | Full-service laundry | Accessible | Kid-friendly,Don't go guys. I recently visited with my family. Dirty Rooms with cigarette smog . No basic facilities. Washroom locks were broken. No handwash placed in washroom.,1,a week ago,Google,Central Hyderabad
Katriya Hotel & Towers,ChkI9JayhfCIzNzAARoML2cvMXB0eTYxM3diEAE,Hyderabad,"Latitude: 17.4247838, Longitude: 78.4594924",3360.0,3-star hotel,3.5,12731,Free breakfast | Free Wi-Fi | Free parking | Air conditioning | Restaurant | Room service | Airport shuttle | Full-service laundry | Accessible | Kid-friendly,"Absolutely terrible experience. I would strongly advise people to avoid this hotel.
The service was extremely poor, with no sense of hospitality. The staff were rude, unhelpful, and lacked basic courtesy toward guests.
The rooms were dirty and poorly maintained, which is completely unacceptable. On top of that, I was charged extra money that was not returned, despite raising the issue.
The swimming pool was another major disappointment. After jumping into the pool, my eyes started irritating badly, which raised serious concerns about the cleanliness and maintenance of the pool. The hotel should be paying proper attention to pool hygiene and water quality.
Overall, a very frustrating and disappointing stay. Poor service, poor cleanliness, poor hospitality, and concerns about pool maintenance.
Think twice before booking this hotel.",1,a week ago,Google,Central Hyderabad
Katriya Hotel & Towers,ChkI9JayhfCIzNzAARoML2cvMXB0eTYxM3diEAE,Hyderabad,"Latitude: 17.4247838, Longitude: 78.4594924",3360.0,3-star hotel,3.5,12731,Free breakfast | Free Wi-Fi | Free parking | Air conditioning | Restaurant | Room service | Airport shuttle | Full-service laundry | Accessible | Kid-friendly,"Hello, had my stay at katriya hotel hyderabad this entire week, and would like to say that every expect of hotel is such wonderful, ambience, staff, hygine and culture is so well maintained, it feels like value for money and worth a stay at this hotel..special appriciate of their receipt ion staff Shradha and Varsha, who assisted the guest so well and gently, kudos to their patience and services, their happy face would make ur morning more energetic..must visit place, family would love to stay..five stars from my side..looking forward..🎖️🎖️🎖️🎖️🎖️",5,2 weeks ago,Google,Central Hyderabad
Katriya Hotel & Towers,ChkI9JayhfCIzNzAARoML2cvMXB0eTYxM3diEAE,Hyderabad,"Latitude: 17.4247838, Longitude: 78.4594924",3360.0,3-star hotel,3.5,12731,Free breakfast | Free Wi-Fi | Free parking | Air conditioning | Restaurant | Room service | Airport shuttle | Full-service laundry | Accessible | Kid-friendly,"The worst experience I have ever had; I would not recommend it to anyone, even if it were offered for free.",1,2 weeks ago,Google,Central Hyderabad
Katriya Hotel & Towers,ChkI9JayhfCIzNzAARoML2cvMXB0eTYxM3diEAE,Hyderabad,"Latitude: 17.4247838, Longitude: 78.4594924",3360.0,3-star hotel,3.5,12731,Free breakfast | Free Wi-Fi | Free parking | Air conditioning | Restaurant | Room service | Airport shuttle | Full-service laundry | Accessible | Kid-friendly,"Don’t be misled by the images posted online. This is not a 3-star property in terms of its current condition. The hotel is quite old and poorly maintained. I booked it mainly because of its convenient location and easy access to nearby places, but I honestly regret the decision.
If cleanliness, maintenance, and peace of mind are important to you, I would recommend looking for another property.
The worst part of my experience was the room service. The staff were extremely rude and unprofessional. I ordered a tea and a sandwich worth around ₹500, but I was not in the room at the time—only my mother was there. The staff member started arguing with her and insisted that the payment had to be made immediately. My mother politely explained that I would be back in a few minutes and would make the payment, but he continued arguing as if we were going to disappear over a ₹500 bill.
This kind of behaviour is completely unacceptable in a hotel, especially when dealing with guests and their family members. Overall, the poor maintenance and rude service made the stay very disappointing. I would recommend choosing another hotel if you want a clean, comfortable, and hassle-free stay.",1,3 weeks ago,Google,Central Hyderabad
Katriya Hotel & Towers,ChkI9JayhfCIzNzAARoML2cvMXB0eTYxM3diEAE,Hyderabad,"Latitude: 17.4247838, Longitude: 78.4594924",3360.0,3-star hotel,3.5,12731,Free breakfast | Free Wi-Fi | Free parking | Air conditioning | Restaurant | Room service | Airport shuttle | Full-service laundry | Accessible | Kid-friendly,"Photos on google misguide the people. property is very old and not maintained. Very Poor hygiene, you see hair on bathroom jaali and cigarette in room when you check in the room. Giving 1 star just because you find everything nearby. Otherwise I would give minus marking",1,3 weeks ago,Google,Central Hyderabad
Katriya Hotel & Towers,ChkI9JayhfCIzNzAARoML2cvMXB0eTYxM3diEAE,Hyderabad,"Latitude: 17.4247838, Longitude: 78.4594924",3360.0,3-star hotel,3.5,12731,Free breakfast | Free Wi-Fi | Free parking | Air conditioning | Restaurant | Room service | Airport shuttle | Full-service laundry | Accessible | Kid-friendly,Tasty food,5,Edited 3 weeks ago,Google,Central Hyderabad
Katriya Hotel & Towers,ChkI9JayhfCIzNzAARoML2cvMXB0eTYxM3diEAE,Hyderabad,"Latitude: 17.4247838, Longitude: 78.4594924",3360.0,3-star hotel,3.5,12731,Free breakfast | Free Wi-Fi | Free parking | Air conditioning | Restaurant | Room service | Airport shuttle | Full-service laundry | Accessible | Kid-friendly,Photos on google misguide people. Rooms and bathrooms are very dirty and stinking. There is no hygiene. No staff service. Staff is vert less. Breakfast is also not good. You find cigarates and hair in bathroom when you check in the room. I am uploading photos for the same.,1,4 weeks ago,Google,Central Hyderabad
Katriya Hotel & Towers,ChkI9JayhfCIzNzAARoML2cvMXB0eTYxM3diEAE,Hyderabad,"Latitude: 17.4247838, Longitude: 78.4594924",3360.0,3-star hotel,3.5,12731,Free breakfast | Free Wi-Fi | Free parking | Air conditioning | Restaurant | Room service | Airport shuttle | Full-service laundry | Accessible | Kid-friendly,Nice business hotel,4,a month ago,Google,Central Hyderabad
Katriya Hotel & Towers,ChkI9JayhfCIzNzAARoML2cvMXB0eTYxM3diEAE,Hyderabad,"Latitude: 17.4247838, Longitude: 78.4594924",3360.0,3-star hotel,3.5,12731,Free breakfast | Free Wi-Fi | Free parking | Air conditioning | Restaurant | Room service | Airport shuttle | Full-service laundry | Accessible | Kid-friendly,Nice Property,5,a month ago,Google,Central Hyderabad
Katriya Hotel & Towers,ChkI9JayhfCIzNzAARoML2cvMXB0eTYxM3diEAE,Hyderabad,"Latitude: 17.4247838, Longitude: 78.4594924",3360.0,3-star hotel,3.5,12731,Free breakfast | Free Wi-Fi | Free parking | Air conditioning | Restaurant | Room service | Airport shuttle | Full-service laundry | Accessible | Kid-friendly,"It was one of the worst experience from hospitality point of view. Worst management. No one understands how to deal customer. No feedback or any assistance received from hotel.
1. Bathroom locks were broken.
2. No filtered drinking water provided
3. Swimming pool water was dirty. My eyes started burning as I entered the water.
4. Single lift was working. Took lot of time just to go up and down.
5. No hospitality manners.
6. Charged extra money at checkout. And when I brought into attention, promoised to return money, but they did not do that.
7. Looted my money.
8. Location is like hell. U feel like entered into slum area.
9. Food was the only part which is appreciable.
10. I would rate 1/10, so don't visit guys.",1,a month ago,Google,Central Hyderabad
Katriya Hotel & Towers,ChkI9JayhfCIzNzAARoML2cvMXB0eTYxM3diEAE,Hyderabad,"Latitude: 17.4247838, Longitude: 78.4594924",3360.0,3-star hotel,3.5,12731,Free breakfast | Free Wi-Fi | Free parking | Air conditioning | Restaurant | Room service | Airport shuttle | Full-service laundry | Accessible | Kid-friendly,"Nightmare washrooms, hair on bedsheets, old towels and crap food.",1,a month ago,Google,Central Hyderabad
Hotel Grandeur,ChkI2e79hN684bcjGg0vZy8xMWR4ZDlycXF4EAE,Hyderabad,"Latitude: 17.4325354, Longitude: 78.445981",2625.0,,3.0,65,Free breakfast | Wi-Fi | Parking | Air conditioning | Restaurant | Room service | Kitchen in some rooms | Airport shuttle | Full-service laundry | Kid-friendly,"Don’t waste money ,it’s worst hotel and maintains all",1,3 weeks ago,Google,Central Hyderabad
Hotel Grandeur,ChkI2e79hN684bcjGg0vZy8xMWR4ZDlycXF4EAE,Hyderabad,"Latitude: 17.4325354, Longitude: 78.445981",2625.0,,3.0,65,Free breakfast | Wi-Fi | Parking | Air conditioning | Restaurant | Room service | Kitchen in some rooms | Airport shuttle | Full-service laundry | Kid-friendly,Worst restaurant. No proper response from the waiters you have to wait so long for someone to pic your order and it takes ages to serve you the order.,1,5 months ago,Google,Central Hyderabad
Hotel Grandeur,ChkI2e79hN684bcjGg0vZy8xMWR4ZDlycXF4EAE,Hyderabad,"Latitude: 17.4325354, Longitude: 78.445981",2625.0,,3.0,65,Free breakfast | Wi-Fi | Parking | Air conditioning | Restaurant | Room service | Kitchen in some rooms | Airport shuttle | Full-service laundry | Kid-friendly,"No taste at all, worst",1,7 months ago,Google,Central Hyderabad
Hotel Grandeur,ChkI2e79hN684bcjGg0vZy8xMWR4ZDlycXF4EAE,Hyderabad,"Latitude: 17.4325354, Longitude: 78.445981",2625.0,,3.0,65,Free breakfast | Wi-Fi | Parking | Air conditioning | Restaurant | Room service | Kitchen in some rooms | Airport shuttle | Full-service laundry | Kid-friendly,"This doesn't even deserve one star. Such a worst hotel. They are least bothered about the business. The owner is rich and for him this hotel is just an slow- money making machine. Even 10k a month is a huge profit for them as this a they ancestral property. So, they are okay with worst customer experience -They are okay even if customers don't visit again and again.
I got a premium room for 2500 and the washroom was terrible. The drain was clogging. N the look and the bedsheets were torn. The boy was not available properly. Towels were not given. It was like a den",1,11 months ago,Google,Central Hyderabad
Hotel Grandeur,ChkI2e79hN684bcjGg0vZy8xMWR4ZDlycXF4EAE,Hyderabad,"Latitude: 17.4325354, Longitude: 78.445981",2625.0,,3.0,65,Free breakfast | Wi-Fi | Parking | Air conditioning | Restaurant | Room service | Kitchen in some rooms | Airport shuttle | Full-service laundry | Kid-friendly,It is a good restaurant,5,a year ago,Google,Central Hyderabad
Hotel Grandeur,ChkI2e79hN684bcjGg0vZy8xMWR4ZDlycXF4EAE,Hyderabad,"Latitude: 17.4325354, Longitude: 78.445981",2625.0,,3.0,65,Free breakfast | Wi-Fi | Parking | Air conditioning | Restaurant | Room service | Kitchen in some rooms | Airport shuttle | Full-service laundry | Kid-friendly,Very worst hotel where cockroach will stay along with us,1,a year ago,Google,Central Hyderabad
Hotel Grandeur,ChkI2e79hN684bcjGg0vZy8xMWR4ZDlycXF4EAE,Hyderabad,"Latitude: 17.4325354, Longitude: 78.445981",2625.0,,3.0,65,Free breakfast | Wi-Fi | Parking | Air conditioning | Restaurant | Room service | Kitchen in some rooms | Airport shuttle | Full-service laundry | Kid-friendly,Reasonable,4,a year ago,Google,Central Hyderabad
Hotel Grandeur,ChkI2e79hN684bcjGg0vZy8xMWR4ZDlycXF4EAE,Hyderabad,"Latitude: 17.4325354, Longitude: 78.445981",2625.0,,3.0,65,Free breakfast | Wi-Fi | Parking | Air conditioning | Restaurant | Room service | Kitchen in some rooms | Airport shuttle | Full-service laundry | Kid-friendly,Good place to stay in,4,a year ago,Google,Central Hyderabad
Hotel Grandeur,ChkI2e79hN684bcjGg0vZy8xMWR4ZDlycXF4EAE,Hyderabad,"Latitude: 17.4325354, Longitude: 78.445981",2625.0,,3.0,65,Free breakfast | Wi-Fi | Parking | Air conditioning | Restaurant | Room service | Kitchen in some rooms | Airport shuttle | Full-service laundry | Kid-friendly,Very good hotel 🏨,5,a year ago,Google,Central Hyderabad
Hotel Grandeur,ChkI2e79hN684bcjGg0vZy8xMWR4ZDlycXF4EAE,Hyderabad,"Latitude: 17.4325354, Longitude: 78.445981",2625.0,,3.0,65,Free breakfast | Wi-Fi | Parking | Air conditioning | Restaurant | Room service | Kitchen in some rooms | Airport shuttle | Full-service laundry | Kid-friendly,The reception staff is very good but the room is an utter disaster. Old room with broken bathroom.broken floor and loose taps. All these for 2000 rupees,2,2 years ago,Google,Central Hyderabad
Hotel Grandeur,ChkI2e79hN684bcjGg0vZy8xMWR4ZDlycXF4EAE,Hyderabad,"Latitude: 17.4325354, Longitude: 78.445981",2625.0,,3.0,65,Free breakfast | Wi-Fi | Parking | Air conditioning | Restaurant | Room service | Kitchen in some rooms | Airport shuttle | Full-service laundry | Kid-friendly,The worst banquet hall in Hyderabad.,1,2 years ago,Google,Central Hyderabad
Hotel Grandeur,ChkI2e79hN684bcjGg0vZy8xMWR4ZDlycXF4EAE,Hyderabad,"Latitude: 17.4325354, Longitude: 78.445981",2625.0,,3.0,65,Free breakfast | Wi-Fi | Parking | Air conditioning | Restaurant | Room service | Kitchen in some rooms | Airport shuttle | Full-service laundry | Kid-friendly,"Rooms are foul smelling,  wherever you step, there is a crockroch running....reception is too negligent in their service. Not recommend for families.",1,2 years ago,Google,Central Hyderabad
Hotel Grandeur,ChkI2e79hN684bcjGg0vZy8xMWR4ZDlycXF4EAE,Hyderabad,"Latitude: 17.4325354, Longitude: 78.445981",2625.0,,3.0,65,Free breakfast | Wi-Fi | Parking | Air conditioning | Restaurant | Room service | Kitchen in some rooms | Airport shuttle | Full-service laundry | Kid-friendly,Very unhygienic rooms and cockroaches roaming everywhere. Also broken tap and AC remote . atmosphere is also in a alley not recommended .,1,2 years ago,Google,Central Hyderabad
Hotel Grandeur,ChkI2e79hN684bcjGg0vZy8xMWR4ZDlycXF4EAE,Hyderabad,"Latitude: 17.4325354, Longitude: 78.445981",2625.0,,3.0,65,Free breakfast | Wi-Fi | Parking | Air conditioning | Restaurant | Room service | Kitchen in some rooms | Airport shuttle | Full-service laundry | Kid-friendly,"strongly advise against staying at this hotel. The restroom emits a foul odor, the air conditioning is dysfunctional and emits excessive noise. Even if they were offering it for free, would recommend avoiding it. This establishment lacks non-smoking rooms and is exceedingly unclean. Additionally, the windows are broken, and there are no lights in the restroom.",1,2 years ago,Google,Central Hyderabad
Hotel Grandeur,ChkI2e79hN684bcjGg0vZy8xMWR4ZDlycXF4EAE,Hyderabad,"Latitude: 17.4325354, Longitude: 78.445981",2625.0,,3.0,65,Free breakfast | Wi-Fi | Parking | Air conditioning | Restaurant | Room service | Kitchen in some rooms | Airport shuttle | Full-service laundry | Kid-friendly,No polite against customer hotel ambience is good but need some cleanliness in rooms and talking the rules only 2 persons allowed they are saying some other hotels may allow overall bad experience,1,2 years ago,Google,Central Hyderabad
Hotel Grandeur,ChkI2e79hN684bcjGg0vZy8xMWR4ZDlycXF4EAE,Hyderabad,"Latitude: 17.4325354, Longitude: 78.445981",2625.0,,3.0,65,Free breakfast | Wi-Fi | Parking | Air conditioning | Restaurant | Room service | Kitchen in some rooms | Airport shuttle | Full-service laundry | Kid-friendly,"Cockroaches in the room
They have pest control it",1,3 years ago,Google,Central Hyderabad
Hotel Grandeur,ChkI2e79hN684bcjGg0vZy8xMWR4ZDlycXF4EAE,Hyderabad,"Latitude: 17.4325354, Longitude: 78.445981",2625.0,,3.0,65,Free breakfast | Wi-Fi | Parking | Air conditioning | Restaurant | Room service | Kitchen in some rooms | Airport shuttle | Full-service laundry | Kid-friendly,"Room bead box thear cockroach 🪳
No cleaning
Smell on the room
Very very bad
No 👎👎👎👎👎",1,3 years ago,Google,Central Hyderabad
Sucasa Homes,ChoIq6eIwefB3_eaARoNL2cvMTFmbHZydGp2dhAB,Hyderabad,"Latitude: 17.423684899999998, Longitude: 78.4552971",1452.0,,4.3,172,Free Wi-Fi | Free parking | Air conditioning | Pet-friendly | Room service | Kitchen in some rooms | Full-service laundry | Kid-friendly,I stayed at this hotel from 8th June to 20th June ..Super and staff members are very helpful and friendly,5,3 months ago,Google,Central Hyderabad
Sucasa Homes,ChoIq6eIwefB3_eaARoNL2cvMTFmbHZydGp2dhAB,Hyderabad,"Latitude: 17.423684899999998, Longitude: 78.4552971",1452.0,,4.3,172,Free Wi-Fi | Free parking | Air conditioning | Pet-friendly | Room service | Kitchen in some rooms | Full-service laundry | Kid-friendly,"Read this if you want to know my genuine stay experience of 4 days here ❗
We booked a 3bhk house here for 4 days since we were 9 people (3 in each room).
Here are the major issues:
-When I first called them regarding 3bhk room cost, they only mentioned 2k/room, that is 6k/day. But I got to know their actual price for 3bhk is 6720, including taxes, for which they did not even give me tax receipt.
- The road which leads to this property is very narrow and dirty. There also seams to be a sewer smell issue. So while we were in our room, we used to get those dirty stink from the nearby sewer area.
- Out of 3 rooms, 1 room doesn't have attached bathroom, so need to rely on the common bathroom which is in the hall. But the geyser was not working. Even after complaining about electric geyser issues, AC sound in room 2, Water leakage from AC in room 1, the management did not compensate even a single penny by deducting some price in final payment for this. Rather, they just told me that they will get it fixed next.
I wish the management here could have been more customer centric rather than just minting money.",2,4 months ago,Google,Central Hyderabad
Sucasa Homes,ChoIq6eIwefB3_eaARoNL2cvMTFmbHZydGp2dhAB,Hyderabad,"Latitude: 17.423684899999998, Longitude: 78.4552971",1452.0,,4.3,172,Free Wi-Fi | Free parking | Air conditioning | Pet-friendly | Room service | Kitchen in some rooms | Full-service laundry | Kid-friendly,"I,m a car Driver I will check in the room I will say give blanket and tavels he told me hey today not come to landre man i will ask maneger  but he told to some her staff not respond for every one say nigtive vabies",3,8 months ago,Google,Central Hyderabad
Sucasa Homes,ChoIq6eIwefB3_eaARoNL2cvMTFmbHZydGp2dhAB,Hyderabad,"Latitude: 17.423684899999998, Longitude: 78.4552971",1452.0,,4.3,172,Free Wi-Fi | Free parking | Air conditioning | Pet-friendly | Room service | Kitchen in some rooms | Full-service laundry | Kid-friendly,"Perfect stay when coming with family. Staffs are cordial. They give you a full apartment which feels like a home. We got an apartment with living room with sofas, kitchen with fridge and stove, balcony, attach bathroom, dining room with dining table. The only issue was there were little, tiny cockroaches which the staff cleaned after complaining. Highly recommend this place for a peaceful, budget friendly and homely stay.",4,11 months ago,Google,Central Hyderabad
Sucasa Homes,ChoIq6eIwefB3_eaARoNL2cvMTFmbHZydGp2dhAB,Hyderabad,"Latitude: 17.423684899999998, Longitude: 78.4552971",1452.0,,4.3,172,Free Wi-Fi | Free parking | Air conditioning | Pet-friendly | Room service | Kitchen in some rooms | Full-service laundry | Kid-friendly,The serives are very good and very expensive... This type of service i never seen in the past... Very clean and neat rooms near to hospitals... Nice business idea how built-up the plan and running successfully.,5,a year ago,Google,Central Hyderabad
Sucasa Homes,ChoIq6eIwefB3_eaARoNL2cvMTFmbHZydGp2dhAB,Hyderabad,"Latitude: 17.423684899999998, Longitude: 78.4552971",1452.0,,4.3,172,Free Wi-Fi | Free parking | Air conditioning | Pet-friendly | Room service | Kitchen in some rooms | Full-service laundry | Kid-friendly,"It's like a service apartment, with individual rooms in 3bhk flat, with common area.
Room and infra is basic and clean. Inhouse canteen with seating serves limited south indian food. Reception is helpful.
Only concern is accessing the apartment through narrow lane, though uber and cabs reach door step. Covered parking.
It's perfect for short work stays or long stays and safe.",4,a year ago,Google,Central Hyderabad
Sucasa Homes,ChoIq6eIwefB3_eaARoNL2cvMTFmbHZydGp2dhAB,Hyderabad,"Latitude: 17.423684899999998, Longitude: 78.4552971",1452.0,,4.3,172,Free Wi-Fi | Free parking | Air conditioning | Pet-friendly | Room service | Kitchen in some rooms | Full-service laundry | Kid-friendly,Excellent service,5,a year ago,Google,Central Hyderabad
Sucasa Homes,ChoIq6eIwefB3_eaARoNL2cvMTFmbHZydGp2dhAB,Hyderabad,"Latitude: 17.423684899999998, Longitude: 78.4552971",1452.0,,4.3,172,Free Wi-Fi | Free parking | Air conditioning | Pet-friendly | Room service | Kitchen in some rooms | Full-service laundry | Kid-friendly,"Good farm house with a great swimming pool. The cricket turf was cool we played a lot. The location was good to take photos, they have a gazebo with a swing chair.
They have an 8 ball pool as well but the sad part is their cue sticks don't have cue tips, the ones who play 8 ball pool regularly would feel sad but nevermind for fun play. The tabletennis was not at all good.
The food was good, service also was good. I  remember his name was Pankaj who was very humble and helpful.
Oh yah the crazy part is the big screen with a projector, they have an amazon fire stick but we need to sign in with our Amazon account. It was fun.",4,a year ago,Google,Central Hyderabad
Sucasa Homes,ChoIq6eIwefB3_eaARoNL2cvMTFmbHZydGp2dhAB,Hyderabad,"Latitude: 17.423684899999998, Longitude: 78.4552971",1452.0,,4.3,172,Free Wi-Fi | Free parking | Air conditioning | Pet-friendly | Room service | Kitchen in some rooms | Full-service laundry | Kid-friendly,Very good service facilities with reasonable price .,5,a year ago,Google,Central Hyderabad
Sucasa Homes,ChoIq6eIwefB3_eaARoNL2cvMTFmbHZydGp2dhAB,Hyderabad,"Latitude: 17.423684899999998, Longitude: 78.4552971",1452.0,,4.3,172,Free Wi-Fi | Free parking | Air conditioning | Pet-friendly | Room service | Kitchen in some rooms | Full-service laundry | Kid-friendly,Iam satisfied,5,a year ago,Google,Central Hyderabad
Sucasa Homes,ChoIq6eIwefB3_eaARoNL2cvMTFmbHZydGp2dhAB,Hyderabad,"Latitude: 17.423684899999998, Longitude: 78.4552971",1452.0,,4.3,172,Free Wi-Fi | Free parking | Air conditioning | Pet-friendly | Room service | Kitchen in some rooms | Full-service laundry | Kid-friendly,"A/C and TV didn't work and no action taken even after informing
Water dispenser didn't work for hot water, need to go to canteen everytime to get hot water
Water taps leaking all the time and this stay should take action to save water 💧",1,a year ago,Google,Central Hyderabad
Sucasa Homes,ChoIq6eIwefB3_eaARoNL2cvMTFmbHZydGp2dhAB,Hyderabad,"Latitude: 17.423684899999998, Longitude: 78.4552971",1452.0,,4.3,172,Free Wi-Fi | Free parking | Air conditioning | Pet-friendly | Room service | Kitchen in some rooms | Full-service laundry | Kid-friendly,"Echo friendly , Clean n hygienic.  Food also good",5,a year ago,Google,Central Hyderabad
Cosy Banjara,ChkIicHhq_qUp6TSARoML2cvMTJjcG15Nmp0EAE,Hyderabad,"Latitude: 17.4205261, Longitude: 78.45796469999999",1656.0,3-star hotel,4.2,804,Free breakfast | Free Wi-Fi | Free parking | Air conditioning | Restaurant | Room service | Airport shuttle | Full-service laundry | Accessible | Kid-friendly | Smoke-free property,Must visit hotel.. The rooms were very clean and the service was very good.. Just loved it,5,4 days ago,Google,Central Hyderabad
Cosy Banjara,ChkIicHhq_qUp6TSARoML2cvMTJjcG15Nmp0EAE,Hyderabad,"Latitude: 17.4205261, Longitude: 78.45796469999999",1656.0,3-star hotel,4.2,804,Free breakfast | Free Wi-Fi | Free parking | Air conditioning | Restaurant | Room service | Airport shuttle | Full-service laundry | Accessible | Kid-friendly | Smoke-free property,Waste hotel y they r doing business only for married people who's coming to hotels married people they have homes now thn how can,1,5 days ago,Google,Central Hyderabad
Cosy Banjara,ChkIicHhq_qUp6TSARoML2cvMTJjcG15Nmp0EAE,Hyderabad,"Latitude: 17.4205261, Longitude: 78.45796469999999",1656.0,3-star hotel,4.2,804,Free breakfast | Free Wi-Fi | Free parking | Air conditioning | Restaurant | Room service | Airport shuttle | Full-service laundry | Accessible | Kid-friendly | Smoke-free property,"Very convenient stay. For me it was specially convenient as I was visiting AIG somajiguda. It is a 4 to 5 min walk to the hospital. Also metro station Irrum Manjil is just a walk way.
Just opposite the metro is a shopping Mall with all the available shopping options.
Plus mainly the stay is very comfortable, cosy as the name suggests and also very clean and beautiful.
The staff were friendly and co operative.
Overall it was a very good stay and is a easy recommendation.",5,6 days ago,Google,Central Hyderabad
Cosy Banjara,ChkIicHhq_qUp6TSARoML2cvMTJjcG15Nmp0EAE,Hyderabad,"Latitude: 17.4205261, Longitude: 78.45796469999999",1656.0,3-star hotel,4.2,804,Free breakfast | Free Wi-Fi | Free parking | Air conditioning | Restaurant | Room service | Airport shuttle | Full-service laundry | Accessible | Kid-friendly | Smoke-free property,Helpful staff and good enough rooms.,5,a week ago,Google,Central Hyderabad
Cosy Banjara,ChkIicHhq_qUp6TSARoML2cvMTJjcG15Nmp0EAE,Hyderabad,"Latitude: 17.4205261, Longitude: 78.45796469999999",1656.0,3-star hotel,4.2,804,Free breakfast | Free Wi-Fi | Free parking | Air conditioning | Restaurant | Room service | Airport shuttle | Full-service laundry | Accessible | Kid-friendly | Smoke-free property,Very nice place and the rooms are very neat clean and well maintained and the behaviour of staff are very well,5,Edited a week ago,Google,Central Hyderabad
Cosy Banjara,ChkIicHhq_qUp6TSARoML2cvMTJjcG15Nmp0EAE,Hyderabad,"Latitude: 17.4205261, Longitude: 78.45796469999999",1656.0,3-star hotel,4.2,804,Free breakfast | Free Wi-Fi | Free parking | Air conditioning | Restaurant | Room service | Airport shuttle | Full-service laundry | Accessible | Kid-friendly | Smoke-free property,Nice experience,5,a week ago,Google,Central Hyderabad
Cosy Banjara,ChkIicHhq_qUp6TSARoML2cvMTJjcG15Nmp0EAE,Hyderabad,"Latitude: 17.4205261, Longitude: 78.45796469999999",1656.0,3-star hotel,4.2,804,Free breakfast | Free Wi-Fi | Free parking | Air conditioning | Restaurant | Room service | Airport shuttle | Full-service laundry | Accessible | Kid-friendly | Smoke-free property,Fantastic stay! Extremely clean rooms and wonderful staffs. Hope they keep up the excellent service in the future.,5,Edited 2 weeks ago,Google,Central Hyderabad
Cosy Banjara,ChkIicHhq_qUp6TSARoML2cvMTJjcG15Nmp0EAE,Hyderabad,"Latitude: 17.4205261, Longitude: 78.45796469999999",1656.0,3-star hotel,4.2,804,Free breakfast | Free Wi-Fi | Free parking | Air conditioning | Restaurant | Room service | Airport shuttle | Full-service laundry | Accessible | Kid-friendly | Smoke-free property,"Good stay.. excellent services 👌 👏 👍
Keep it up..",5,2 weeks ago,Google,Central Hyderabad
Cosy Banjara,ChkIicHhq_qUp6TSARoML2cvMTJjcG15Nmp0EAE,Hyderabad,"Latitude: 17.4205261, Longitude: 78.45796469999999",1656.0,3-star hotel,4.2,804,Free breakfast | Free Wi-Fi | Free parking | Air conditioning | Restaurant | Room service | Airport shuttle | Full-service laundry | Accessible | Kid-friendly | Smoke-free property,"Cozy aesthetic stay in heart of the city👀 Nice host and with nice cooperative staff, clean rooms.. you can book without thinking.",5,2 weeks ago,Google,Central Hyderabad
Cosy Banjara,ChkIicHhq_qUp6TSARoML2cvMTJjcG15Nmp0EAE,Hyderabad,"Latitude: 17.4205261, Longitude: 78.45796469999999",1656.0,3-star hotel,4.2,804,Free breakfast | Free Wi-Fi | Free parking | Air conditioning | Restaurant | Room service | Airport shuttle | Full-service laundry | Accessible | Kid-friendly | Smoke-free property,The owner and the staff are very polite and co operative. Best services for food supply also. Location easily accessible from railway stations and good connectivity to airport. Overall very excellent.,5,2 weeks ago,Google,Central Hyderabad
Cosy Banjara,ChkIicHhq_qUp6TSARoML2cvMTJjcG15Nmp0EAE,Hyderabad,"Latitude: 17.4205261, Longitude: 78.45796469999999",1656.0,3-star hotel,4.2,804,Free breakfast | Free Wi-Fi | Free parking | Air conditioning | Restaurant | Room service | Airport shuttle | Full-service laundry | Accessible | Kid-friendly | Smoke-free property,"⭐ Very Disappointing Experience at Cosy Banjara
Unfortunately, my experience at Cosy Banjara was extremely disappointing. The biggest issue was the staff behaviour. The staff were rude, unprofessional, and lacked basic courtesy towards guests.
Instead of making us feel welcome, their attitude made the entire stay uncomfortable. For the price we paid, we expected much better service, hospitality, and respect.
I would not recommend Cosy Banjara to anyone looking for a comfortable stay with good customer service. The management seriously needs to improve the way guests are treated.",1,2 weeks ago,Google,Central Hyderabad
Cosy Banjara,ChkIicHhq_qUp6TSARoML2cvMTJjcG15Nmp0EAE,Hyderabad,"Latitude: 17.4205261, Longitude: 78.45796469999999",1656.0,3-star hotel,4.2,804,Free breakfast | Free Wi-Fi | Free parking | Air conditioning | Restaurant | Room service | Airport shuttle | Full-service laundry | Accessible | Kid-friendly | Smoke-free property,"Very Worst Experience at Cosy Banjara Stay
Very disappointing experience, especially because of the staff behaviour. The staff were rude, unprofessional, and not at all helpful. Their attitude towards guests was very unpleasant and made the stay uncomfortable.
For the price we paid, we expected much better hospitality and respect. I definitely would not recommend this place if you are looking for good service and a welcoming atmosphere.",2,2 weeks ago,Google,Central Hyderabad
Cosy Banjara,ChkIicHhq_qUp6TSARoML2cvMTJjcG15Nmp0EAE,Hyderabad,"Latitude: 17.4205261, Longitude: 78.45796469999999",1656.0,3-star hotel,4.2,804,Free breakfast | Free Wi-Fi | Free parking | Air conditioning | Restaurant | Room service | Airport shuttle | Full-service laundry | Accessible | Kid-friendly | Smoke-free property,Very easy access. Helpful staff. Cooking for patients is a very good option. Made my stay easy . Thank you entire team.,5,2 weeks ago,Google,Central Hyderabad
Cosy Banjara,ChkIicHhq_qUp6TSARoML2cvMTJjcG15Nmp0EAE,Hyderabad,"Latitude: 17.4205261, Longitude: 78.45796469999999",1656.0,3-star hotel,4.2,804,Free breakfast | Free Wi-Fi | Free parking | Air conditioning | Restaurant | Room service | Airport shuttle | Full-service laundry | Accessible | Kid-friendly | Smoke-free property,Very good service.just feels like home.🫶,5,2 weeks ago,Google,Central Hyderabad
Cosy Banjara,ChkIicHhq_qUp6TSARoML2cvMTJjcG15Nmp0EAE,Hyderabad,"Latitude: 17.4205261, Longitude: 78.45796469999999",1656.0,3-star hotel,4.2,804,Free breakfast | Free Wi-Fi | Free parking | Air conditioning | Restaurant | Room service | Airport shuttle | Full-service laundry | Accessible | Kid-friendly | Smoke-free property,Very good hospitality,5,2 weeks ago,Google,Central Hyderabad
Cosy Banjara,ChkIicHhq_qUp6TSARoML2cvMTJjcG15Nmp0EAE,Hyderabad,"Latitude: 17.4205261, Longitude: 78.45796469999999",1656.0,3-star hotel,4.2,804,Free breakfast | Free Wi-Fi | Free parking | Air conditioning | Restaurant | Room service | Airport shuttle | Full-service laundry | Accessible | Kid-friendly | Smoke-free property,A very good and ambient place in a very easy location. A very pleasant stay. Thanks for the staff and owner of cosy banjara for making our stay a pleasant one. I recommend people to give it a try and stay here,5,3 weeks ago,Google,Central Hyderabad
Cosy Banjara,ChkIicHhq_qUp6TSARoML2cvMTJjcG15Nmp0EAE,Hyderabad,"Latitude: 17.4205261, Longitude: 78.45796469999999",1656.0,3-star hotel,4.2,804,Free breakfast | Free Wi-Fi | Free parking | Air conditioning | Restaurant | Room service | Airport shuttle | Full-service laundry | Accessible | Kid-friendly | Smoke-free property,"Had a nice two-day stay here. The staff were really friendly and helpful, and the location is quite convenient with Irrum Manzil Metro Station nearby. Overall, had a good experience and would definitely stay here again when I’m in Hyderabad.",5,3 weeks ago,Google,Central Hyderabad
Cosy Banjara,ChkIicHhq_qUp6TSARoML2cvMTJjcG15Nmp0EAE,Hyderabad,"Latitude: 17.4205261, Longitude: 78.45796469999999",1656.0,3-star hotel,4.2,804,Free breakfast | Free Wi-Fi | Free parking | Air conditioning | Restaurant | Room service | Airport shuttle | Full-service laundry | Accessible | Kid-friendly | Smoke-free property,Very good,5,4 weeks ago,Google,Central Hyderabad
Cosy Banjara,ChkIicHhq_qUp6TSARoML2cvMTJjcG15Nmp0EAE,Hyderabad,"Latitude: 17.4205261, Longitude: 78.45796469999999",1656.0,3-star hotel,4.2,804,Free breakfast | Free Wi-Fi | Free parking | Air conditioning | Restaurant | Room service | Airport shuttle | Full-service laundry | Accessible | Kid-friendly | Smoke-free property,Good Hospitality....nice rooms ....polite staff overall good experience,5,4 weeks ago,Google,Central Hyderabad
Cosy Banjara,ChkIicHhq_qUp6TSARoML2cvMTJjcG15Nmp0EAE,Hyderabad,"Latitude: 17.4205261, Longitude: 78.45796469999999",1656.0,3-star hotel,4.2,804,Free breakfast | Free Wi-Fi | Free parking | Air conditioning | Restaurant | Room service | Airport shuttle | Full-service laundry | Accessible | Kid-friendly | Smoke-free property,Good,5,4 weeks ago,Google,Central Hyderabad
Cosy Banjara,ChkIicHhq_qUp6TSARoML2cvMTJjcG15Nmp0EAE,Hyderabad,"Latitude: 17.4205261, Longitude: 78.45796469999999",1656.0,3-star hotel,4.2,804,Free breakfast | Free Wi-Fi | Free parking | Air conditioning | Restaurant | Room service | Airport shuttle | Full-service laundry | Accessible | Kid-friendly | Smoke-free property,Very courteous & friendly staff. Excellent service. Best place the stay if you are coming to Hyderabad to run the NMDC Full Marathon!,5,a month ago,Google,Central Hyderabad
Taj Mahal Hotel,ChoIs-fBt4vLvaGbARoNL2cvMTF6MXhyd243bhAB,Hyderabad,"Latitude: 17.4262337, Longitude: 78.4511163",3748.0,3-star hotel,4.1,84,,It's is good but for prices.,4,2 weeks ago,Google,Central Hyderabad
Taj Mahal Hotel,ChoIs-fBt4vLvaGbARoNL2cvMTF6MXhyd243bhAB,Hyderabad,"Latitude: 17.4262337, Longitude: 78.4511163",3748.0,3-star hotel,4.1,84,,"We had South Indian lunch toady at Panjagutta. With great expectations and appetite we visited and were disappointed. The food is very bad. Rice quality is of PDS rice no shape at all. Sambaar is jut hot water mixed with red chilly, turmaric and onion no dall no vegetables, no spices nothing. Rasam another hot water with unknown flavour. Bhendi fry is not eatable no tenderness at all, not crushable. Dall to some extent ok. Ambiance is very good service ok. For the last 30 years we never exprenced this kind of food from TAJ hotels. Tried to scan qr code for review but of no use. Thank god at least welcome drink, PAPAD and ice cream are good.",1,2 weeks ago,Google,Central Hyderabad
Taj Mahal Hotel,ChoIs-fBt4vLvaGbARoNL2cvMTF6MXhyd243bhAB,Hyderabad,"Latitude: 17.4262337, Longitude: 78.4511163",3748.0,3-star hotel,4.1,84,,"Really bad experience at this place today morning ( 8th september around 11:30 am) . I had been there with my parents, ordered 2 masala dosa and a plate of puri at the self service restaurant. I'm not sure why does thi hotel have a 3star rating when the staff don't even have the basic decency to talk to a customer. It took more than 20 minutes for them to give the plate of poori. Even though i went twice to the counter to check wuth they just kept saying 2 mins. While i understand there maybe sudden issues in the kitchen, this just seemed like they were having fun around talking and laughing, taking their own sweet time.
3rd time when my father went to ask why it was taking so long, two guys behind the kitchen counter was arguing horribly and giving snarky remarks. I don't understand why do you hire such people who lack basic manners. It was very humiliating experience and the front office staff lady was as good as not being present.
I will not be going back here and will ensure to the best of my effort so that those in my circle know about this.",1,3 weeks ago,Google,Central Hyderabad
Taj Mahal Hotel,ChoIs-fBt4vLvaGbARoNL2cvMTF6MXhyd243bhAB,Hyderabad,"Latitude: 17.4262337, Longitude: 78.4511163",3748.0,3-star hotel,4.1,84,,"Improper management of wallet parking.  Vinay, incharge wallet parking , not behaved well. Not fit for that work.",1,3 weeks ago,Google,Central Hyderabad
Taj Mahal Hotel,ChoIs-fBt4vLvaGbARoNL2cvMTF6MXhyd243bhAB,Hyderabad,"Latitude: 17.4262337, Longitude: 78.4511163",3748.0,3-star hotel,4.1,84,,"Had a fantastic experience at Taj Mahal Hotel, Panjagutta!
The Roast Salad Dosa was crispy, flavorful and really unique. The Neer Dosa was soft, light and delicious, while the Rava Dosa was perfectly crisp with a wonderful texture and authentic South Indian flavour.
Everything was fresh, tasty and served with delicious chutneys and sambar. A great place for dosa lovers and anyone looking for authentic vegetarian South Indian food. Highly recommended! ❤️",5,3 weeks ago,Google,Central Hyderabad
Taj Mahal Hotel,ChoIs-fBt4vLvaGbARoNL2cvMTF6MXhyd243bhAB,Hyderabad,"Latitude: 17.4262337, Longitude: 78.4511163",3748.0,3-star hotel,4.1,84,,"Had a wonderful experience at Taj Mahal Hotel, Panjagutta! The Button Idly was soft, fluffy and full of flavour, especially with the hot sambar and butter. The Vada was perfectly crispy outside and soft inside. Thatte Idly was super soft and delicious, and the Vegetable Dosa was tasty, fresh and nicely prepared. Overall, excellent South Indian food with authentic flavours. Definitely a must-visit for breakfast and traditional vegetarian dishes! ⭐⭐⭐⭐⭐",5,3 weeks ago,Google,Central Hyderabad
Taj Mahal Hotel,ChoIs-fBt4vLvaGbARoNL2cvMTF6MXhyd243bhAB,Hyderabad,"Latitude: 17.4262337, Longitude: 78.4511163",3748.0,3-star hotel,4.1,84,,"Our experience in the first-floor AC section was unsatisfactory. A table for eight became available, yet the floor manager declined to seat our group of six, insisting we await a table specifically for six individuals.",2,4 weeks ago,Google,Central Hyderabad
Taj Mahal Hotel,ChoIs-fBt4vLvaGbARoNL2cvMTF6MXhyd243bhAB,Hyderabad,"Latitude: 17.4262337, Longitude: 78.4511163",3748.0,3-star hotel,4.1,84,,"13 August no consistency in food quality thali is not really tasteful nor is hot service goes for toss
The most iconic place now at Punjagutta with an amazing difference the self service space pay eat and exit the taste is as always the best TajMahal offers the price and quick service is amazing",5,Edited a month ago,Google,Central Hyderabad
Taj Mahal Hotel,ChoIs-fBt4vLvaGbARoNL2cvMTF6MXhyd243bhAB,Hyderabad,"Latitude: 17.4262337, Longitude: 78.4511163",3748.0,3-star hotel,4.1,84,,Good,4,a month ago,Google,Central Hyderabad
Taj Mahal Hotel,ChoIs-fBt4vLvaGbARoNL2cvMTF6MXhyd243bhAB,Hyderabad,"Latitude: 17.4262337, Longitude: 78.4511163",3748.0,3-star hotel,4.1,84,,"Worest tiffins n  ambiance with more mosquitos
Dosha also not atall crispy n batter is sour n sambar served very cool
Please improve n try to give best",1,a month ago,Google,Central Hyderabad
Taj Mahal Hotel,ChoIs-fBt4vLvaGbARoNL2cvMTF6MXhyd243bhAB,Hyderabad,"Latitude: 17.4262337, Longitude: 78.4511163",3748.0,3-star hotel,4.1,84,,"Very poor service
1/10
Not recommended",1,2 months ago,Google,Central Hyderabad
Taj Mahal Hotel,ChoIs-fBt4vLvaGbARoNL2cvMTF6MXhyd243bhAB,Hyderabad,"Latitude: 17.4262337, Longitude: 78.4511163",3748.0,3-star hotel,4.1,84,,Over priced,4,2 months ago,Google,Central Hyderabad
Taj Mahal Hotel,ChoIs-fBt4vLvaGbARoNL2cvMTF6MXhyd243bhAB,Hyderabad,"Latitude: 17.4262337, Longitude: 78.4511163",3748.0,3-star hotel,4.1,84,,"Dear Taj, we have been having your delicious, amazing food for the last 50 years, i have been to all your outlets tho I stay at abids, just right opposite of your abids outlet, it was surprising for me that today I visited punjagutta taj with family and was charged 1500 rupees for the PDR, this is the 10th time I am visiting your punjagutta PDR where your manager Nagesh knows me very well, i have done many parties at your taj secunderabad PDR where captain Noor is always helpful
this is very ridiculous and highly astonishing that you are charging for a PDR even after having a bill of 10000
there are n number of restaurants in the city which have PDRs but nobody charges for booking the PDR
i really hope that you will look into this matter or you will lose your honest and old time customers
your old time customers feel cheated by this behaviour",4,2 months ago,Google,Central Hyderabad
Taj Mahal Hotel,ChoIs-fBt4vLvaGbARoNL2cvMTF6MXhyd243bhAB,Hyderabad,"Latitude: 17.4262337, Longitude: 78.4511163",3748.0,3-star hotel,4.1,84,,"Went to the dine-in restaurant on the 1st floor, was excited about having a new Taj Mahal closer to home. But seems like this place hasn't trained its staff - 5 different people took our orders, the pooris were dripping with oil, they were pulling our plates even before we were done - just bad service overall. Wouldn't go back, except maybe for the self-service section downstairs",2,2 months ago,Google,Central Hyderabad
Taj Mahal Hotel,ChoIs-fBt4vLvaGbARoNL2cvMTF6MXhyd243bhAB,Hyderabad,"Latitude: 17.4262337, Longitude: 78.4511163",3748.0,3-star hotel,4.1,84,,Tea is not good... high quantity of water and low quantity of milk...,1,2 months ago,Google,Central Hyderabad
Taj Mahal Hotel,ChoIs-fBt4vLvaGbARoNL2cvMTF6MXhyd243bhAB,Hyderabad,"Latitude: 17.4262337, Longitude: 78.4511163",3748.0,3-star hotel,4.1,84,,"After searching for a week at Hyderabad for authentic Karnataka food , we found it here.  They served good tasty food and ambience is excellent.
Being a coffee lover of Karnataka I found authentic filter coffee... remembered MTR coffee",5,2 months ago,Google,Central Hyderabad
Taj Mahal Hotel,ChoIs-fBt4vLvaGbARoNL2cvMTF6MXhyd243bhAB,Hyderabad,"Latitude: 17.4262337, Longitude: 78.4511163",3748.0,3-star hotel,4.1,84,,"Taj Mahal serves good South Indian dishes. We used to visit their Abids/Koti branch and this time, it was first time at the panjagutta branch. Ambience, taste and quality all excellent. I face a challenge for my valet car parking (saw 2 scratches). Nevertheless this place is highly recommended especially for Dosa and South Indian dishes.",5,2 months ago,Google,Central Hyderabad
Taj Mahal Hotel,ChoIs-fBt4vLvaGbARoNL2cvMTF6MXhyd243bhAB,Hyderabad,"Latitude: 17.4262337, Longitude: 78.4511163",3748.0,3-star hotel,4.1,84,,"This Panjagutta Tajmahal is amazing place, very reasonable,  very hygienic,  all items north Indian, south Indian, chinese also available here.
Its A must visit place !!",5,2 months ago,Google,Central Hyderabad
Taj Mahal Hotel,ChoIs-fBt4vLvaGbARoNL2cvMTF6MXhyd243bhAB,Hyderabad,"Latitude: 17.4262337, Longitude: 78.4511163",3748.0,3-star hotel,4.1,84,,"Sambar idli 5/5
Veg biryani 5/5
Paddu 5/5
Badam halwa 4/5
Neer dosa 1/5",4,2 months ago,Google,Central Hyderabad
Taj Mahal Hotel,ChoIs-fBt4vLvaGbARoNL2cvMTF6MXhyd243bhAB,Hyderabad,"Latitude: 17.4262337, Longitude: 78.4511163",3748.0,3-star hotel,4.1,84,,Went there along with a friend today. Service  from Mr Srinivas was top notch. Food was excellent. A must visit!,5,2 months ago,Google,Central Hyderabad
Taj Mahal Hotel,ChoIs-fBt4vLvaGbARoNL2cvMTF6MXhyd243bhAB,Hyderabad,"Latitude: 17.4262337, Longitude: 78.4511163",3748.0,3-star hotel,4.1,84,,Went to the self service restaurant at the ground floor. Good portion sizes at affordable prices. Ginger coffee and filter coffee are excellent. This area badly needed a clean and well maintained tiffins place and good old tmh is the best thing to happen here.,5,2 months ago,Google,Central Hyderabad
FabHotel Limestone Suites,ChoIn_vW4vOI682YARoNL2cvMTFnaHRxNG41YhAB,Hyderabad,"Latitude: 17.4254166, Longitude: 78.4613165",1861.0,3-star hotel,3.6,482,Breakfast ($) | Wi-Fi | Air conditioning | Room service | Kitchen in some rooms | Kid-friendly,Cool and calm environment,5,Edited 4 days ago,Google,Central Hyderabad
FabHotel Limestone Suites,ChoIn_vW4vOI682YARoNL2cvMTFnaHRxNG41YhAB,Hyderabad,"Latitude: 17.4254166, Longitude: 78.4613165",1861.0,3-star hotel,3.6,482,Breakfast ($) | Wi-Fi | Air conditioning | Room service | Kitchen in some rooms | Kid-friendly,"Not provied Morning Tootpet and Bresh
Pls Provied next time'",3,a month ago,Google,Central Hyderabad
FabHotel Limestone Suites,ChoIn_vW4vOI682YARoNL2cvMTFnaHRxNG41YhAB,Hyderabad,"Latitude: 17.4254166, Longitude: 78.4613165",1861.0,3-star hotel,3.6,482,Breakfast ($) | Wi-Fi | Air conditioning | Room service | Kitchen in some rooms | Kid-friendly,quite place... no restaurant need to order from outside...online cabs is accessible to this location.,2,2 months ago,Google,Central Hyderabad
FabHotel Limestone Suites,ChoIn_vW4vOI682YARoNL2cvMTFnaHRxNG41YhAB,Hyderabad,"Latitude: 17.4254166, Longitude: 78.4613165",1861.0,3-star hotel,3.6,482,Breakfast ($) | Wi-Fi | Air conditioning | Room service | Kitchen in some rooms | Kid-friendly,Good service nice location,5,3 months ago,Google,Central Hyderabad
FabHotel Limestone Suites,ChoIn_vW4vOI682YARoNL2cvMTFnaHRxNG41YhAB,Hyderabad,"Latitude: 17.4254166, Longitude: 78.4613165",1861.0,3-star hotel,3.6,482,Breakfast ($) | Wi-Fi | Air conditioning | Room service | Kitchen in some rooms | Kid-friendly,Very good service overall...,5,3 months ago,Google,Central Hyderabad
FabHotel Limestone Suites,ChoIn_vW4vOI682YARoNL2cvMTFnaHRxNG41YhAB,Hyderabad,"Latitude: 17.4254166, Longitude: 78.4613165",1861.0,3-star hotel,3.6,482,Breakfast ($) | Wi-Fi | Air conditioning | Room service | Kitchen in some rooms | Kid-friendly,Utter scam. They snap up the booking by advertising reasonable prices and then serve poorly. Despite confirming the booking with extra bed they couldn't provide one. Allotted room was changed in midnight due to a toilet flush issue. Overall a terrible experience.,1,4 months ago,Google,Central Hyderabad
FabHotel Limestone Suites,ChoIn_vW4vOI682YARoNL2cvMTFnaHRxNG41YhAB,Hyderabad,"Latitude: 17.4254166, Longitude: 78.4613165",1861.0,3-star hotel,3.6,482,Breakfast ($) | Wi-Fi | Air conditioning | Room service | Kitchen in some rooms | Kid-friendly,Very very poorely maintained. For 3.3k its not worth at all. The room smelled so bad. Its not hygeine. Very bad and poor room maintaince. Had to cover my nose and sleep for whole night. Very much disapppinted.,1,Edited 5 months ago,Google,Central Hyderabad
FabHotel Limestone Suites,ChoIn_vW4vOI682YARoNL2cvMTFnaHRxNG41YhAB,Hyderabad,"Latitude: 17.4254166, Longitude: 78.4613165",1861.0,3-star hotel,3.6,482,Breakfast ($) | Wi-Fi | Air conditioning | Room service | Kitchen in some rooms | Kid-friendly,"Our stay at FabHotel Limestone Suites was extremely disappointing. The rooms were poorly maintained, with visible signs of neglect and lack of cleanliness. The condition of the toilet was especially concerning—it was unhygienic and not properly cleaned, making the stay quite uncomfortable.
The service was equally unsatisfactory. Staff responsiveness was slow, and there was a clear lack of attention to guest needs. To make matters worse, the breakfast provided was of very poor quality, with limited options and subpar taste.
Overall, this experience did not meet even basic expectations, and I would not recommend this property unless significant improvements are made in maintenance, cleanliness, and service.",1,5 months ago,Google,Central Hyderabad
FabHotel Limestone Suites,ChoIn_vW4vOI682YARoNL2cvMTFnaHRxNG41YhAB,Hyderabad,"Latitude: 17.4254166, Longitude: 78.4613165",1861.0,3-star hotel,3.6,482,Breakfast ($) | Wi-Fi | Air conditioning | Room service | Kitchen in some rooms | Kid-friendly,"Good stay and nice rooms , friendly staff",5,6 months ago,Google,Central Hyderabad
FabHotel Limestone Suites,ChoIn_vW4vOI682YARoNL2cvMTFnaHRxNG41YhAB,Hyderabad,"Latitude: 17.4254166, Longitude: 78.4613165",1861.0,3-star hotel,3.6,482,Breakfast ($) | Wi-Fi | Air conditioning | Room service | Kitchen in some rooms | Kid-friendly,"The Toilets weren’t upto the mark—-geyser not working—-washbasin leaking.
The tv had all lines coming up during the show",1,8 months ago,Google,Central Hyderabad
FabHotel Limestone Suites,ChoIn_vW4vOI682YARoNL2cvMTFnaHRxNG41YhAB,Hyderabad,"Latitude: 17.4254166, Longitude: 78.4613165",1861.0,3-star hotel,3.6,482,Breakfast ($) | Wi-Fi | Air conditioning | Room service | Kitchen in some rooms | Kid-friendly,"I stayed here for three nights with my family in October 2025, and unfortunately, our experience was disappointing. While the location is excellent and convenient for visiting local attractions, the amenities were lacking. The bathroom was not clean, and both the tap and flush were malfunctioning. Additionally, the breakfast lacked variety and was served late, and we were only provided with one towel for two people",1,9 months ago,Google,Central Hyderabad
FabHotel Limestone Suites,ChoIn_vW4vOI682YARoNL2cvMTFnaHRxNG41YhAB,Hyderabad,"Latitude: 17.4254166, Longitude: 78.4613165",1861.0,3-star hotel,3.6,482,Breakfast ($) | Wi-Fi | Air conditioning | Room service | Kitchen in some rooms | Kid-friendly,Nice Experience location is good all connectivity near by hotels,4,9 months ago,Google,Central Hyderabad
FabHotel Limestone Suites,ChoIn_vW4vOI682YARoNL2cvMTFnaHRxNG41YhAB,Hyderabad,"Latitude: 17.4254166, Longitude: 78.4613165",1861.0,3-star hotel,3.6,482,Breakfast ($) | Wi-Fi | Air conditioning | Room service | Kitchen in some rooms | Kid-friendly,"No own restaurant .
Breakfast time after 8.30
Location is not feasible
Washroom taps are not working properly
Rust on the water taps
Flush plate damaged
Brought food from outside & serve",1,9 months ago,Google,Central Hyderabad
FabHotel Limestone Suites,ChoIn_vW4vOI682YARoNL2cvMTFnaHRxNG41YhAB,Hyderabad,"Latitude: 17.4254166, Longitude: 78.4613165",1861.0,3-star hotel,3.6,482,Breakfast ($) | Wi-Fi | Air conditioning | Room service | Kitchen in some rooms | Kid-friendly,We are going but it is so good,5,9 months ago,Google,Central Hyderabad
FabHotel Limestone Suites,ChoIn_vW4vOI682YARoNL2cvMTFnaHRxNG41YhAB,Hyderabad,"Latitude: 17.4254166, Longitude: 78.4613165",1861.0,3-star hotel,3.6,482,Breakfast ($) | Wi-Fi | Air conditioning | Room service | Kitchen in some rooms | Kid-friendly,"No breakfast was available till 8.15 am and money was not refunded though I had paid extra. There was no tea sachet, milk powder or sugar but only electric kettle . A small soap only , for toiletries. One towel for two people",3,9 months ago,Google,Central Hyderabad
FabHotel Limestone Suites,ChoIn_vW4vOI682YARoNL2cvMTFnaHRxNG41YhAB,Hyderabad,"Latitude: 17.4254166, Longitude: 78.4613165",1861.0,3-star hotel,3.6,482,Breakfast ($) | Wi-Fi | Air conditioning | Room service | Kitchen in some rooms | Kid-friendly,"Such a worst hotel in hydrabad, very bad mangement, don't book",1,9 months ago,Google,Central Hyderabad
FabHotel Limestone Suites,ChoIn_vW4vOI682YARoNL2cvMTFnaHRxNG41YhAB,Hyderabad,"Latitude: 17.4254166, Longitude: 78.4613165",1861.0,3-star hotel,3.6,482,Breakfast ($) | Wi-Fi | Air conditioning | Room service | Kitchen in some rooms | Kid-friendly,Very good,5,9 months ago,Google,Central Hyderabad
FabHotel Limestone Suites,ChoIn_vW4vOI682YARoNL2cvMTFnaHRxNG41YhAB,Hyderabad,"Latitude: 17.4254166, Longitude: 78.4613165",1861.0,3-star hotel,3.6,482,Breakfast ($) | Wi-Fi | Air conditioning | Room service | Kitchen in some rooms | Kid-friendly,"Not hygienic, A dog and its smell every where in the hotel premises. Poor customer service and are not professional. Didn’t have breakfast due to the smell of the dog. Will not comeback again.",1,10 months ago,Google,Central Hyderabad
FabHotel Limestone Suites,ChoIn_vW4vOI682YARoNL2cvMTFnaHRxNG41YhAB,Hyderabad,"Latitude: 17.4254166, Longitude: 78.4613165",1861.0,3-star hotel,3.6,482,Breakfast ($) | Wi-Fi | Air conditioning | Room service | Kitchen in some rooms | Kid-friendly,Room was so dirty. Very bad experience.,1,10 months ago,Google,Central Hyderabad
HOTEL SREE NIRVI,ChkIgouvmMScxOFCGg0vZy8xMXpjMDZzejBtEAE,Hyderabad,"Latitude: 17.433397199999998, Longitude: 78.447265",1688.0,,4.6,21,,"Booked this hotel via Oyo.
Travelled a long way to reach here just to hear the rooms are full, like how is it full i booked the hotel a week ago.
Thankfully the oyo customer service helped me find another hotel nearby.",1,Edited a month ago,Google,Central Hyderabad
HOTEL SREE NIRVI,ChkIgouvmMScxOFCGg0vZy8xMXpjMDZzejBtEAE,Hyderabad,"Latitude: 17.433397199999998, Longitude: 78.447265",1688.0,,4.6,21,,Good but too costly,3,2 months ago,Google,Central Hyderabad
HOTEL SREE NIRVI,ChkIgouvmMScxOFCGg0vZy8xMXpjMDZzejBtEAE,Hyderabad,"Latitude: 17.433397199999998, Longitude: 78.447265",1688.0,,4.6,21,,"Good service, clean room, nice staff",5,2 months ago,Google,Central Hyderabad
HOTEL SREE NIRVI,ChkIgouvmMScxOFCGg0vZy8xMXpjMDZzejBtEAE,Hyderabad,"Latitude: 17.433397199999998, Longitude: 78.447265",1688.0,,4.6,21,,Overall good experience…,5,2 months ago,Google,Central Hyderabad
HOTEL SREE NIRVI,ChkIgouvmMScxOFCGg0vZy8xMXpjMDZzejBtEAE,Hyderabad,"Latitude: 17.433397199999998, Longitude: 78.447265",1688.0,,4.6,21,,"The hotel was clean and well-maintained, and the staff were polite and welcoming. The room was comfortable, though there is some room for improvement in the amenities. Overall, it was a pleasant stay.",5,3 months ago,Google,Central Hyderabad
HOTEL SREE NIRVI,ChkIgouvmMScxOFCGg0vZy8xMXpjMDZzejBtEAE,Hyderabad,"Latitude: 17.433397199999998, Longitude: 78.447265",1688.0,,4.6,21,,Had a great stay and easy to locate. Friendly staff and neat rooms.,5,3 months ago,Google,Central Hyderabad
HOTEL SREE NIRVI,ChkIgouvmMScxOFCGg0vZy8xMXpjMDZzejBtEAE,Hyderabad,"Latitude: 17.433397199999998, Longitude: 78.447265",1688.0,,4.6,21,,Great stay! Clean rooms and friendly staff.,5,3 months ago,Google,Central Hyderabad
HOTEL SREE NIRVI,ChkIgouvmMScxOFCGg0vZy8xMXpjMDZzejBtEAE,Hyderabad,"Latitude: 17.433397199999998, Longitude: 78.447265",1688.0,,4.6,21,,"""A perfect blend of comfort, quality, and excellent service.""",5,3 months ago,Google,Central Hyderabad
HOTEL SREE NIRVI,ChkIgouvmMScxOFCGg0vZy8xMXpjMDZzejBtEAE,Hyderabad,"Latitude: 17.433397199999998, Longitude: 78.447265",1688.0,,4.6,21,,Thank you shri nirvi for making my trip memorable....such a lovely hospitality simply loved it :),5,3 months ago,Google,Central Hyderabad
HOTEL SREE NIRVI,ChkIgouvmMScxOFCGg0vZy8xMXpjMDZzejBtEAE,Hyderabad,"Latitude: 17.433397199999998, Longitude: 78.447265",1688.0,,4.6,21,,"Excellent Family Stay in a Prime Location – Great Value!
⭐⭐⭐⭐⭐ (5/5) | Highly Recommended for Families
We recently stayed here for a family trip and had a fantastic experience. Finding a hotel that balances a prime location, family-friendly comfort, and reasonable pricing in Hyderabad can be tough, but this place nailed it.
Location: Perfectly situated in one of Hyderabad's main hubs. It made commuting to major attractions, local shopping spots, and famous biryani joints incredibly easy, saving us a lot of travel time.
Value for Money: The room rates were very reasonable considering the central location. We felt we got excellent value without compromising on quality or safety.
Family Comfort: The rooms were spacious, clean, and comfortable for the whole family. The staff went out of their way to ensure we had everything we needed and made us feel genuinely welcome.
If you are visiting Hyderabad with family and want to stay in the heart of the city without breaking the bank, this hotel is a perfect choice. We would definitely stay here again!",5,3 months ago,Google,Central Hyderabad
HOTEL SREE NIRVI,ChkIgouvmMScxOFCGg0vZy8xMXpjMDZzejBtEAE,Hyderabad,"Latitude: 17.433397199999998, Longitude: 78.447265",1688.0,,4.6,21,,"""The staff and service is very coordinative, rooms spacious, worth price"" located in prime area",4,3 months ago,Google,Central Hyderabad
HOTEL SREE NIRVI,ChkIgouvmMScxOFCGg0vZy8xMXpjMDZzejBtEAE,Hyderabad,"Latitude: 17.433397199999998, Longitude: 78.447265",1688.0,,4.6,21,,"Best Recommended!
I had the opportunity to stay at this place, and my overall experience was very positive. The comfort, hospitality of the staff, maintenance, and overall quality of the stay were excellent. I would definitely recommend it to others looking for a pleasant and comfortable experience.",4,3 months ago,Google,Central Hyderabad
HOTEL SREE NIRVI,ChkIgouvmMScxOFCGg0vZy8xMXpjMDZzejBtEAE,Hyderabad,"Latitude: 17.433397199999998, Longitude: 78.447265",1688.0,,4.6,21,,"""Have to compliment the housekeeping team - room was immaculate every single day, towels changed, water refilled, zero dust. The mattress and blackout curtains made sleep amazing. Quiet hallways at night as well. You can tell they take pride in the basics here.""",5,3 months ago,Google,Central Hyderabad
HOTEL SREE NIRVI,ChkIgouvmMScxOFCGg0vZy8xMXpjMDZzejBtEAE,Hyderabad,"Latitude: 17.433397199999998, Longitude: 78.447265",1688.0,,4.6,21,,"Clean rooms, friendly staff, and a comfortable stay with good value for money.",5,4 months ago,Google,Central Hyderabad
HOTEL SREE NIRVI,ChkIgouvmMScxOFCGg0vZy8xMXpjMDZzejBtEAE,Hyderabad,"Latitude: 17.433397199999998, Longitude: 78.447265",1688.0,,4.6,21,,"Spacious and well-maintained rooms with excellent cleanliness throughout the property.
The staff provided great service and made the stay comfortable and enjoyable.",5,4 months ago,Google,Central Hyderabad
HOTEL SREE NIRVI,ChkIgouvmMScxOFCGg0vZy8xMXpjMDZzejBtEAE,Hyderabad,"Latitude: 17.433397199999998, Longitude: 78.447265",1688.0,,4.6,21,,"Brand New Hotel with good Maintenance and Hygiene.
Affordable price to stay.",5,4 months ago,Google,Central Hyderabad
The Plaza,ChkImdPGh-LHvZFPGg0vZy8xMWoyd202OWd5EAE,Hyderabad,"Latitude: 17.4339077, Longitude: 78.45487399999999",5388.0,3-star hotel,4.2,3134,Free breakfast | Free Wi-Fi | Free parking | Pool | Air conditioning | Fitness center | Bar | Restaurant | Room service | Airport shuttle | Full-service laundry,"We are from Vizag whenever come Hyderabad, we are stayed in Plaza hotel only Because of Srikanth Service, way of Receiving Way of Talking way of Helping way of Friendly like a family Member
My 2nd Home Plaza Hotel",5,3 days ago,Google,Central Hyderabad
The Plaza,ChkImdPGh-LHvZFPGg0vZy8xMWoyd202OWd5EAE,Hyderabad,"Latitude: 17.4339077, Longitude: 78.45487399999999",5388.0,3-star hotel,4.2,3134,Free breakfast | Free Wi-Fi | Free parking | Pool | Air conditioning | Fitness center | Bar | Restaurant | Room service | Airport shuttle | Full-service laundry,"Good Budget Hotel
Food was awesome
Rooms Very Clean
Located Heart of the City
Staff Srikanth Very Helpful",5,5 days ago,Google,Central Hyderabad
The Plaza,ChkImdPGh-LHvZFPGg0vZy8xMWoyd202OWd5EAE,Hyderabad,"Latitude: 17.4339077, Longitude: 78.45487399999999",5388.0,3-star hotel,4.2,3134,Free breakfast | Free Wi-Fi | Free parking | Pool | Air conditioning | Fitness center | Bar | Restaurant | Room service | Airport shuttle | Full-service laundry,Attended Birthday function of friends son,4,a week ago,Google,Central Hyderabad
The Plaza,ChkImdPGh-LHvZFPGg0vZy8xMWoyd202OWd5EAE,Hyderabad,"Latitude: 17.4339077, Longitude: 78.45487399999999",5388.0,3-star hotel,4.2,3134,Free breakfast | Free Wi-Fi | Free parking | Pool | Air conditioning | Fitness center | Bar | Restaurant | Room service | Airport shuttle | Full-service laundry,"Good Budget Hotel
Srikanth very helpful",5,a week ago,Google,Central Hyderabad
The Plaza,ChkImdPGh-LHvZFPGg0vZy8xMWoyd202OWd5EAE,Hyderabad,"Latitude: 17.4339077, Longitude: 78.45487399999999",5388.0,3-star hotel,4.2,3134,Free breakfast | Free Wi-Fi | Free parking | Pool | Air conditioning | Fitness center | Bar | Restaurant | Room service | Airport shuttle | Full-service laundry,"Good Hotel & Srikanth
Awesome Food",5,a week ago,Google,Central Hyderabad
The Plaza,ChkImdPGh-LHvZFPGg0vZy8xMWoyd202OWd5EAE,Hyderabad,"Latitude: 17.4339077, Longitude: 78.45487399999999",5388.0,3-star hotel,4.2,3134,Free breakfast | Free Wi-Fi | Free parking | Pool | Air conditioning | Fitness center | Bar | Restaurant | Room service | Airport shuttle | Full-service laundry,Hotel stays are very nice. MRS. Sabhita guided us very well about our hotel stays. The stay was amazing and city also. Thanks to all members of hotel the plaza.,5,2 weeks ago,Google,Central Hyderabad
The Plaza,ChkImdPGh-LHvZFPGg0vZy8xMWoyd202OWd5EAE,Hyderabad,"Latitude: 17.4339077, Longitude: 78.45487399999999",5388.0,3-star hotel,4.2,3134,Free breakfast | Free Wi-Fi | Free parking | Pool | Air conditioning | Fitness center | Bar | Restaurant | Room service | Airport shuttle | Full-service laundry,"Good Hotel
Awesome service by Srikanth
Food was good",5,2 weeks ago,Google,Central Hyderabad
The Plaza,ChkImdPGh-LHvZFPGg0vZy8xMWoyd202OWd5EAE,Hyderabad,"Latitude: 17.4339077, Longitude: 78.45487399999999",5388.0,3-star hotel,4.2,3134,Free breakfast | Free Wi-Fi | Free parking | Pool | Air conditioning | Fitness center | Bar | Restaurant | Room service | Airport shuttle | Full-service laundry,The best,5,3 weeks ago,Google,Central Hyderabad
The Plaza,ChkImdPGh-LHvZFPGg0vZy8xMWoyd202OWd5EAE,Hyderabad,"Latitude: 17.4339077, Longitude: 78.45487399999999",5388.0,3-star hotel,4.2,3134,Free breakfast | Free Wi-Fi | Free parking | Pool | Air conditioning | Fitness center | Bar | Restaurant | Room service | Airport shuttle | Full-service laundry,"As a retired IAS civil servant, I must say our experience here was incredible. Facility is great. All staff are thorough professionals especially Srikanth. All my colleagues (total 15 rooms) and their spouse found it a well managed facility. We all wish Haritha Plaza well. Keep excelling.",5,3 weeks ago,Google,Central Hyderabad
The Plaza,ChkImdPGh-LHvZFPGg0vZy8xMWoyd202OWd5EAE,Hyderabad,"Latitude: 17.4339077, Longitude: 78.45487399999999",5388.0,3-star hotel,4.2,3134,Free breakfast | Free Wi-Fi | Free parking | Pool | Air conditioning | Fitness center | Bar | Restaurant | Room service | Airport shuttle | Full-service laundry,"I had the pleasure of receiving exceptional assistance from """" Srikanth """" during my stay. He was extremely courteous and went above and beyond to ensure that all of my requests were met, providing me with everything I needed for a comfortable stay. His professionalism and helpful nature made a significant difference in my experience. I highly recommend his services and would gladly give him a 5/5 rating for his outstanding efforts",5,Edited 4 weeks ago,Google,Central Hyderabad
The Plaza,ChkImdPGh-LHvZFPGg0vZy8xMWoyd202OWd5EAE,Hyderabad,"Latitude: 17.4339077, Longitude: 78.45487399999999",5388.0,3-star hotel,4.2,3134,Free breakfast | Free Wi-Fi | Free parking | Pool | Air conditioning | Fitness center | Bar | Restaurant | Room service | Airport shuttle | Full-service laundry,"Stay was awesome
We enjoyed a lot
Room good
Food was nice
Staff Srikanth very helpful from booking until check out
I recommended other people stay here",5,Edited a month ago,Google,Central Hyderabad
The Plaza,ChkImdPGh-LHvZFPGg0vZy8xMWoyd202OWd5EAE,Hyderabad,"Latitude: 17.4339077, Longitude: 78.45487399999999",5388.0,3-star hotel,4.2,3134,Free breakfast | Free Wi-Fi | Free parking | Pool | Air conditioning | Fitness center | Bar | Restaurant | Room service | Airport shuttle | Full-service laundry,"Am stay with my family
Hotel was awesome
We enjoyed a lot
Srikanth from Reservations very helpful
I",5,a month ago,Google,Central Hyderabad
Vrindavan Comfort Inn,ChkIh7yG5pOp27SxARoML2cvMXBwMnZiY2t6EAE,Hyderabad,"Latitude: 17.4235935, Longitude: 78.4572755",1264.0,2-star hotel,3.5,240,Free breakfast | Wi-Fi | Room service | Full-service laundry | Kid-friendly,"Please do not select this hotel for your stay. It was a pathetic experience.
The room was filthy, the bathroom had a terrible smell, the beds were dirty, and the AC was not working properly. The overall hygiene and maintenance were extremely poor.
I had booked this hotel for 4 nights, but the conditions were so bad that I couldn’t bear to stay for more than 1 night.
I strongly recommend avoiding this hotel if you are looking for a clean, comfortable, and hygienic place to stay.",1,3 weeks ago,Google,Central Hyderabad
Vrindavan Comfort Inn,ChkIh7yG5pOp27SxARoML2cvMXBwMnZiY2t6EAE,Hyderabad,"Latitude: 17.4235935, Longitude: 78.4572755",1264.0,2-star hotel,3.5,240,Free breakfast | Wi-Fi | Room service | Full-service laundry | Kid-friendly,"Go for ac rooms. Not for family stay. If you are staying as bachelors,these rooms would be ideal .",4,3 months ago,Google,Central Hyderabad
Vrindavan Comfort Inn,ChkIh7yG5pOp27SxARoML2cvMXBwMnZiY2t6EAE,Hyderabad,"Latitude: 17.4235935, Longitude: 78.4572755",1264.0,2-star hotel,3.5,240,Free breakfast | Wi-Fi | Room service | Full-service laundry | Kid-friendly,"Very disappointing stay. During rainfall, rainwater was leaking into the room through the roof/ceiling, making the room uncomfortable and unsuitable to stay in. We immediately requested a room change, but the staff was not responding or providing any assistance.
We had booked the room through Agoda and expected basic maintenance and customer support.",1,3 months ago,Google,Central Hyderabad
Vrindavan Comfort Inn,ChkIh7yG5pOp27SxARoML2cvMXBwMnZiY2t6EAE,Hyderabad,"Latitude: 17.4235935, Longitude: 78.4572755",1264.0,2-star hotel,3.5,240,Free breakfast | Wi-Fi | Room service | Full-service laundry | Kid-friendly,They provided us with best services however it would have been more appropriate if we would have get breakfast in complementary,5,3 months ago,Google,Central Hyderabad
Vrindavan Comfort Inn,ChkIh7yG5pOp27SxARoML2cvMXBwMnZiY2t6EAE,Hyderabad,"Latitude: 17.4235935, Longitude: 78.4572755",1264.0,2-star hotel,3.5,240,Free breakfast | Wi-Fi | Room service | Full-service laundry | Kid-friendly,"I am from Port Blair ( Andaman🏝 island
I am visit place is a Yoshoda hospital Somajiguda Telangana Hyderabad City near by Virndavan Comfort inn Hotel in a stay by 7 day stay..
Very good place with reasonable price and staff are good behavior.. Only for free Wi-Fi
Visit Date 2026
7&13",5,4 months ago,Google,Central Hyderabad
Vrindavan Comfort Inn,ChkIh7yG5pOp27SxARoML2cvMXBwMnZiY2t6EAE,Hyderabad,"Latitude: 17.4235935, Longitude: 78.4572755",1264.0,2-star hotel,3.5,240,Free breakfast | Wi-Fi | Room service | Full-service laundry | Kid-friendly,"Very disappointing stay. The room was dirty, washroom hygiene was poor, and there was a bad smell throughout. Staff behavior was rude and unhelpful. Totally overpriced for such poor service. Would not recommend at all.
I booked this hotel for a relaxing stay, but it turned into a frustrating experience. Nothing was up to the mark cleanliness, service, or comfort. Completely ruined my mood.",1,5 months ago,Google,Central Hyderabad
Vrindavan Comfort Inn,ChkIh7yG5pOp27SxARoML2cvMXBwMnZiY2t6EAE,Hyderabad,"Latitude: 17.4235935, Longitude: 78.4572755",1264.0,2-star hotel,3.5,240,Free breakfast | Wi-Fi | Room service | Full-service laundry | Kid-friendly,Very dirty hotel with broken switches and some fans are small and not working.the maintenance of this hotel is bad and the ceiling tile was broken due to water leakage.very unhygienic hotel,1,5 months ago,Google,Central Hyderabad
Vrindavan Comfort Inn,ChkIh7yG5pOp27SxARoML2cvMXBwMnZiY2t6EAE,Hyderabad,"Latitude: 17.4235935, Longitude: 78.4572755",1264.0,2-star hotel,3.5,240,Free breakfast | Wi-Fi | Room service | Full-service laundry | Kid-friendly,"Before booking, please understand that this is an inn, not a hotel. An inn offers basic facilities and limited services, while a hotel usually provides more comfort and full-service hospitality. If you keep this difference in mind, your expectations will be realistic.
We booked a three-person occupancy room because the two-person option felt too small. They initially quoted ₹2000+ for an AC room, but we negotiated and settled at a better price. Make sure you finalize everything on the spot and take a confirmation slip. Do not leave anything verbal.
The room was okay. Bathroom and geyser were working fine. There was no balcony. There were windows but they could not be opened, and there was no view as another building was right outside. WiFi was very good.
Housekeeping was done whenever we requested bedsheet changes or cleaning. The dustbin was kept outside, and whenever we informed them, they cleared it. So service was manageable.
Food options are easily available nearby. The biggest advantage is that it is just a two-minute walking distance from Yashoda Hospitals, which makes it very convenient for patients and attendants.
Right in front of this inn, there is a big hotel where we inquired for one day and the tariff was around ₹6000. So you can compare and decide what suits your budget and comfort level.
I do not know about other occupancy types or rooms. I am only sharing my experience with the room we stayed in. I heard that the top floor rooms have a common balcony, but we did not stay there.
This place is fine if you understand what an inn offers. Suitable for couples and people who are okay with non-veg surroundings. Elderly guests might find it a bit suffocating. Not recommended for long stays. We stayed for 7 days, and that was enough.
Hope this helps future visitors decide better.",4,7 months ago,Google,Central Hyderabad
Vrindavan Comfort Inn,ChkIh7yG5pOp27SxARoML2cvMXBwMnZiY2t6EAE,Hyderabad,"Latitude: 17.4235935, Longitude: 78.4572755",1264.0,2-star hotel,3.5,240,Free breakfast | Wi-Fi | Room service | Full-service laundry | Kid-friendly,"Very bad experience (pandit ji) the main person very rude no water in property no food
room is like store room no ac working better to choose some other hotels again very bad experience",1,7 months ago,Google,Central Hyderabad
Vrindavan Comfort Inn,ChkIh7yG5pOp27SxARoML2cvMXBwMnZiY2t6EAE,Hyderabad,"Latitude: 17.4235935, Longitude: 78.4572755",1264.0,2-star hotel,3.5,240,Free breakfast | Wi-Fi | Room service | Full-service laundry | Kid-friendly,Kindly ignor this hotel ! Storngly not recommended,1,8 months ago,Google,Central Hyderabad
Vrindavan Comfort Inn,ChkIh7yG5pOp27SxARoML2cvMXBwMnZiY2t6EAE,Hyderabad,"Latitude: 17.4235935, Longitude: 78.4572755",1264.0,2-star hotel,3.5,240,Free breakfast | Wi-Fi | Room service | Full-service laundry | Kid-friendly,"Very very bad experience
Pls never come to this place!",1,8 months ago,Google,Central Hyderabad
Vrindavan Comfort Inn,ChkIh7yG5pOp27SxARoML2cvMXBwMnZiY2t6EAE,Hyderabad,"Latitude: 17.4235935, Longitude: 78.4572755",1264.0,2-star hotel,3.5,240,Free breakfast | Wi-Fi | Room service | Full-service laundry | Kid-friendly,highly not recommended!!,1,8 months ago,Google,Central Hyderabad
Vrindavan Comfort Inn,ChkIh7yG5pOp27SxARoML2cvMXBwMnZiY2t6EAE,Hyderabad,"Latitude: 17.4235935, Longitude: 78.4572755",1264.0,2-star hotel,3.5,240,Free breakfast | Wi-Fi | Room service | Full-service laundry | Kid-friendly,Budget hotel good behaviored staff,4,Edited 8 months ago,Google,Central Hyderabad
Vrindavan Comfort Inn,ChkIh7yG5pOp27SxARoML2cvMXBwMnZiY2t6EAE,Hyderabad,"Latitude: 17.4235935, Longitude: 78.4572755",1264.0,2-star hotel,3.5,240,Free breakfast | Wi-Fi | Room service | Full-service laundry | Kid-friendly,No hygiene and cleaning maintained. So cheap as compared to the status of rooms. Rooms are so small.,1,10 months ago,Google,Central Hyderabad
Vrindavan Comfort Inn,ChkIh7yG5pOp27SxARoML2cvMXBwMnZiY2t6EAE,Hyderabad,"Latitude: 17.4235935, Longitude: 78.4572755",1264.0,2-star hotel,3.5,240,Free breakfast | Wi-Fi | Room service | Full-service laundry | Kid-friendly,"It's really bad experience mainly I am really disappointed for the cleanliness...the basics hygine is not there.
I paid 1100 for one ac room, room is small i accept that in this price range but basic cleanliness is missing all over the room and bathroom are worst toilet is not cleaned.",1,10 months ago,Google,Central Hyderabad
Vrindavan Comfort Inn,ChkIh7yG5pOp27SxARoML2cvMXBwMnZiY2t6EAE,Hyderabad,"Latitude: 17.4235935, Longitude: 78.4572755",1264.0,2-star hotel,3.5,240,Free breakfast | Wi-Fi | Room service | Full-service laundry | Kid-friendly,Worst,1,11 months ago,Google,Central Hyderabad
Townhouse by OYO RCC Elite,ChoIn-Wq4rbf-qidARoNL2cvMTFqMTM1M2Z2MRAB,Hyderabad,"Latitude: 17.431798999999998, Longitude: 78.457272",2356.0,4-star hotel,4.6,2557,Breakfast ($) | Free Wi-Fi | Parking | Air conditioning | Restaurant | Room service | Kitchen in some rooms | Full-service laundry | Smoke-free property,Verry good room service ans assistance from the staf and the really good part is the restoration in ground floor,5,2 weeks ago,Google,Central Hyderabad
Townhouse by OYO RCC Elite,ChoIn-Wq4rbf-qidARoNL2cvMTFqMTM1M2Z2MRAB,Hyderabad,"Latitude: 17.431798999999998, Longitude: 78.457272",2356.0,4-star hotel,4.6,2557,Breakfast ($) | Free Wi-Fi | Parking | Air conditioning | Restaurant | Room service | Kitchen in some rooms | Full-service laundry | Smoke-free property,Good,5,a month ago,Google,Central Hyderabad
Townhouse by OYO RCC Elite,ChoIn-Wq4rbf-qidARoNL2cvMTFqMTM1M2Z2MRAB,Hyderabad,"Latitude: 17.431798999999998, Longitude: 78.457272",2356.0,4-star hotel,4.6,2557,Breakfast ($) | Free Wi-Fi | Parking | Air conditioning | Restaurant | Room service | Kitchen in some rooms | Full-service laundry | Smoke-free property,Good service |And maintain of all room cleaning,5,2 months ago,Tripadvisor,Central Hyderabad
Townhouse by OYO RCC Elite,ChoIn-Wq4rbf-qidARoNL2cvMTFqMTM1M2Z2MRAB,Hyderabad,"Latitude: 17.431798999999998, Longitude: 78.457272",2356.0,4-star hotel,4.6,2557,Breakfast ($) | Free Wi-Fi | Parking | Air conditioning | Restaurant | Room service | Kitchen in some rooms | Full-service laundry | Smoke-free property,very nice 🙂,4,2 months ago,Google,Central Hyderabad
Townhouse by OYO RCC Elite,ChoIn-Wq4rbf-qidARoNL2cvMTFqMTM1M2Z2MRAB,Hyderabad,"Latitude: 17.431798999999998, Longitude: 78.457272",2356.0,4-star hotel,4.6,2557,Breakfast ($) | Free Wi-Fi | Parking | Air conditioning | Restaurant | Room service | Kitchen in some rooms | Full-service laundry | Smoke-free property,Good only ttd Rooms,5,2 months ago,Google,Central Hyderabad
Townhouse by OYO RCC Elite,ChoIn-Wq4rbf-qidARoNL2cvMTFqMTM1M2Z2MRAB,Hyderabad,"Latitude: 17.431798999999998, Longitude: 78.457272",2356.0,4-star hotel,4.6,2557,Breakfast ($) | Free Wi-Fi | Parking | Air conditioning | Restaurant | Room service | Kitchen in some rooms | Full-service laundry | Smoke-free property,Good,5,2 months ago,Google,Central Hyderabad
Townhouse by OYO RCC Elite,ChoIn-Wq4rbf-qidARoNL2cvMTFqMTM1M2Z2MRAB,Hyderabad,"Latitude: 17.431798999999998, Longitude: 78.457272",2356.0,4-star hotel,4.6,2557,Breakfast ($) | Free Wi-Fi | Parking | Air conditioning | Restaurant | Room service | Kitchen in some rooms | Full-service laundry | Smoke-free property,"**⭐⭐⭐⭐⭐ Exceptional Stay at Townhouse by OYO RCC Elite!**
I had an outstanding experience at **Townhouse by OYO RCC Elite** and can confidently say it exceeded all my expectations. From the moment I stepped in, I was impressed by how spotlessly clean the entire property is — it looks exactly like (or even better than) the pictures! Every corner was pristine, the rooms were fresh and well-maintained, and the hygiene standards were truly top-notch.
The staff deserves special praise — they were incredibly cooperative, friendly, and always ready to help with a smile. Whether it was quick check-in, arranging something extra, or answering questions, they made me feel genuinely cared for and welcomed throughout my stay.
The rooms are comfortable, the ambiance is peaceful, and overall the hotel offers excellent value. If you're looking for a clean, reliable, and well-managed stay, this is the perfect choice. I would happily return and highly recommend Townhouse by OYO RCC Elite to anyone visiting the area.
**Thank you to the entire team for making my stay so pleasant!** 🙌
Highly recommended!",5,2 months ago,Google,Central Hyderabad
Townhouse by OYO RCC Elite,ChoIn-Wq4rbf-qidARoNL2cvMTFqMTM1M2Z2MRAB,Hyderabad,"Latitude: 17.431798999999998, Longitude: 78.457272",2356.0,4-star hotel,4.6,2557,Breakfast ($) | Free Wi-Fi | Parking | Air conditioning | Restaurant | Room service | Kitchen in some rooms | Full-service laundry | Smoke-free property,Good place to stay,5,3 months ago,Google,Central Hyderabad
Townhouse by OYO RCC Elite,ChoIn-Wq4rbf-qidARoNL2cvMTFqMTM1M2Z2MRAB,Hyderabad,"Latitude: 17.431798999999998, Longitude: 78.457272",2356.0,4-star hotel,4.6,2557,Breakfast ($) | Free Wi-Fi | Parking | Air conditioning | Restaurant | Room service | Kitchen in some rooms | Full-service laundry | Smoke-free property,Good location,5,3 months ago,Google,Central Hyderabad
Townhouse by OYO RCC Elite,ChoIn-Wq4rbf-qidARoNL2cvMTFqMTM1M2Z2MRAB,Hyderabad,"Latitude: 17.431798999999998, Longitude: 78.457272",2356.0,4-star hotel,4.6,2557,Breakfast ($) | Free Wi-Fi | Parking | Air conditioning | Restaurant | Room service | Kitchen in some rooms | Full-service laundry | Smoke-free property,Came here for audit. Has good stay experience.,5,3 months ago,Google,Central Hyderabad
Townhouse by OYO RCC Elite,ChoIn-Wq4rbf-qidARoNL2cvMTFqMTM1M2Z2MRAB,Hyderabad,"Latitude: 17.431798999999998, Longitude: 78.457272",2356.0,4-star hotel,4.6,2557,Breakfast ($) | Free Wi-Fi | Parking | Air conditioning | Restaurant | Room service | Kitchen in some rooms | Full-service laundry | Smoke-free property,It's very good room for us,5,3 months ago,Google,Central Hyderabad
Townhouse by OYO RCC Elite,ChoIn-Wq4rbf-qidARoNL2cvMTFqMTM1M2Z2MRAB,Hyderabad,"Latitude: 17.431798999999998, Longitude: 78.457272",2356.0,4-star hotel,4.6,2557,Breakfast ($) | Free Wi-Fi | Parking | Air conditioning | Restaurant | Room service | Kitchen in some rooms | Full-service laundry | Smoke-free property,Good place to visit,5,3 months ago,Google,Central Hyderabad
Townhouse by OYO RCC Elite,ChoIn-Wq4rbf-qidARoNL2cvMTFqMTM1M2Z2MRAB,Hyderabad,"Latitude: 17.431798999999998, Longitude: 78.457272",2356.0,4-star hotel,4.6,2557,Breakfast ($) | Free Wi-Fi | Parking | Air conditioning | Restaurant | Room service | Kitchen in some rooms | Full-service laundry | Smoke-free property,"I don't want to mention about the staff as I didn't get any room services. While stay, food facility is not there in hotel but they asked to use other food apps like Swiggy and zomato. Work is going on at the 1st floor while. Tiles of the floor moving up and down while walking. Unwanted questions they asked when we booked stay from other hotel booking platform. We felt uncomfortable with that. Water in bathroom, they turn towards bathroom door which you feel kind of inconvenient while entering/ exit. But these are the things I felt. I don't know while I went there those things happened to me. And coming to the positive side, easy booking through other apps, lights at the hotel are nice and AC working good. And boys are working fine when you ask anything.",4,3 months ago,Google,Central Hyderabad
Townhouse by OYO RCC Elite,ChoIn-Wq4rbf-qidARoNL2cvMTFqMTM1M2Z2MRAB,Hyderabad,"Latitude: 17.431798999999998, Longitude: 78.457272",2356.0,4-star hotel,4.6,2557,Breakfast ($) | Free Wi-Fi | Parking | Air conditioning | Restaurant | Room service | Kitchen in some rooms | Full-service laundry | Smoke-free property,Good,5,3 months ago,Google,Central Hyderabad
Mercure Hyderabad KCP,ChkI2L38tMSLptF-Gg0vZy8xMWNtMDJicGswEAE,Hyderabad,"Latitude: 17.4176772, Longitude: 78.4566974",11162.0,4-star hotel,4.5,14347,Breakfast ($) | Free Wi-Fi | Free parking | Air conditioning | Fitness center | Bar | Restaurant | Room service | Airport shuttle | Full-service laundry | Accessible | Business center | Kid-friendly | Smoke-free property,"I have booked Mercure Hotel Hyderabad and paid the full amount in Advance 2 weeks before for 4 nights stay. Earlier too I had stayed 4 nights at same hotel. Today I had the dinner at the Hotel restaurant and they insisted me to pay the full amount at restaurant and informed me that I am not eligible to post the bill to room and pay on check out. I found this attitude very strange, as a clear message to the guests that “ We don’t believe you” . If this is the mentality towards the guests, why you have collected full booking amount 2 weeks prior and why you are not collecting the payment on daily basis stay ? If Accor group don’t believe the customers, customers also don’t believe Accor group right ? Why we need to pay the booking charges in advance ?",1,Edited 11 hours ago,Google,Central Hyderabad
Mercure Hyderabad KCP,ChkI2L38tMSLptF-Gg0vZy8xMWNtMDJicGswEAE,Hyderabad,"Latitude: 17.4176772, Longitude: 78.4566974",11162.0,4-star hotel,4.5,14347,Breakfast ($) | Free Wi-Fi | Free parking | Air conditioning | Fitness center | Bar | Restaurant | Room service | Airport shuttle | Full-service laundry | Accessible | Business center | Kid-friendly | Smoke-free property,They don't have valet parking. Had to park in basement 2. No lift from the basement. Had to climb to first floor to attend meeting,4,Edited 21 hours ago,Google,Central Hyderabad
Mercure Hyderabad KCP,ChkI2L38tMSLptF-Gg0vZy8xMWNtMDJicGswEAE,Hyderabad,"Latitude: 17.4176772, Longitude: 78.4566974",11162.0,4-star hotel,4.5,14347,Breakfast ($) | Free Wi-Fi | Free parking | Air conditioning | Fitness center | Bar | Restaurant | Room service | Airport shuttle | Full-service laundry | Accessible | Business center | Kid-friendly | Smoke-free property,I had a good stay in this hotel. Special mention to afreen for being extremely sweet and helpful.,5,2 days ago,Google,Central Hyderabad
Mercure Hyderabad KCP,ChkI2L38tMSLptF-Gg0vZy8xMWNtMDJicGswEAE,Hyderabad,"Latitude: 17.4176772, Longitude: 78.4566974",11162.0,4-star hotel,4.5,14347,Breakfast ($) | Free Wi-Fi | Free parking | Air conditioning | Fitness center | Bar | Restaurant | Room service | Airport shuttle | Full-service laundry | Accessible | Business center | Kid-friendly | Smoke-free property,"We were on our office stay specially In room very slow they don't pickup the call and it takes ages to them even laundry delivery is slowly all over the experience is one word pathetic only reception and the driver is nice other than that food is also not good cab issue
So far I had a very bad experience",1,3 days ago,Google,Central Hyderabad
Mercure Hyderabad KCP,ChkI2L38tMSLptF-Gg0vZy8xMWNtMDJicGswEAE,Hyderabad,"Latitude: 17.4176772, Longitude: 78.4566974",11162.0,4-star hotel,4.5,14347,Breakfast ($) | Free Wi-Fi | Free parking | Air conditioning | Fitness center | Bar | Restaurant | Room service | Airport shuttle | Full-service laundry | Accessible | Business center | Kid-friendly | Smoke-free property,"This place offers breathtaking views and the real MVP is Bishot, who is so welcoming and shows what 10/10 in hospitality looks like.",5,Edited 5 days ago,Google,Central Hyderabad
Mercure Hyderabad KCP,ChkI2L38tMSLptF-Gg0vZy8xMWNtMDJicGswEAE,Hyderabad,"Latitude: 17.4176772, Longitude: 78.4566974",11162.0,4-star hotel,4.5,14347,Breakfast ($) | Free Wi-Fi | Free parking | Air conditioning | Fitness center | Bar | Restaurant | Room service | Airport shuttle | Full-service laundry | Accessible | Business center | Kid-friendly | Smoke-free property,"One of the worst hotel experiences I’ve had as cabin crew. Having stayed at numerous hotels for work, the lack of coordination here is extremely disappointing. Laundry is often delayed, and takeaway orders are forgotten or not prepared on time despite being informed in advance. Overall, a very frustrating experience.",1,a week ago,Google,Central Hyderabad
Mercure Hyderabad KCP,ChkI2L38tMSLptF-Gg0vZy8xMWNtMDJicGswEAE,Hyderabad,"Latitude: 17.4176772, Longitude: 78.4566974",11162.0,4-star hotel,4.5,14347,Breakfast ($) | Free Wi-Fi | Free parking | Air conditioning | Fitness center | Bar | Restaurant | Room service | Airport shuttle | Full-service laundry | Accessible | Business center | Kid-friendly | Smoke-free property,Good and clean room thanku front office team and housekeeping team...,5,a week ago,Google,Central Hyderabad
Mercure Hyderabad KCP,ChkI2L38tMSLptF-Gg0vZy8xMWNtMDJicGswEAE,Hyderabad,"Latitude: 17.4176772, Longitude: 78.4566974",11162.0,4-star hotel,4.5,14347,Breakfast ($) | Free Wi-Fi | Free parking | Air conditioning | Fitness center | Bar | Restaurant | Room service | Airport shuttle | Full-service laundry | Accessible | Business center | Kid-friendly | Smoke-free property,Good room and good fromt desk team,5,a week ago,Google,Central Hyderabad
Mercure Hyderabad KCP,ChkI2L38tMSLptF-Gg0vZy8xMWNtMDJicGswEAE,Hyderabad,"Latitude: 17.4176772, Longitude: 78.4566974",11162.0,4-star hotel,4.5,14347,Breakfast ($) | Free Wi-Fi | Free parking | Air conditioning | Fitness center | Bar | Restaurant | Room service | Airport shuttle | Full-service laundry | Accessible | Business center | Kid-friendly | Smoke-free property,Good room and good front desk,5,a week ago,Google,Central Hyderabad
Mercure Hyderabad KCP,ChkI2L38tMSLptF-Gg0vZy8xMWNtMDJicGswEAE,Hyderabad,"Latitude: 17.4176772, Longitude: 78.4566974",11162.0,4-star hotel,4.5,14347,Breakfast ($) | Free Wi-Fi | Free parking | Air conditioning | Fitness center | Bar | Restaurant | Room service | Airport shuttle | Full-service laundry | Accessible | Business center | Kid-friendly | Smoke-free property,Good rooms and hygiene good service good front desk team,5,a week ago,Google,Central Hyderabad
Mercure Hyderabad KCP,ChkI2L38tMSLptF-Gg0vZy8xMWNtMDJicGswEAE,Hyderabad,"Latitude: 17.4176772, Longitude: 78.4566974",11162.0,4-star hotel,4.5,14347,Breakfast ($) | Free Wi-Fi | Free parking | Air conditioning | Fitness center | Bar | Restaurant | Room service | Airport shuttle | Full-service laundry | Accessible | Business center | Kid-friendly | Smoke-free property,Good rooms and good service good front desk team,5,a week ago,Google,Central Hyderabad
Mercure Hyderabad KCP,ChkI2L38tMSLptF-Gg0vZy8xMWNtMDJicGswEAE,Hyderabad,"Latitude: 17.4176772, Longitude: 78.4566974",11162.0,4-star hotel,4.5,14347,Breakfast ($) | Free Wi-Fi | Free parking | Air conditioning | Fitness center | Bar | Restaurant | Room service | Airport shuttle | Full-service laundry | Accessible | Business center | Kid-friendly | Smoke-free property,Good rooms and hygiene clean bathroom good service and good front desk staff,5,a week ago,Google,Central Hyderabad
Mercure Hyderabad KCP,ChkI2L38tMSLptF-Gg0vZy8xMWNtMDJicGswEAE,Hyderabad,"Latitude: 17.4176772, Longitude: 78.4566974",11162.0,4-star hotel,4.5,14347,Breakfast ($) | Free Wi-Fi | Free parking | Air conditioning | Fitness center | Bar | Restaurant | Room service | Airport shuttle | Full-service laundry | Accessible | Business center | Kid-friendly | Smoke-free property,Good Rooms And Lobby And Staff,5,a week ago,Google,Central Hyderabad
Mercure Hyderabad KCP,ChkI2L38tMSLptF-Gg0vZy8xMWNtMDJicGswEAE,Hyderabad,"Latitude: 17.4176772, Longitude: 78.4566974",11162.0,4-star hotel,4.5,14347,Breakfast ($) | Free Wi-Fi | Free parking | Air conditioning | Fitness center | Bar | Restaurant | Room service | Airport shuttle | Full-service laundry | Accessible | Business center | Kid-friendly | Smoke-free property,Good room and good front desk team,5,a week ago,Google,Central Hyderabad
Mercure Hyderabad KCP,ChkI2L38tMSLptF-Gg0vZy8xMWNtMDJicGswEAE,Hyderabad,"Latitude: 17.4176772, Longitude: 78.4566974",11162.0,4-star hotel,4.5,14347,Breakfast ($) | Free Wi-Fi | Free parking | Air conditioning | Fitness center | Bar | Restaurant | Room service | Airport shuttle | Full-service laundry | Accessible | Business center | Kid-friendly | Smoke-free property,Excellent customer service and support by Mercure Hotel under Allcor hotel chains,5,a week ago,Google,Central Hyderabad
Mercure Hyderabad KCP,ChkI2L38tMSLptF-Gg0vZy8xMWNtMDJicGswEAE,Hyderabad,"Latitude: 17.4176772, Longitude: 78.4566974",11162.0,4-star hotel,4.5,14347,Breakfast ($) | Free Wi-Fi | Free parking | Air conditioning | Fitness center | Bar | Restaurant | Room service | Airport shuttle | Full-service laundry | Accessible | Business center | Kid-friendly | Smoke-free property,"ideal place for business stay
AC effect in rooms are not good
Breakfast spread is good and staff are very nice",4,a week ago,Google,Central Hyderabad
Mercure Hyderabad KCP,ChkI2L38tMSLptF-Gg0vZy8xMWNtMDJicGswEAE,Hyderabad,"Latitude: 17.4176772, Longitude: 78.4566974",11162.0,4-star hotel,4.5,14347,Breakfast ($) | Free Wi-Fi | Free parking | Air conditioning | Fitness center | Bar | Restaurant | Room service | Airport shuttle | Full-service laundry | Accessible | Business center | Kid-friendly | Smoke-free property,"The chicken tasted and smelled spoiled—extremely concerning food quality and hygiene, definitely not something customers should be served.",1,a week ago,Google,Central Hyderabad
Mercure Hyderabad KCP,ChkI2L38tMSLptF-Gg0vZy8xMWNtMDJicGswEAE,Hyderabad,"Latitude: 17.4176772, Longitude: 78.4566974",11162.0,4-star hotel,4.5,14347,Breakfast ($) | Free Wi-Fi | Free parking | Air conditioning | Fitness center | Bar | Restaurant | Room service | Airport shuttle | Full-service laundry | Accessible | Business center | Kid-friendly | Smoke-free property,Mercury is a decent hotel situated at the heart of Hyderabad. Rooms are spacious and are priced very reasonably considering the location and the facilities provided. A good option for anyone who wants to have a good stay in the heart of Hyderabad..!,4,a week ago,Google,Central Hyderabad
Mercure Hyderabad KCP,ChkI2L38tMSLptF-Gg0vZy8xMWNtMDJicGswEAE,Hyderabad,"Latitude: 17.4176772, Longitude: 78.4566974",11162.0,4-star hotel,4.5,14347,Breakfast ($) | Free Wi-Fi | Free parking | Air conditioning | Fitness center | Bar | Restaurant | Room service | Airport shuttle | Full-service laundry | Accessible | Business center | Kid-friendly | Smoke-free property,All is Good rooms and Good  front desk team,5,a week ago,Google,Central Hyderabad
Mercure Hyderabad KCP,ChkI2L38tMSLptF-Gg0vZy8xMWNtMDJicGswEAE,Hyderabad,"Latitude: 17.4176772, Longitude: 78.4566974",11162.0,4-star hotel,4.5,14347,Breakfast ($) | Free Wi-Fi | Free parking | Air conditioning | Fitness center | Bar | Restaurant | Room service | Airport shuttle | Full-service laundry | Accessible | Business center | Kid-friendly | Smoke-free property,Had a Great stay,2,a week ago,Google,Central Hyderabad
Mercure Hyderabad KCP,ChkI2L38tMSLptF-Gg0vZy8xMWNtMDJicGswEAE,Hyderabad,"Latitude: 17.4176772, Longitude: 78.4566974",11162.0,4-star hotel,4.5,14347,Breakfast ($) | Free Wi-Fi | Free parking | Air conditioning | Fitness center | Bar | Restaurant | Room service | Airport shuttle | Full-service laundry | Accessible | Business center | Kid-friendly | Smoke-free property,The room clean perfectly,5,a week ago,Google,Central Hyderabad
FabHotel Tanisha,ChgI86T-4qLIwe7KARoLL2cvMXRjX3BnZnAQAQ,Hyderabad,"Latitude: 17.4327459, Longitude: 78.4464574",,1-star hotel,3.4,567,Free breakfast | Wi-Fi | Parking | Air conditioning | Restaurant | Room service | Kitchen in some rooms | Full-service laundry | Kid-friendly,Best,5,10 months ago,Google,Central Hyderabad
FabHotel Tanisha,ChgI86T-4qLIwe7KARoLL2cvMXRjX3BnZnAQAQ,Hyderabad,"Latitude: 17.4327459, Longitude: 78.4464574",,1-star hotel,3.4,567,Free breakfast | Wi-Fi | Parking | Air conditioning | Restaurant | Room service | Kitchen in some rooms | Full-service laundry | Kid-friendly,"I've seen the ad.It was the best hotel I was thick.But actually, it is the @worrest of the worst hotel in the Ameerpet area i highly recommend go to that hotel. Because in the room, there are lot of 🪳🪳🪳 🪳 don't waste your money while you are spending in the room",1,11 months ago,Google,Central Hyderabad
FabHotel Tanisha,ChgI86T-4qLIwe7KARoLL2cvMXRjX3BnZnAQAQ,Hyderabad,"Latitude: 17.4327459, Longitude: 78.4464574",,1-star hotel,3.4,567,Free breakfast | Wi-Fi | Parking | Air conditioning | Restaurant | Room service | Kitchen in some rooms | Full-service laundry | Kid-friendly,Good...,5,3 years ago,Google,Central Hyderabad
FabHotel Tanisha,ChgI86T-4qLIwe7KARoLL2cvMXRjX3BnZnAQAQ,Hyderabad,"Latitude: 17.4327459, Longitude: 78.4464574",,1-star hotel,3.4,567,Free breakfast | Wi-Fi | Parking | Air conditioning | Restaurant | Room service | Kitchen in some rooms | Full-service laundry | Kid-friendly,Nice,5,4 years ago,Google,Central Hyderabad
FabHotel Tanisha,ChgI86T-4qLIwe7KARoLL2cvMXRjX3BnZnAQAQ,Hyderabad,"Latitude: 17.4327459, Longitude: 78.4464574",,1-star hotel,3.4,567,Free breakfast | Wi-Fi | Parking | Air conditioning | Restaurant | Room service | Kitchen in some rooms | Full-service laundry | Kid-friendly,Pre check-in not available,2,4 years ago,Google,Central Hyderabad
FabHotel Tanisha,ChgI86T-4qLIwe7KARoLL2cvMXRjX3BnZnAQAQ,Hyderabad,"Latitude: 17.4327459, Longitude: 78.4464574",,1-star hotel,3.4,567,Free breakfast | Wi-Fi | Parking | Air conditioning | Restaurant | Room service | Kitchen in some rooms | Full-service laundry | Kid-friendly,Terrible,1,4 years ago,Google,Central Hyderabad
FabHotel Tanisha,ChgI86T-4qLIwe7KARoLL2cvMXRjX3BnZnAQAQ,Hyderabad,"Latitude: 17.4327459, Longitude: 78.4464574",,1-star hotel,3.4,567,Free breakfast | Wi-Fi | Parking | Air conditioning | Restaurant | Room service | Kitchen in some rooms | Full-service laundry | Kid-friendly,Good but need more maintenance,2,4 years ago,Google,Central Hyderabad
FabHotel Tanisha,ChgI86T-4qLIwe7KARoLL2cvMXRjX3BnZnAQAQ,Hyderabad,"Latitude: 17.4327459, Longitude: 78.4464574",,1-star hotel,3.4,567,Free breakfast | Wi-Fi | Parking | Air conditioning | Restaurant | Room service | Kitchen in some rooms | Full-service laundry | Kid-friendly,😊☺️😊,5,4 years ago,Google,Central Hyderabad
FabHotel Tanisha,ChgI86T-4qLIwe7KARoLL2cvMXRjX3BnZnAQAQ,Hyderabad,"Latitude: 17.4327459, Longitude: 78.4464574",,1-star hotel,3.4,567,Free breakfast | Wi-Fi | Parking | Air conditioning | Restaurant | Room service | Kitchen in some rooms | Full-service laundry | Kid-friendly,Valgar place,1,Edited 4 years ago,Google,Central Hyderabad
FabHotel Tanisha,ChgI86T-4qLIwe7KARoLL2cvMXRjX3BnZnAQAQ,Hyderabad,"Latitude: 17.4327459, Longitude: 78.4464574",,1-star hotel,3.4,567,Free breakfast | Wi-Fi | Parking | Air conditioning | Restaurant | Room service | Kitchen in some rooms | Full-service laundry | Kid-friendly,Different from online price,1,4 years ago,Google,Central Hyderabad
HOTEL O by OYO CLASSIC INN,ChoIxoucjIbi6bPCARoNL2cvMTFrcTVtbHoybBAB,Hyderabad,"Latitude: 17.4264594, Longitude: 78.4529882",,,4.0,17,,Very good,5,a year ago,Google,Central Hyderabad
HOTEL O by OYO CLASSIC INN,ChoIxoucjIbi6bPCARoNL2cvMTFrcTVtbHoybBAB,Hyderabad,"Latitude: 17.4264594, Longitude: 78.4529882",,,4.0,17,,"The person in the lobby in the morning was quite nice. He was courteous and respectful. The rooms were alright. The bathroom door had a broken lock. The sheets were very dirty. The TV doesn't work. The stay itself was kind of alright. We checked out 3 hrs earlier than what we said at the time of check-in. Mind that we only stayed for 15 hrs even though we paid for 24 hrs. Unfortunately our bus got delayed a bit. So we went back to the hotel and requested that we would stay for just half an hour more. But the person in charge at night said NO. We even requested to just sit and wait in the lobby for some time, but the person said no and asked us to leave because we've already checked out. Wasn't the pleasant experience I was hoping for.",2,2 years ago,Google,Central Hyderabad
HOTEL O by OYO CLASSIC INN,ChoIxoucjIbi6bPCARoNL2cvMTFrcTVtbHoybBAB,Hyderabad,"Latitude: 17.4264594, Longitude: 78.4529882",,,4.0,17,,Good Hospitality,3,3 years ago,Google,Central Hyderabad
HOTEL O by OYO CLASSIC INN,ChoIxoucjIbi6bPCARoNL2cvMTFrcTVtbHoybBAB,Hyderabad,"Latitude: 17.4264594, Longitude: 78.4529882",,,4.0,17,,"Looks like scam, why will a hotel not give its contact details and all reviews are 5 star without any details of stay, how is it possible for a hotel, google plz review it",2,3 years ago,Google,Central Hyderabad
HOTEL O by OYO CLASSIC INN,ChoIxoucjIbi6bPCARoNL2cvMTFrcTVtbHoybBAB,Hyderabad,"Latitude: 17.4264594, Longitude: 78.4529882",,,4.0,17,,Good,5,3 years ago,Google,Central Hyderabad
HOTEL O by OYO CLASSIC INN,ChoIxoucjIbi6bPCARoNL2cvMTFrcTVtbHoybBAB,Hyderabad,"Latitude: 17.4264594, Longitude: 78.4529882",,,4.0,17,,Not good,4,3 years ago,Google,Central Hyderabad
HOTEL O by OYO CLASSIC INN,ChoIxoucjIbi6bPCARoNL2cvMTFrcTVtbHoybBAB,Hyderabad,"Latitude: 17.4264594, Longitude: 78.4529882",,,4.0,17,,Denied Room even after booking and full payment online. Worst Experience.,1,3 years ago,Google,Central Hyderabad
SPOT ON Hotel Sai Ashirwad Residency,ChkIuPL5l_yApLBPGg0vZy8xMWwxY3gyNXdqEAE,Hyderabad,"Latitude: 17.4264845, Longitude: 78.4516125",1272.0,,2.1,21,Free breakfast | Wi-Fi | Parking | Pool | Room service | Kitchen in some rooms | Smoke-free property,Worst place better to avoid,1,a month ago,Google,Central Hyderabad
SPOT ON Hotel Sai Ashirwad Residency,ChkIuPL5l_yApLBPGg0vZy8xMWwxY3gyNXdqEAE,Hyderabad,"Latitude: 17.4264845, Longitude: 78.4516125",1272.0,,2.1,21,Free breakfast | Wi-Fi | Parking | Pool | Room service | Kitchen in some rooms | Smoke-free property,Cheap and best,3,a year ago,Google,Central Hyderabad
SPOT ON Hotel Sai Ashirwad Residency,ChkIuPL5l_yApLBPGg0vZy8xMWwxY3gyNXdqEAE,Hyderabad,"Latitude: 17.4264845, Longitude: 78.4516125",1272.0,,2.1,21,Free breakfast | Wi-Fi | Parking | Pool | Room service | Kitchen in some rooms | Smoke-free property,It's ok for below middle class,1,a year ago,Google,Central Hyderabad
SPOT ON Hotel Sai Ashirwad Residency,ChkIuPL5l_yApLBPGg0vZy8xMWwxY3gyNXdqEAE,Hyderabad,"Latitude: 17.4264845, Longitude: 78.4516125",1272.0,,2.1,21,Free breakfast | Wi-Fi | Parking | Pool | Room service | Kitchen in some rooms | Smoke-free property,Rajeshwari good service,5,a year ago,Google,Central Hyderabad
SPOT ON Hotel Sai Ashirwad Residency,ChkIuPL5l_yApLBPGg0vZy8xMWwxY3gyNXdqEAE,Hyderabad,"Latitude: 17.4264845, Longitude: 78.4516125",1272.0,,2.1,21,Free breakfast | Wi-Fi | Parking | Pool | Room service | Kitchen in some rooms | Smoke-free property,The location is good for connectivity but rooms and service is just okay okay. Not suitable for family stay for long time.,3,a year ago,Google,Central Hyderabad
SPOT ON Hotel Sai Ashirwad Residency,ChkIuPL5l_yApLBPGg0vZy8xMWwxY3gyNXdqEAE,Hyderabad,"Latitude: 17.4264845, Longitude: 78.4516125",1272.0,,2.1,21,Free breakfast | Wi-Fi | Parking | Pool | Room service | Kitchen in some rooms | Smoke-free property,"I strongly recommend not to book this hotel.
The management is very bad. I booked this hotel through online but when we went they are saying rooms are not available and made a drama for extra money even after paying more they gave very... bad roms you can't stay there for a minute. There is no ac, no fan, no wifi, no hot water, even in the morning water also not there.",1,a year ago,Google,Central Hyderabad
SPOT ON Hotel Sai Ashirwad Residency,ChkIuPL5l_yApLBPGg0vZy8xMWwxY3gyNXdqEAE,Hyderabad,"Latitude: 17.4264845, Longitude: 78.4516125",1272.0,,2.1,21,Free breakfast | Wi-Fi | Parking | Pool | Room service | Kitchen in some rooms | Smoke-free property,Don't judge the book by its cover,1,a year ago,Google,Central Hyderabad
SPOT ON Hotel Sai Ashirwad Residency,ChkIuPL5l_yApLBPGg0vZy8xMWwxY3gyNXdqEAE,Hyderabad,"Latitude: 17.4264845, Longitude: 78.4516125",1272.0,,2.1,21,Free breakfast | Wi-Fi | Parking | Pool | Room service | Kitchen in some rooms | Smoke-free property,"Very bad service, not clean at all, all the blanket, pillow, sheets weren't clean. It was like used by the previous occupier.  Nothing compared to the images on the OYO application. Pan stains everywhere, used soap bars in toilet, and hair remains everywhere. I got a severe allergy attack when i entered the room. I couldn't sleep because of the sounds of renovation and people around. Mould growing everywhere.",1,a year ago,Google,Central Hyderabad
SPOT ON Hotel Sai Ashirwad Residency,ChkIuPL5l_yApLBPGg0vZy8xMWwxY3gyNXdqEAE,Hyderabad,"Latitude: 17.4264845, Longitude: 78.4516125",1272.0,,2.1,21,Free breakfast | Wi-Fi | Parking | Pool | Room service | Kitchen in some rooms | Smoke-free property,Very worst behavior of the owner and water facility not there just they will give a bucket water for whole day.. rooms are dirty and no cleaning is there daily.. some electric shocks occur at switch boards.. better no to use this hotel..,1,2 years ago,Google,Central Hyderabad
SPOT ON Hotel Sai Ashirwad Residency,ChkIuPL5l_yApLBPGg0vZy8xMWwxY3gyNXdqEAE,Hyderabad,"Latitude: 17.4264845, Longitude: 78.4516125",1272.0,,2.1,21,Free breakfast | Wi-Fi | Parking | Pool | Room service | Kitchen in some rooms | Smoke-free property,"Booked this hotel from the Oyo app, paid 499 rupees, after payment went to the hotel, the receptionist told us that they are not accepting  booking from OYO.
Even the receptionist's behaviour is very rude.
Kindly don't book this hotel in an urgent situation. You may end up losing money.
Kindly look for another hotel who will provide good customer service.",1,2 years ago,Google,Central Hyderabad
SPOT ON Hotel Sai Ashirwad Residency,ChkIuPL5l_yApLBPGg0vZy8xMWwxY3gyNXdqEAE,Hyderabad,"Latitude: 17.4264845, Longitude: 78.4516125",1272.0,,2.1,21,Free breakfast | Wi-Fi | Parking | Pool | Room service | Kitchen in some rooms | Smoke-free property,"I recommend not to book this hotel, the waste & terrible care of address the 405 Room is the Worst room ever i seen",1,2 years ago,Google,Central Hyderabad
SPOT ON Hotel Sai Ashirwad Residency,ChkIuPL5l_yApLBPGg0vZy8xMWwxY3gyNXdqEAE,Hyderabad,"Latitude: 17.4264845, Longitude: 78.4516125",1272.0,,2.1,21,Free breakfast | Wi-Fi | Parking | Pool | Room service | Kitchen in some rooms | Smoke-free property,"Booked this hotel from Oyo app, payment fully done 470 rupees, after payment went to hotel, receptionist told me we don't have access to Oyo , it's a cheating management
Finally I paid another 500 rupees there to stay for that night , how pathetic and how ki d of scam this Oyo doing to public , this review will helps you to better I hope u all",1,2 years ago,Google,Central Hyderabad
OYO The Plaza Near Lumbini Park,ChkI5fS87IuD-8UtGg0vZy8xMWR4bDg0eHA4EAE,Hyderabad,"Latitude: 17.43402, Longitude: 78.45524",5859.0,3-star hotel,4.3,194,Free breakfast | Free Wi-Fi | Parking | Air conditioning | Restaurant | Room service | Kitchen in some rooms | Full-service laundry | Kid-friendly,Nice,4,10 months ago,Google,Central Hyderabad
OYO The Plaza Near Lumbini Park,ChkI5fS87IuD-8UtGg0vZy8xMWR4bDg0eHA4EAE,Hyderabad,"Latitude: 17.43402, Longitude: 78.45524",5859.0,3-star hotel,4.3,194,Free breakfast | Free Wi-Fi | Parking | Air conditioning | Restaurant | Room service | Kitchen in some rooms | Full-service laundry | Kid-friendly,Spacious room and superb service prime location,5,a year ago,Google,Central Hyderabad
OYO The Plaza Near Lumbini Park,ChkI5fS87IuD-8UtGg0vZy8xMWR4bDg0eHA4EAE,Hyderabad,"Latitude: 17.43402, Longitude: 78.45524",5859.0,3-star hotel,4.3,194,Free breakfast | Free Wi-Fi | Parking | Air conditioning | Restaurant | Room service | Kitchen in some rooms | Full-service laundry | Kid-friendly,Good and spacious. Excellent breakfast.,5,a year ago,Google,Central Hyderabad
OYO The Plaza Near Lumbini Park,ChkI5fS87IuD-8UtGg0vZy8xMWR4bDg0eHA4EAE,Hyderabad,"Latitude: 17.43402, Longitude: 78.45524",5859.0,3-star hotel,4.3,194,Free breakfast | Free Wi-Fi | Parking | Air conditioning | Restaurant | Room service | Kitchen in some rooms | Full-service laundry | Kid-friendly,Superb hotel and restaurant and services including front desk....very sincere attitude,5,a year ago,Google,Central Hyderabad
OYO The Plaza Near Lumbini Park,ChkI5fS87IuD-8UtGg0vZy8xMWR4bDg0eHA4EAE,Hyderabad,"Latitude: 17.43402, Longitude: 78.45524",5859.0,3-star hotel,4.3,194,Free breakfast | Free Wi-Fi | Parking | Air conditioning | Restaurant | Room service | Kitchen in some rooms | Full-service laundry | Kid-friendly,"Good rooms with good location.
They have a lot of tourist-related services as well within the hotel complex.
There is a swimming pool also for guests to unwind.
They should make a gym as well which can add value to the property.
The in-house restaurant has nice options but can be costly compared to the options you can get outside in nearby places.
Shopping options are nearby only like lifestyle, Westside and other major brands.",4,a year ago,Google,Central Hyderabad
OYO The Plaza Near Lumbini Park,ChkI5fS87IuD-8UtGg0vZy8xMWR4bDg0eHA4EAE,Hyderabad,"Latitude: 17.43402, Longitude: 78.45524",5859.0,3-star hotel,4.3,194,Free breakfast | Free Wi-Fi | Parking | Air conditioning | Restaurant | Room service | Kitchen in some rooms | Full-service laundry | Kid-friendly,Awesome location with all the facilities which should be available in a 3 star hotel it is available polite staff. Breakfast taste was good.,5,2 years ago,Google,Central Hyderabad
OYO The Plaza Near Lumbini Park,ChkI5fS87IuD-8UtGg0vZy8xMWR4bDg0eHA4EAE,Hyderabad,"Latitude: 17.43402, Longitude: 78.45524",5859.0,3-star hotel,4.3,194,Free breakfast | Free Wi-Fi | Parking | Air conditioning | Restaurant | Room service | Kitchen in some rooms | Full-service laundry | Kid-friendly,"Recently I stayed here for 3 nights. I had an appointment at Win vision hospital. It's just next to the hotel. The hotel is too good. All the staff members including room service and house keeping piare very good. The restaurant is awesome with a wonderful breakfast ,lunch and dinner. Outside the entrance of the hotel are several stalls of chat,pizza etc. I would highly recommend you to visit the hotel and enjoy the stay.",4,Edited 2 years ago,Google,Central Hyderabad
OYO The Plaza Near Lumbini Park,ChkI5fS87IuD-8UtGg0vZy8xMWR4bDg0eHA4EAE,Hyderabad,"Latitude: 17.43402, Longitude: 78.45524",5859.0,3-star hotel,4.3,194,Free breakfast | Free Wi-Fi | Parking | Air conditioning | Restaurant | Room service | Kitchen in some rooms | Full-service laundry | Kid-friendly,Nice ambience! Good rooms to stay.. Nice staff behaviour! Good breakfast!! Good selection on food menu..Overallexcellent place to stay in the centre of the town!!,5,2 years ago,Google,Central Hyderabad
OYO The Plaza Near Lumbini Park,ChkI5fS87IuD-8UtGg0vZy8xMWR4bDg0eHA4EAE,Hyderabad,"Latitude: 17.43402, Longitude: 78.45524",5859.0,3-star hotel,4.3,194,Free breakfast | Free Wi-Fi | Parking | Air conditioning | Restaurant | Room service | Kitchen in some rooms | Full-service laundry | Kid-friendly,Good place and tasty food,5,2 years ago,Google,Central Hyderabad
OYO The Plaza Near Lumbini Park,ChkI5fS87IuD-8UtGg0vZy8xMWR4bDg0eHA4EAE,Hyderabad,"Latitude: 17.43402, Longitude: 78.45524",5859.0,3-star hotel,4.3,194,Free breakfast | Free Wi-Fi | Parking | Air conditioning | Restaurant | Room service | Kitchen in some rooms | Full-service laundry | Kid-friendly,Rooms are good. Breakfast was very nice and there were more varieties to taste.,4,2 years ago,Google,Central Hyderabad
OYO The Plaza Near Lumbini Park,ChkI5fS87IuD-8UtGg0vZy8xMWR4bDg0eHA4EAE,Hyderabad,"Latitude: 17.43402, Longitude: 78.45524",5859.0,3-star hotel,4.3,194,Free breakfast | Free Wi-Fi | Parking | Air conditioning | Restaurant | Room service | Kitchen in some rooms | Full-service laundry | Kid-friendly,This is a nice hotel at a premium price. I have been told that this property belongs to the state government. Telangana tourist department and Indian department office is also there in the hotel.,5,2 years ago,Google,Central Hyderabad
OYO The Plaza Near Lumbini Park,ChkI5fS87IuD-8UtGg0vZy8xMWR4bDg0eHA4EAE,Hyderabad,"Latitude: 17.43402, Longitude: 78.45524",5859.0,3-star hotel,4.3,194,Free breakfast | Free Wi-Fi | Parking | Air conditioning | Restaurant | Room service | Kitchen in some rooms | Full-service laundry | Kid-friendly,"Good hotel with professional service and good food It's a good hotel run by the telangana tourism department and is not away from the city as it is located in begumpet.  The hotel is in a building which has another coffee shop and travel agencies with ample parking in the basement and frontage. It is not like a hotel lobby but more like you are entering a shopping mall and then to the hotel reception.
Very good experience. Like it, food is also very nice staff is very cooperative and helpful location is also very convenient",4,2 years ago,Google,Central Hyderabad
Hotel IN Nova,ChgI0prUmruKnNxlGgwvZy8xMmhwcjNqMTIQAQ,Hyderabad,"Latitude: 17.4264741, Longitude: 78.4515828",,2-star hotel,3.5,218,Free breakfast | Wi-Fi | Room service | Airport shuttle | Full-service laundry,"• The room was spotless, spacious, and very comfortable.
• All the staff members were friendly, welcoming, and quick to h",5,a day ago,Google,Central Hyderabad
Hotel IN Nova,ChgI0prUmruKnNxlGgwvZy8xMmhwcjNqMTIQAQ,Hyderabad,"Latitude: 17.4264741, Longitude: 78.4515828",,2-star hotel,3.5,218,Free breakfast | Wi-Fi | Room service | Airport shuttle | Full-service laundry,"The worst hotel I have ever stayed in cockroaches every where, commode is blocked, stains allover bed sheet and hair everywhere..",1,a month ago,Google,Central Hyderabad
Hotel IN Nova,ChgI0prUmruKnNxlGgwvZy8xMmhwcjNqMTIQAQ,Hyderabad,"Latitude: 17.4264741, Longitude: 78.4515828",,2-star hotel,3.5,218,Free breakfast | Wi-Fi | Room service | Airport shuttle | Full-service laundry,Tasty,5,a month ago,Google,Central Hyderabad
Hotel IN Nova,ChgI0prUmruKnNxlGgwvZy8xMmhwcjNqMTIQAQ,Hyderabad,"Latitude: 17.4264741, Longitude: 78.4515828",,2-star hotel,3.5,218,Free breakfast | Wi-Fi | Room service | Airport shuttle | Full-service laundry,Unprofessional management service not good,1,11 months ago,Google,Central Hyderabad
Hotel IN Nova,ChgI0prUmruKnNxlGgwvZy8xMmhwcjNqMTIQAQ,Hyderabad,"Latitude: 17.4264741, Longitude: 78.4515828",,2-star hotel,3.5,218,Free breakfast | Wi-Fi | Room service | Airport shuttle | Full-service laundry,No parking space,3,a year ago,Google,Central Hyderabad
Hotel IN Nova,ChgI0prUmruKnNxlGgwvZy8xMmhwcjNqMTIQAQ,Hyderabad,"Latitude: 17.4264741, Longitude: 78.4515828",,2-star hotel,3.5,218,Free breakfast | Wi-Fi | Room service | Airport shuttle | Full-service laundry,I selected flexi check in option in goibibo and it showed this stupid hotel I booked as I dint have a choice I checked-in at 7am and as per goibibo it says flexin would be from the time of check in to next 24 hrs so all good with that however they refused my check in at 7am and demanded me to pay extra for early check-in so I had to pay them 400rs the rooms are not clean A/c we cannot control the temperature even for hot water we need to ask the reception to turn on the water heater so when ever I need hot water I need to ask the reception and they turn it on only from 5 minutes not recommended to stay at this place,1,a year ago,Google,Central Hyderabad
Hotel IN Nova,ChgI0prUmruKnNxlGgwvZy8xMmhwcjNqMTIQAQ,Hyderabad,"Latitude: 17.4264741, Longitude: 78.4515828",,2-star hotel,3.5,218,Free breakfast | Wi-Fi | Room service | Airport shuttle | Full-service laundry,Very good service,5,2 years ago,Google,Central Hyderabad
Hotel IN Nova,ChgI0prUmruKnNxlGgwvZy8xMmhwcjNqMTIQAQ,Hyderabad,"Latitude: 17.4264741, Longitude: 78.4515828",,2-star hotel,3.5,218,Free breakfast | Wi-Fi | Room service | Airport shuttle | Full-service laundry,Ok,4,2 years ago,Google,Central Hyderabad
Hotel IN Nova,ChgI0prUmruKnNxlGgwvZy8xMmhwcjNqMTIQAQ,Hyderabad,"Latitude: 17.4264741, Longitude: 78.4515828",,2-star hotel,3.5,218,Free breakfast | Wi-Fi | Room service | Airport shuttle | Full-service laundry,Not bed,3,2 years ago,Google,Central Hyderabad
Hotel IN Nova,ChgI0prUmruKnNxlGgwvZy8xMmhwcjNqMTIQAQ,Hyderabad,"Latitude: 17.4264741, Longitude: 78.4515828",,2-star hotel,3.5,218,Free breakfast | Wi-Fi | Room service | Airport shuttle | Full-service laundry,"It's not good in value of money. Just like cheap lodging rooms. Tarrif like 2star hotel. In bedrooms many cockroach, ant and mosquito was there. Manager was anable to provide allout or says that he is not responsible for it.",2,2 years ago,Google,Central Hyderabad
Hotel IN Nova,ChgI0prUmruKnNxlGgwvZy8xMmhwcjNqMTIQAQ,Hyderabad,"Latitude: 17.4264741, Longitude: 78.4515828",,2-star hotel,3.5,218,Free breakfast | Wi-Fi | Room service | Airport shuttle | Full-service laundry,Nice Food,5,2 years ago,Google,Central Hyderabad
Hotel IN Nova,ChgI0prUmruKnNxlGgwvZy8xMmhwcjNqMTIQAQ,Hyderabad,"Latitude: 17.4264741, Longitude: 78.4515828",,2-star hotel,3.5,218,Free breakfast | Wi-Fi | Room service | Airport shuttle | Full-service laundry,No windows in the room and there are no A/c in rooms never talking about the service as they don't give but the location where is hotel is is not so good,1,2 years ago,Google,Central Hyderabad
Hotel IN Nova,ChgI0prUmruKnNxlGgwvZy8xMmhwcjNqMTIQAQ,Hyderabad,"Latitude: 17.4264741, Longitude: 78.4515828",,2-star hotel,3.5,218,Free breakfast | Wi-Fi | Room service | Airport shuttle | Full-service laundry,Best place,5,2 years ago,Google,Central Hyderabad
Hotel IN Nova,ChgI0prUmruKnNxlGgwvZy8xMmhwcjNqMTIQAQ,Hyderabad,"Latitude: 17.4264741, Longitude: 78.4515828",,2-star hotel,3.5,218,Free breakfast | Wi-Fi | Room service | Airport shuttle | Full-service laundry,"Worst place to stay, no hot water, no ac, no parking waste of money",1,2 years ago,Google,Central Hyderabad
Hotel IN Nova,ChgI0prUmruKnNxlGgwvZy8xMmhwcjNqMTIQAQ,Hyderabad,"Latitude: 17.4264741, Longitude: 78.4515828",,2-star hotel,3.5,218,Free breakfast | Wi-Fi | Room service | Airport shuttle | Full-service laundry,Lift is not good condition and very dangerous,3,3 years ago,Google,Central Hyderabad
Hotel O by OYO 9 Inn,ChkIssHensrsiu4RGg0vZy8xMXM1czh6d2hxEAE,Hyderabad,"Latitude: 17.424100199999998, Longitude: 78.4541443",,,4.6,72,Smoke-free property,I wish there was a zero ratting option.,1,a year ago,Google,Central Hyderabad
Hotel O by OYO 9 Inn,ChkIssHensrsiu4RGg0vZy8xMXM1czh6d2hxEAE,Hyderabad,"Latitude: 17.424100199999998, Longitude: 78.4541443",,,4.6,72,Smoke-free property,Good,5,Edited a year ago,Google,Central Hyderabad
Hotel O by OYO 9 Inn,ChkIssHensrsiu4RGg0vZy8xMXM1czh6d2hxEAE,Hyderabad,"Latitude: 17.424100199999998, Longitude: 78.4541443",,,4.6,72,Smoke-free property,"Rooms are ok, staff behavior is not good at all, room service is not good, housekeeping is not good, no matter how many times I ask to clean the room, it is not done.",1,2 years ago,Google,Central Hyderabad
Hotel O by OYO 9 Inn,ChkIssHensrsiu4RGg0vZy8xMXM1czh6d2hxEAE,Hyderabad,"Latitude: 17.424100199999998, Longitude: 78.4541443",,,4.6,72,Smoke-free property,"Don't go to this hotel.
Staff and management rude behaviour,
Rooms are worset not hygine.
They are money minded not to customer service.",1,2 years ago,Google,Central Hyderabad
Hotel O by OYO 9 Inn,ChkIssHensrsiu4RGg0vZy8xMXM1czh6d2hxEAE,Hyderabad,"Latitude: 17.424100199999998, Longitude: 78.4541443",,,4.6,72,Smoke-free property,Fantastic facility and hospitality,5,4 years ago,Google,Central Hyderabad
Hotel O by OYO 9 Inn,ChkIssHensrsiu4RGg0vZy8xMXM1czh6d2hxEAE,Hyderabad,"Latitude: 17.424100199999998, Longitude: 78.4541443",,,4.6,72,Smoke-free property,Nice ☺️,5,4 years ago,Google,Central Hyderabad
Hotel O by OYO 9 Inn,ChkIssHensrsiu4RGg0vZy8xMXM1czh6d2hxEAE,Hyderabad,"Latitude: 17.424100199999998, Longitude: 78.4541443",,,4.6,72,Smoke-free property,Great place to visit. Amazing service.,5,4 years ago,Google,Central Hyderabad
Hotel O by OYO 9 Inn,ChkIssHensrsiu4RGg0vZy8xMXM1czh6d2hxEAE,Hyderabad,"Latitude: 17.424100199999998, Longitude: 78.4541443",,,4.6,72,Smoke-free property,Good location good staff,5,4 years ago,Google,Central Hyderabad
Hotel O by OYO 9 Inn,ChkIssHensrsiu4RGg0vZy8xMXM1czh6d2hxEAE,Hyderabad,"Latitude: 17.424100199999998, Longitude: 78.4541443",,,4.6,72,Smoke-free property,Nice staff ...neat and clean,5,4 years ago,Google,Central Hyderabad
Hotel O by OYO 9 Inn,ChkIssHensrsiu4RGg0vZy8xMXM1czh6d2hxEAE,Hyderabad,"Latitude: 17.424100199999998, Longitude: 78.4541443",,,4.6,72,Smoke-free property,"""Great central location
I stayed at Hotel 9INN for a night, really enjoyed its location in the city centre where everything is within walking distance. The staff was very helpful, and the room was very nice. I appreciated Their Service 😍.",5,4 years ago,Google,Central Hyderabad
Hotel O by OYO 9 Inn,ChkIssHensrsiu4RGg0vZy8xMXM1czh6d2hxEAE,Hyderabad,"Latitude: 17.424100199999998, Longitude: 78.4541443",,,4.6,72,Smoke-free property,Good,5,4 years ago,Google,Central Hyderabad
Hotel O by OYO 9 Inn,ChkIssHensrsiu4RGg0vZy8xMXM1czh6d2hxEAE,Hyderabad,"Latitude: 17.424100199999998, Longitude: 78.4541443",,,4.6,72,Smoke-free property,"Good service and the management
Coming to the taste of food is good",5,4 years ago,Google,Central Hyderabad
Hotel O by OYO 9 Inn,ChkIssHensrsiu4RGg0vZy8xMXM1czh6d2hxEAE,Hyderabad,"Latitude: 17.424100199999998, Longitude: 78.4541443",,,4.6,72,Smoke-free property,Good place where we can spend good time with friendly staff,5,4 years ago,Google,Central Hyderabad
Hotel O by OYO 9 Inn,ChkIssHensrsiu4RGg0vZy8xMXM1czh6d2hxEAE,Hyderabad,"Latitude: 17.424100199999998, Longitude: 78.4541443",,,4.6,72,Smoke-free property,Very neat and nice experience,5,4 years ago,Google,Central Hyderabad
Townhouse by OYO CASA GRAND,ChoIxILBhoLUn66iARoNL2cvMTFrcTFnNXI2ehAB,Hyderabad,"Latitude: 17.4243198, Longitude: 78.45211379999999",,,4.1,289,Breakfast ($) | Wi-Fi | Room service | Kitchen in some rooms | Full-service laundry,"Ac not working properly
No comfort beds old beds and got body pains
No towels
No soaps
No complementary breakfast",1,3 months ago,Google,Central Hyderabad
Townhouse by OYO CASA GRAND,ChoIxILBhoLUn66iARoNL2cvMTFrcTFnNXI2ehAB,Hyderabad,"Latitude: 17.4243198, Longitude: 78.45211379999999",,,4.1,289,Breakfast ($) | Wi-Fi | Room service | Kitchen in some rooms | Full-service laundry,"Ac not working properly
No soap
No towels
Bad beds
No fresh lenin
Not a treebo hotel but maintaining their photo frames
Worst hotel experience ever",1,3 months ago,Google,Central Hyderabad
Townhouse by OYO CASA GRAND,ChoIxILBhoLUn66iARoNL2cvMTFrcTFnNXI2ehAB,Hyderabad,"Latitude: 17.4243198, Longitude: 78.45211379999999",,,4.1,289,Breakfast ($) | Wi-Fi | Room service | Kitchen in some rooms | Full-service laundry,Super,5,4 months ago,Google,Central Hyderabad
Townhouse by OYO CASA GRAND,ChoIxILBhoLUn66iARoNL2cvMTFrcTFnNXI2ehAB,Hyderabad,"Latitude: 17.4243198, Longitude: 78.45211379999999",,,4.1,289,Breakfast ($) | Wi-Fi | Room service | Kitchen in some rooms | Full-service laundry,"(Translated by Google) Very very very poor, the rooms have no proper beds, the photos shown on Google make you feel wow, when you go there it is empty, there are termites in the cupboards, termites in the bathroom, water guns do not work, when you go directly and see it, that's all, the service is not good, they do not give anything even if you ask, if anyone wants to take a room there, do not pay, look at the room and only stay if you like it, I have expressed my experience.
(Original)
చాలా అంటే చాలా అతి దరిద్రమైన, రూమ్స్ బెడ్ సరిగ్గా ఉండదు, చూపించే ఫోటోస్ కి గూగుల్ లో wow అనిపిస్తుంది, అక్కడికి వెళ్తే శూన్యం,కబోర్డ్స్ కి చెదలు, బాత్రూంలో చెదలు, వాటర్ గన్స్ పనిచేయవ్,నేరుగా వెళ్లి చూస్తే అంతే సంగతులు, సర్వీస్ సరిగ్గా ఉండదు,అడిగితే కాని ఏది ఇవ్వరు, ఎవరైన అక్కడ రూమ్ తీసుకోవాలి అనుకుంటే డబ్బులు కట్టకుండా,రూమ్ చూసుకొని, నచ్చితే మాత్రమే ఉండండి, నా అనుభూతి నేను తెలియచేశా.",2,4 months ago,Google,Central Hyderabad
Townhouse by OYO CASA GRAND,ChoIxILBhoLUn66iARoNL2cvMTFrcTFnNXI2ehAB,Hyderabad,"Latitude: 17.4243198, Longitude: 78.45211379999999",,,4.1,289,Breakfast ($) | Wi-Fi | Room service | Kitchen in some rooms | Full-service laundry,"I don't know how this got 4.2 star rating. Don't get cheated by looking at reviews/photos shared. I stayed here on 15th April, luckily I didn't extend my stay there and booked another hotel.Hotel service is worst. I have booked through oyo and paid at hotel. But invoice was not given to me. I have raised the complaint and today is 6th day still my issue is not yet resolved. Never ever using OYO here after. How come someone can take money without giving proper invoice ? . I don't want to waste my valuable time that's why not moving legally. Don't cheat the customers like this . It is hard earned money.
Thank you OYO for making my first OYO experience Worst experience.",1,5 months ago,Google,Central Hyderabad
Townhouse by OYO CASA GRAND,ChoIxILBhoLUn66iARoNL2cvMTFrcTFnNXI2ehAB,Hyderabad,"Latitude: 17.4243198, Longitude: 78.45211379999999",,,4.1,289,Breakfast ($) | Wi-Fi | Room service | Kitchen in some rooms | Full-service laundry,Worst staff ex specialy the staff' Naresh' very bad behaviour and amount sending our parsanal mobile very bad experience,2,6 months ago,Google,Central Hyderabad
Townhouse by OYO CASA GRAND,ChoIxILBhoLUn66iARoNL2cvMTFrcTFnNXI2ehAB,Hyderabad,"Latitude: 17.4243198, Longitude: 78.45211379999999",,,4.1,289,Breakfast ($) | Wi-Fi | Room service | Kitchen in some rooms | Full-service laundry,Nice hotel,5,8 months ago,Google,Central Hyderabad
Townhouse by OYO CASA GRAND,ChoIxILBhoLUn66iARoNL2cvMTFrcTFnNXI2ehAB,Hyderabad,"Latitude: 17.4243198, Longitude: 78.45211379999999",,,4.1,289,Breakfast ($) | Wi-Fi | Room service | Kitchen in some rooms | Full-service laundry,"*Rooms are neat and clean
*Staffs are friendly
*Rooms is easily accessible from main road
*Hot water is available for drinking and in bathroom too.
* Room is nearby metro..",5,8 months ago,Google,Central Hyderabad
Townhouse by OYO CASA GRAND,ChoIxILBhoLUn66iARoNL2cvMTFrcTFnNXI2ehAB,Hyderabad,"Latitude: 17.4243198, Longitude: 78.45211379999999",,,4.1,289,Breakfast ($) | Wi-Fi | Room service | Kitchen in some rooms | Full-service laundry,Very good room,4,8 months ago,Google,Central Hyderabad
Townhouse by OYO CASA GRAND,ChoIxILBhoLUn66iARoNL2cvMTFrcTFnNXI2ehAB,Hyderabad,"Latitude: 17.4243198, Longitude: 78.45211379999999",,,4.1,289,Breakfast ($) | Wi-Fi | Room service | Kitchen in some rooms | Full-service laundry,Very good,5,8 months ago,Google,Central Hyderabad
Townhouse by OYO CASA GRAND,ChoIxILBhoLUn66iARoNL2cvMTFrcTFnNXI2ehAB,Hyderabad,"Latitude: 17.4243198, Longitude: 78.45211379999999",,,4.1,289,Breakfast ($) | Wi-Fi | Room service | Kitchen in some rooms | Full-service laundry,Good,5,8 months ago,Google,Central Hyderabad
Townhouse by OYO CASA GRAND,ChoIxILBhoLUn66iARoNL2cvMTFrcTFnNXI2ehAB,Hyderabad,"Latitude: 17.4243198, Longitude: 78.45211379999999",,,4.1,289,Breakfast ($) | Wi-Fi | Room service | Kitchen in some rooms | Full-service laundry,Good experience,5,8 months ago,Google,Central Hyderabad
Townhouse by OYO CASA GRAND,ChoIxILBhoLUn66iARoNL2cvMTFrcTFnNXI2ehAB,Hyderabad,"Latitude: 17.4243198, Longitude: 78.45211379999999",,,4.1,289,Breakfast ($) | Wi-Fi | Room service | Kitchen in some rooms | Full-service laundry,Nice staff,5,8 months ago,Google,Central Hyderabad
Townhouse by OYO CASA GRAND,ChoIxILBhoLUn66iARoNL2cvMTFrcTFnNXI2ehAB,Hyderabad,"Latitude: 17.4243198, Longitude: 78.45211379999999",,,4.1,289,Breakfast ($) | Wi-Fi | Room service | Kitchen in some rooms | Full-service laundry,Well maitained hygiene rooms smooth check-in I like. Positive stop staff response 🥰😻,5,8 months ago,Google,Central Hyderabad
Townhouse by OYO CASA GRAND,ChoIxILBhoLUn66iARoNL2cvMTFrcTFnNXI2ehAB,Hyderabad,"Latitude: 17.4243198, Longitude: 78.45211379999999",,,4.1,289,Breakfast ($) | Wi-Fi | Room service | Kitchen in some rooms | Full-service laundry,Great stuff and great service,5,8 months ago,Google,Central Hyderabad
Townhouse by OYO CASA GRAND,ChoIxILBhoLUn66iARoNL2cvMTFrcTFnNXI2ehAB,Hyderabad,"Latitude: 17.4243198, Longitude: 78.45211379999999",,,4.1,289,Breakfast ($) | Wi-Fi | Room service | Kitchen in some rooms | Full-service laundry,Friendly reception staff.   I asked for service in midnight  then did it  than you guy's,5,9 months ago,Google,Central Hyderabad
Townhouse by OYO CASA GRAND,ChoIxILBhoLUn66iARoNL2cvMTFrcTFnNXI2ehAB,Hyderabad,"Latitude: 17.4243198, Longitude: 78.45211379999999",,,4.1,289,Breakfast ($) | Wi-Fi | Room service | Kitchen in some rooms | Full-service laundry,Tarun has been a really wonderful and friendly host,5,9 months ago,Google,Central Hyderabad
Townhouse by OYO CASA GRAND,ChoIxILBhoLUn66iARoNL2cvMTFrcTFnNXI2ehAB,Hyderabad,"Latitude: 17.4243198, Longitude: 78.45211379999999",,,4.1,289,Breakfast ($) | Wi-Fi | Room service | Kitchen in some rooms | Full-service laundry,I stayed in casa reception boy is very from,5,9 months ago,Google,Central Hyderabad
Townhouse by OYO CASA GRAND,ChoIxILBhoLUn66iARoNL2cvMTFrcTFnNXI2ehAB,Hyderabad,"Latitude: 17.4243198, Longitude: 78.45211379999999",,,4.1,289,Breakfast ($) | Wi-Fi | Room service | Kitchen in some rooms | Full-service laundry,Very good & Peaceful location,5,9 months ago,Google,Central Hyderabad
Hotel Grand Marvel Residency,ChoI-KaNkNHdyPPLARoNL2cvMTFoOV85enJsMBAB,Hyderabad,"Latitude: 17.423866099999998, Longitude: 78.4572713",,3-star hotel,4.0,329,Free breakfast | Free Wi-Fi | Parking ($) | Air conditioning | Room service | Airport shuttle | Full-service laundry | Kid-friendly,This hotel is very good facility nd all staff are very cooperative thank you all,5,Edited 5 hours ago,Google,Central Hyderabad
Hotel Grand Marvel Residency,ChoI-KaNkNHdyPPLARoNL2cvMTFoOV85enJsMBAB,Hyderabad,"Latitude: 17.423866099999998, Longitude: 78.4572713",,3-star hotel,4.0,329,Free breakfast | Free Wi-Fi | Parking ($) | Air conditioning | Room service | Airport shuttle | Full-service laundry | Kid-friendly,Hotel is good . The rooms are very neat and clean especially the washroom. Very well manegement and staffs are polite. The weather is not too hot. One of the pleasing and liked thing is the staffs come everyday to clean the room and keep it neat,5,a day ago,Google,Central Hyderabad
Hotel Grand Marvel Residency,ChoI-KaNkNHdyPPLARoNL2cvMTFoOV85enJsMBAB,Hyderabad,"Latitude: 17.423866099999998, Longitude: 78.4572713",,3-star hotel,4.0,329,Free breakfast | Free Wi-Fi | Parking ($) | Air conditioning | Room service | Airport shuttle | Full-service laundry | Kid-friendly,Prabhakar has done a great job,3,5 days ago,Google,Central Hyderabad
Hotel Grand Marvel Residency,ChoI-KaNkNHdyPPLARoNL2cvMTFoOV85enJsMBAB,Hyderabad,"Latitude: 17.423866099999998, Longitude: 78.4572713",,3-star hotel,4.0,329,Free breakfast | Free Wi-Fi | Parking ($) | Air conditioning | Room service | Airport shuttle | Full-service laundry | Kid-friendly,"Prabhakar
Good",5,5 days ago,Google,Central Hyderabad
Hotel Grand Marvel Residency,ChoI-KaNkNHdyPPLARoNL2cvMTFoOV85enJsMBAB,Hyderabad,"Latitude: 17.423866099999998, Longitude: 78.4572713",,3-star hotel,4.0,329,Free breakfast | Free Wi-Fi | Parking ($) | Air conditioning | Room service | Airport shuttle | Full-service laundry | Kid-friendly,"Good hotel family members
Good prabhakar",5,5 days ago,Google,Central Hyderabad
Hotel Grand Marvel Residency,ChoI-KaNkNHdyPPLARoNL2cvMTFoOV85enJsMBAB,Hyderabad,"Latitude: 17.423866099999998, Longitude: 78.4572713",,3-star hotel,4.0,329,Free breakfast | Free Wi-Fi | Parking ($) | Air conditioning | Room service | Airport shuttle | Full-service laundry | Kid-friendly,"It was very excellent 👌👌
Pradhakar",5,a week ago,Google,Central Hyderabad
Hotel Grand Marvel Residency,ChoI-KaNkNHdyPPLARoNL2cvMTFoOV85enJsMBAB,Hyderabad,"Latitude: 17.423866099999998, Longitude: 78.4572713",,3-star hotel,4.0,329,Free breakfast | Free Wi-Fi | Parking ($) | Air conditioning | Room service | Airport shuttle | Full-service laundry | Kid-friendly,"(Translated by Google) Good hotel good prabhakar in
(Original)
Good hotal good prabhakar in",5,a week ago,Google,Central Hyderabad
Hotel Grand Marvel Residency,ChoI-KaNkNHdyPPLARoNL2cvMTFoOV85enJsMBAB,Hyderabad,"Latitude: 17.423866099999998, Longitude: 78.4572713",,3-star hotel,4.0,329,Free breakfast | Free Wi-Fi | Parking ($) | Air conditioning | Room service | Airport shuttle | Full-service laundry | Kid-friendly,Good hotel,5,a week ago,Google,Central Hyderabad
Hotel Grand Marvel Residency,ChoI-KaNkNHdyPPLARoNL2cvMTFoOV85enJsMBAB,Hyderabad,"Latitude: 17.423866099999998, Longitude: 78.4572713",,3-star hotel,4.0,329,Free breakfast | Free Wi-Fi | Parking ($) | Air conditioning | Room service | Airport shuttle | Full-service laundry | Kid-friendly,"It was a nice stay, overall good thanks to Pravakar for good welcoming and good service",5,2 weeks ago,Google,Central Hyderabad
Hotel Grand Marvel Residency,ChoI-KaNkNHdyPPLARoNL2cvMTFoOV85enJsMBAB,Hyderabad,"Latitude: 17.423866099999998, Longitude: 78.4572713",,3-star hotel,4.0,329,Free breakfast | Free Wi-Fi | Parking ($) | Air conditioning | Room service | Airport shuttle | Full-service laundry | Kid-friendly,"Good Environment, Good Talking Hotels  employee Name is Pravakar, Good Behaviour All Staff.",5,2 weeks ago,Google,Central Hyderabad
Hotel Grand Marvel Residency,ChoI-KaNkNHdyPPLARoNL2cvMTFoOV85enJsMBAB,Hyderabad,"Latitude: 17.423866099999998, Longitude: 78.4572713",,3-star hotel,4.0,329,Free breakfast | Free Wi-Fi | Parking ($) | Air conditioning | Room service | Airport shuttle | Full-service laundry | Kid-friendly,"Good management Prabhakar
All good 👍😊",5,2 weeks ago,Google,Central Hyderabad
Hotel Grand Marvel Residency,ChoI-KaNkNHdyPPLARoNL2cvMTFoOV85enJsMBAB,Hyderabad,"Latitude: 17.423866099999998, Longitude: 78.4572713",,3-star hotel,4.0,329,Free breakfast | Free Wi-Fi | Parking ($) | Air conditioning | Room service | Airport shuttle | Full-service laundry | Kid-friendly,"Really Good service and clean Place. Staff is decent and  with good discipline.
Mr. Prabhakar is very polite person. He was provided good Service.",5,Edited 2 weeks ago,Google,Central Hyderabad
Hotel Grand Marvel Residency,ChoI-KaNkNHdyPPLARoNL2cvMTFoOV85enJsMBAB,Hyderabad,"Latitude: 17.423866099999998, Longitude: 78.4572713",,3-star hotel,4.0,329,Free breakfast | Free Wi-Fi | Parking ($) | Air conditioning | Room service | Airport shuttle | Full-service laundry | Kid-friendly,Good service family hotel good manager prabhakar,5,3 weeks ago,Google,Central Hyderabad
Hotel Grand Marvel Residency,ChoI-KaNkNHdyPPLARoNL2cvMTFoOV85enJsMBAB,Hyderabad,"Latitude: 17.423866099999998, Longitude: 78.4572713",,3-star hotel,4.0,329,Free breakfast | Free Wi-Fi | Parking ($) | Air conditioning | Room service | Airport shuttle | Full-service laundry | Kid-friendly,Good service your family hotel good service Prabhakar mallik,5,3 weeks ago,Google,Central Hyderabad
Hotel Grand Marvel Residency,ChoI-KaNkNHdyPPLARoNL2cvMTFoOV85enJsMBAB,Hyderabad,"Latitude: 17.423866099999998, Longitude: 78.4572713",,3-star hotel,4.0,329,Free breakfast | Free Wi-Fi | Parking ($) | Air conditioning | Room service | Airport shuttle | Full-service laundry | Kid-friendly,Best place to stay nearest to yashoda hospital,5,a month ago,Google,Central Hyderabad
Hotel Grand Marvel Residency,ChoI-KaNkNHdyPPLARoNL2cvMTFoOV85enJsMBAB,Hyderabad,"Latitude: 17.423866099999998, Longitude: 78.4572713",,3-star hotel,4.0,329,Free breakfast | Free Wi-Fi | Parking ($) | Air conditioning | Room service | Airport shuttle | Full-service laundry | Kid-friendly,Nice hotel and service is good and staff behaviour is so nice,5,a month ago,Google,Central Hyderabad
Hotel Grand Marvel Residency,ChoI-KaNkNHdyPPLARoNL2cvMTFoOV85enJsMBAB,Hyderabad,"Latitude: 17.423866099999998, Longitude: 78.4572713",,3-star hotel,4.0,329,Free breakfast | Free Wi-Fi | Parking ($) | Air conditioning | Room service | Airport shuttle | Full-service laundry | Kid-friendly,Good room service,5,2 months ago,Google,Central Hyderabad
Hotel Grand Marvel Residency,ChoI-KaNkNHdyPPLARoNL2cvMTFoOV85enJsMBAB,Hyderabad,"Latitude: 17.423866099999998, Longitude: 78.4572713",,3-star hotel,4.0,329,Free breakfast | Free Wi-Fi | Parking ($) | Air conditioning | Room service | Airport shuttle | Full-service laundry | Kid-friendly,"I had a horrible experience staying on this hotel last week. Highly disrespectful behaviour from the receptionist & the hotel staff. Thinking of hospital visit to be hassle free i have chosen this hotel as this place was near. Knowing that staying with my mother alone the hotel staff asked us to leave the place as i raised my voice for wrong things happening there.
My strong recommendation would be kindly avoid this place for staying as I don’t want others to face the problem the way i suffered. Al last god will definitely take care of this behaviour from them coz we all have a family.",1,2 months ago,Google,Central Hyderabad
Hotel Grand Marvel Residency,ChoI-KaNkNHdyPPLARoNL2cvMTFoOV85enJsMBAB,Hyderabad,"Latitude: 17.423866099999998, Longitude: 78.4572713",,3-star hotel,4.0,329,Free breakfast | Free Wi-Fi | Parking ($) | Air conditioning | Room service | Airport shuttle | Full-service laundry | Kid-friendly,The only thing good is s big smart tv the room looks is awful bathroom is worst than a local washroom the ac kept leaking and have a bucket in the room for water to get stored,1,5 months ago,Google,Central Hyderabad
Hotel O Sai Vinayaka,ChkIp7-tzL2mvux3Gg0vZy8xMWdmbjgxNDV3EAE,Hyderabad,"Latitude: 17.431805999999998, Longitude: 78.44800699999999",1489.0,,3.1,60,Free breakfast | Wi-Fi | Room service | Kitchen in some rooms,Very bad cleaning staff behaviour roud,1,6 months ago,Google,Central Hyderabad
Hotel O Sai Vinayaka,ChkIp7-tzL2mvux3Gg0vZy8xMWdmbjgxNDV3EAE,Hyderabad,"Latitude: 17.431805999999998, Longitude: 78.44800699999999",1489.0,,3.1,60,Free breakfast | Wi-Fi | Room service | Kitchen in some rooms,"Worst stay, they won't respond to the call, no geyser, no cleanliness, full of cockroaches and condoms.
Bad odour.
Irresponsible staff at the reception.
I prefer don't go to this hotel to lose your money",1,9 months ago,Google,Central Hyderabad
Hotel O Sai Vinayaka,ChkIp7-tzL2mvux3Gg0vZy8xMWdmbjgxNDV3EAE,Hyderabad,"Latitude: 17.431805999999998, Longitude: 78.44800699999999",1489.0,,3.1,60,Free breakfast | Wi-Fi | Room service | Kitchen in some rooms,Worst room not clean and condoms in this rooms,1,a year ago,Google,Central Hyderabad
Hotel O Sai Vinayaka,ChkIp7-tzL2mvux3Gg0vZy8xMWdmbjgxNDV3EAE,Hyderabad,"Latitude: 17.431805999999998, Longitude: 78.44800699999999",1489.0,,3.1,60,Free breakfast | Wi-Fi | Room service | Kitchen in some rooms,Nice,5,a year ago,Google,Central Hyderabad
Hotel O Sai Vinayaka,ChkIp7-tzL2mvux3Gg0vZy8xMWdmbjgxNDV3EAE,Hyderabad,"Latitude: 17.431805999999998, Longitude: 78.44800699999999",1489.0,,3.1,60,Free breakfast | Wi-Fi | Room service | Kitchen in some rooms,Fully satisfied  to visit  this hotel ❤,5,a year ago,Google,Central Hyderabad
Hotel O Sai Vinayaka,ChkIp7-tzL2mvux3Gg0vZy8xMWdmbjgxNDV3EAE,Hyderabad,"Latitude: 17.431805999999998, Longitude: 78.44800699999999",1489.0,,3.1,60,Free breakfast | Wi-Fi | Room service | Kitchen in some rooms,Very good host. Washrooms very clean. The staff and owners are good. Safe place.,5,2 years ago,Google,Central Hyderabad
Hotel O Sai Vinayaka,ChkIp7-tzL2mvux3Gg0vZy8xMWdmbjgxNDV3EAE,Hyderabad,"Latitude: 17.431805999999998, Longitude: 78.44800699999999",1489.0,,3.1,60,Free breakfast | Wi-Fi | Room service | Kitchen in some rooms,Waste,1,3 years ago,Google,Central Hyderabad
Hotel O Sai Vinayaka,ChkIp7-tzL2mvux3Gg0vZy8xMWdmbjgxNDV3EAE,Hyderabad,"Latitude: 17.431805999999998, Longitude: 78.44800699999999",1489.0,,3.1,60,Free breakfast | Wi-Fi | Room service | Kitchen in some rooms,Bad to the core,1,3 years ago,Google,Central Hyderabad
Hotel O Sai Vinayaka,ChkIp7-tzL2mvux3Gg0vZy8xMWdmbjgxNDV3EAE,Hyderabad,"Latitude: 17.431805999999998, Longitude: 78.44800699999999",1489.0,,3.1,60,Free breakfast | Wi-Fi | Room service | Kitchen in some rooms,Worst...rooms are not good.irresponsible  staff.rooms are not in goood condition.waste of money.,1,3 years ago,Google,Central Hyderabad
Hotel O Sai Vinayaka,ChkIp7-tzL2mvux3Gg0vZy8xMWdmbjgxNDV3EAE,Hyderabad,"Latitude: 17.431805999999998, Longitude: 78.44800699999999",1489.0,,3.1,60,Free breakfast | Wi-Fi | Room service | Kitchen in some rooms,"Room worst, service worst, money waste. Positive reviews was given by their employees only. Waste of money. I vacated in just 30 mins. No refund money.
My friend stayed there. He stayed 1 hour extra. They charged half Day Price. Very worst behaviours which I have ever seen in my life. Please don't waste your money
Hotel location pillar no A1077 please don't go. Location in Google was different.",1,3 years ago,Google,Central Hyderabad
Hotel O Sai Vinayaka,ChkIp7-tzL2mvux3Gg0vZy8xMWdmbjgxNDV3EAE,Hyderabad,"Latitude: 17.431805999999998, Longitude: 78.44800699999999",1489.0,,3.1,60,Free breakfast | Wi-Fi | Room service | Kitchen in some rooms,"(Translated by Google) ok
(Original)
Accha hai",5,Edited 4 years ago,Google,Central Hyderabad
Hotel O Sai Vinayaka,ChkIp7-tzL2mvux3Gg0vZy8xMWdmbjgxNDV3EAE,Hyderabad,"Latitude: 17.431805999999998, Longitude: 78.44800699999999",1489.0,,3.1,60,Free breakfast | Wi-Fi | Room service | Kitchen in some rooms,Good,5,4 years ago,Google,Central Hyderabad
Hotel O Sai Vinayaka,ChkIp7-tzL2mvux3Gg0vZy8xMWdmbjgxNDV3EAE,Hyderabad,"Latitude: 17.431805999999998, Longitude: 78.44800699999999",1489.0,,3.1,60,Free breakfast | Wi-Fi | Room service | Kitchen in some rooms,Good service and staff also well behavior rooms also good,5,4 years ago,Google,Central Hyderabad
MOUNT BANJARA INN,ChgIgcP9nNGGpfIHGgwvZy8xMmhsMGZsdHMQAQ,Hyderabad,"Latitude: 17.4260795, Longitude: 78.4520711",,,2.5,279,Breakfast | Air conditioning | Airport shuttle | Kid-friendly,"I had a terrible experience at this hotel. The room was filthy upon arrival. On top of the lack of cleanliness, the heater didn't work, leaving me freezing all night. I tried to reach out for room service for help, but there was none provided. Basic amenities and hygiene are clearly not a priority here. WORST EXPERIENCE",1,8 months ago,Google,Central Hyderabad
MOUNT BANJARA INN,ChgIgcP9nNGGpfIHGgwvZy8xMmhsMGZsdHMQAQ,Hyderabad,"Latitude: 17.4260795, Longitude: 78.4520711",,,2.5,279,Breakfast | Air conditioning | Airport shuttle | Kid-friendly,Location wise good. Rooms & bathrooms are not that clean also bed was full with small coacrocahes.,3,10 months ago,Google,Central Hyderabad
MOUNT BANJARA INN,ChgIgcP9nNGGpfIHGgwvZy8xMmhsMGZsdHMQAQ,Hyderabad,"Latitude: 17.4260795, Longitude: 78.4520711",,,2.5,279,Breakfast | Air conditioning | Airport shuttle | Kid-friendly,Worst hotel i ever stayed in my life,1,a year ago,Google,Central Hyderabad
MOUNT BANJARA INN,ChgIgcP9nNGGpfIHGgwvZy8xMmhsMGZsdHMQAQ,Hyderabad,"Latitude: 17.4260795, Longitude: 78.4520711",,,2.5,279,Breakfast | Air conditioning | Airport shuttle | Kid-friendly,Rooms chala chendalanga unnai,1,a year ago,Google,Central Hyderabad
MOUNT BANJARA INN,ChgIgcP9nNGGpfIHGgwvZy8xMmhsMGZsdHMQAQ,Hyderabad,"Latitude: 17.4260795, Longitude: 78.4520711",,,2.5,279,Breakfast | Air conditioning | Airport shuttle | Kid-friendly,Worst experience...no cleanness... overpriced...spit marks are everywhere...,1,a year ago,Google,Central Hyderabad
MOUNT BANJARA INN,ChgIgcP9nNGGpfIHGgwvZy8xMmhsMGZsdHMQAQ,Hyderabad,"Latitude: 17.4260795, Longitude: 78.4520711",,,2.5,279,Breakfast | Air conditioning | Airport shuttle | Kid-friendly,"bathrooms were not cleaned
room furniture is very old",2,a year ago,Google,Central Hyderabad
MOUNT BANJARA INN,ChgIgcP9nNGGpfIHGgwvZy8xMmhsMGZsdHMQAQ,Hyderabad,"Latitude: 17.4260795, Longitude: 78.4520711",,,2.5,279,Breakfast | Air conditioning | Airport shuttle | Kid-friendly,"Worst Lodge ever seen, Cockroaches every were including room and corridor.|Bathroom infrastructure is old.|Building it's self is not maintained from inside.||For AC room 1500/- what a crazy price for sick infrastructure with NO WiFi and TV.",1,a year ago,Tripadvisor,Central Hyderabad
MOUNT BANJARA INN,ChgIgcP9nNGGpfIHGgwvZy8xMmhsMGZsdHMQAQ,Hyderabad,"Latitude: 17.4260795, Longitude: 78.4520711",,,2.5,279,Breakfast | Air conditioning | Airport shuttle | Kid-friendly,Worst place to stay..all rooms are full of cockroaches. Don't prefer this at all.,1,2 years ago,Google,Central Hyderabad
MOUNT BANJARA INN,ChgIgcP9nNGGpfIHGgwvZy8xMmhsMGZsdHMQAQ,Hyderabad,"Latitude: 17.4260795, Longitude: 78.4520711",,,2.5,279,Breakfast | Air conditioning | Airport shuttle | Kid-friendly,"Nice rooms for family within budget. Two persons 24 hour's taken 1000 rupees for non AC here. It's good, reasonable.",4,2 years ago,Google,Central Hyderabad
MOUNT BANJARA INN,ChgIgcP9nNGGpfIHGgwvZy8xMmhsMGZsdHMQAQ,Hyderabad,"Latitude: 17.4260795, Longitude: 78.4520711",,,2.5,279,Breakfast | Air conditioning | Airport shuttle | Kid-friendly,Nice,5,2 years ago,Google,Central Hyderabad
MOUNT BANJARA INN,ChgIgcP9nNGGpfIHGgwvZy8xMmhsMGZsdHMQAQ,Hyderabad,"Latitude: 17.4260795, Longitude: 78.4520711",,,2.5,279,Breakfast | Air conditioning | Airport shuttle | Kid-friendly,"Dirty Rooms, Non functional toilet flush, water heater, TV Set,",1,2 years ago,Google,Central Hyderabad
MOUNT BANJARA INN,ChgIgcP9nNGGpfIHGgwvZy8xMmhsMGZsdHMQAQ,Hyderabad,"Latitude: 17.4260795, Longitude: 78.4520711",,,2.5,279,Breakfast | Air conditioning | Airport shuttle | Kid-friendly,Rooms are not clean and bathroom is also dirty,2,2 years ago,Google,Central Hyderabad
Royal Suites & Lodge,ChkIn_v1iouO_a9IGg0vZy8xMXJ0bGM1bTg4EAE,Hyderabad,"Latitude: 17.4220576, Longitude: 78.4561313",,,3.6,230,,"Too good, better rooms with ac and tv  cleanly bathrooms with geezer
Friendly cost$ 👍🏼",5,7 months ago,Google,Central Hyderabad
Royal Suites & Lodge,ChkIn_v1iouO_a9IGg0vZy8xMXJ0bGM1bTg4EAE,Hyderabad,"Latitude: 17.4220576, Longitude: 78.4561313",,,3.6,230,,"I am extremely disappointed with this property! I stayed here with my family — mother, brothers, sister, nephew, niece, and brother-in-law, a total of nine people — and the experience was horrible from start to finish. The rooms are poorly maintained, with damaged walls in several areas. Dust was everywhere at check-in, even on the bed surfaces. Bedsheets and blankets were not properly washed, and I found insects in pillows and under the bedsheets. The bathrooms were filthy, showers were broken, and the cisterns were not working properly.
Electricity was unavailable throughout the entire night, which was not just inconvenient but also raised serious safety concerns. The staff seemed indifferent and only asked for money in advance, ignoring all guest complaints.
The property does not provide food, and it was extremely hard to find healthy or safe food options nearby. Additionally, a dalal (middleman) near the property seemed dangerous and untrustworthy — guests should be very careful.
To make matters worse, the property is very hard to locate from outside. Overall, this property is unhygienic, unsafe, poorly maintained, and not suitable for families. I strongly advise against staying here — one of the worst experiences ever!",1,11 months ago,Google,Central Hyderabad
Royal Suites & Lodge,ChkIn_v1iouO_a9IGg0vZy8xMXJ0bGM1bTg4EAE,Hyderabad,"Latitude: 17.4220576, Longitude: 78.4561313",,,3.6,230,,Good with reasonable price,5,Edited a year ago,Google,Central Hyderabad
Royal Suites & Lodge,ChkIn_v1iouO_a9IGg0vZy8xMXJ0bGM1bTg4EAE,Hyderabad,"Latitude: 17.4220576, Longitude: 78.4561313",,,3.6,230,,Hi.  Boss,1,a year ago,Google,Central Hyderabad
Royal Suites & Lodge,ChkIn_v1iouO_a9IGg0vZy8xMXJ0bGM1bTg4EAE,Hyderabad,"Latitude: 17.4220576, Longitude: 78.4561313",,,3.6,230,,Fantastic Rooms,5,a year ago,Google,Central Hyderabad
Royal Suites & Lodge,ChkIn_v1iouO_a9IGg0vZy8xMXJ0bGM1bTg4EAE,Hyderabad,"Latitude: 17.4220576, Longitude: 78.4561313",,,3.6,230,,Very clean rooms and reasonable prices. I loved it.,5,a year ago,Google,Central Hyderabad
Royal Suites & Lodge,ChkIn_v1iouO_a9IGg0vZy8xMXJ0bGM1bTg4EAE,Hyderabad,"Latitude: 17.4220576, Longitude: 78.4561313",,,3.6,230,,budget ac hotel to stay,4,Edited a year ago,Google,Central Hyderabad
Royal Suites & Lodge,ChkIn_v1iouO_a9IGg0vZy8xMXJ0bGM1bTg4EAE,Hyderabad,"Latitude: 17.4220576, Longitude: 78.4561313",,,3.6,230,,Fair is high and attitude of Shamim ( reception boy)  is bad,1,a year ago,Google,Central Hyderabad
Royal Suites & Lodge,ChkIn_v1iouO_a9IGg0vZy8xMXJ0bGM1bTg4EAE,Hyderabad,"Latitude: 17.4220576, Longitude: 78.4561313",,,3.6,230,,"The hotel is quite good, behaviour of the staffs is friendly. Rooms are clean and overall good. I would suggest everyone if you stay here, you can get best services.",5,a year ago,Google,Central Hyderabad
Royal Suites & Lodge,ChkIn_v1iouO_a9IGg0vZy8xMXJ0bGM1bTg4EAE,Hyderabad,"Latitude: 17.4220576, Longitude: 78.4561313",,,3.6,230,,Very bad service. They don't even give drinking water.,2,2 years ago,Google,Central Hyderabad
Royal Suites & Lodge,ChkIn_v1iouO_a9IGg0vZy8xMXJ0bGM1bTg4EAE,Hyderabad,"Latitude: 17.4220576, Longitude: 78.4561313",,,3.6,230,,"Near to Erramanjil metro station, walkable to road",4,2 years ago,Google,Central Hyderabad
Royal Suites & Lodge,ChkIn_v1iouO_a9IGg0vZy8xMXJ0bGM1bTg4EAE,Hyderabad,"Latitude: 17.4220576, Longitude: 78.4561313",,,3.6,230,,"Neat and value for money rooms. With nearby facilities like metro, restaurants etc..",5,3 years ago,Google,Central Hyderabad
Hotel log inn,ChcI6pTyhpWygO8eGgsvZy8xdGs4bTB5NhAB,Hyderabad,"Latitude: 17.433840399999998, Longitude: 78.4466412",,3-star hotel,3.1,316,Free breakfast | Wi-Fi | Restaurant | Room service | Kitchen in some rooms | Full-service laundry | Kid-friendly,"Worst service and bathroom is very very bad condition and tv is also not working.
Gust 3.5 ⭐ star rating is fake....",1,a month ago,Google,Central Hyderabad
Hotel log inn,ChcI6pTyhpWygO8eGgsvZy8xdGs4bTB5NhAB,Hyderabad,"Latitude: 17.433840399999998, Longitude: 78.4466412",,3-star hotel,3.1,316,Free breakfast | Wi-Fi | Restaurant | Room service | Kitchen in some rooms | Full-service laundry | Kid-friendly,"(Translated by Google) The worst experience in this hotel. Because of reception boy. The VP off the hotel
(Original)
The worest experience in this hotel. Because of reception boy. The VP off the hotel",1,2 months ago,Google,Central Hyderabad
Hotel log inn,ChcI6pTyhpWygO8eGgsvZy8xdGs4bTB5NhAB,Hyderabad,"Latitude: 17.433840399999998, Longitude: 78.4466412",,3-star hotel,3.1,316,Free breakfast | Wi-Fi | Restaurant | Room service | Kitchen in some rooms | Full-service laundry | Kid-friendly,"Worst experience by receptionist , don’t book these kind of rooms ! No cleanliness nothing , Rude behaviour with customers",1,2 months ago,Google,Central Hyderabad
Hotel log inn,ChcI6pTyhpWygO8eGgsvZy8xdGs4bTB5NhAB,Hyderabad,"Latitude: 17.433840399999998, Longitude: 78.4466412",,3-star hotel,3.1,316,Free breakfast | Wi-Fi | Restaurant | Room service | Kitchen in some rooms | Full-service laundry | Kid-friendly,"I would easily give negative review if that was the option . Pathetic rooms, changed 3 to 4 rooms for washroom issues like stinking,  no water , no flush, no proper door handles . The room we finally got settled in was a boarding house for bed bugs . The room was filled with bed bugs, intense itching and no sleep ,had to change the room due to the same issue in middle of the night . And the same problem repeats again..Different room same stories.",1,3 months ago,Google,Central Hyderabad
Hotel log inn,ChcI6pTyhpWygO8eGgsvZy8xdGs4bTB5NhAB,Hyderabad,"Latitude: 17.433840399999998, Longitude: 78.4466412",,3-star hotel,3.1,316,Free breakfast | Wi-Fi | Restaurant | Room service | Kitchen in some rooms | Full-service laundry | Kid-friendly,I never expect this kind of experience before.,1,5 months ago,Google,Central Hyderabad
Hotel log inn,ChcI6pTyhpWygO8eGgsvZy8xdGs4bTB5NhAB,Hyderabad,"Latitude: 17.433840399999998, Longitude: 78.4466412",,3-star hotel,3.1,316,Free breakfast | Wi-Fi | Restaurant | Room service | Kitchen in some rooms | Full-service laundry | Kid-friendly,Not at all good,1,7 months ago,Google,Central Hyderabad
Hotel log inn,ChcI6pTyhpWygO8eGgsvZy8xdGs4bTB5NhAB,Hyderabad,"Latitude: 17.433840399999998, Longitude: 78.4466412",,3-star hotel,3.1,316,Free breakfast | Wi-Fi | Restaurant | Room service | Kitchen in some rooms | Full-service laundry | Kid-friendly,"Such a worst hotel, manager charged extra money for staying 15 minutes extra
This single star is also waste
Wash room is worst ,No hot water they are charging 3k per day",1,8 months ago,Google,Central Hyderabad
Hotel log inn,ChcI6pTyhpWygO8eGgsvZy8xdGs4bTB5NhAB,Hyderabad,"Latitude: 17.433840399999998, Longitude: 78.4466412",,3-star hotel,3.1,316,Free breakfast | Wi-Fi | Restaurant | Room service | Kitchen in some rooms | Full-service laundry | Kid-friendly,Please improve room.,1,8 months ago,Google,Central Hyderabad
Hotel log inn,ChcI6pTyhpWygO8eGgsvZy8xdGs4bTB5NhAB,Hyderabad,"Latitude: 17.433840399999998, Longitude: 78.4466412",,3-star hotel,3.1,316,Free breakfast | Wi-Fi | Restaurant | Room service | Kitchen in some rooms | Full-service laundry | Kid-friendly,"Worest behaviour of staff and Didn't give a bill also , and asking extra money for bill , rooms also not good and cockroachs 🪳🪳🪳 in the rooms ,plz don't gooo..",1,8 months ago,Google,Central Hyderabad
Hotel log inn,ChcI6pTyhpWygO8eGgsvZy8xdGs4bTB5NhAB,Hyderabad,"Latitude: 17.433840399999998, Longitude: 78.4466412",,3-star hotel,3.1,316,Free breakfast | Wi-Fi | Restaurant | Room service | Kitchen in some rooms | Full-service laundry | Kid-friendly,"For 1800 and above you get the best first class rooms near by 1kms ,they are charged me 1800 rs and the room is worth only for 500/600 rs
Friends you can get a nearby best hotels on this price and don't prefer this hotel ,very wost experience",1,10 months ago,Google,Central Hyderabad
Hotel log inn,ChcI6pTyhpWygO8eGgsvZy8xdGs4bTB5NhAB,Hyderabad,"Latitude: 17.433840399999998, Longitude: 78.4466412",,3-star hotel,3.1,316,Free breakfast | Wi-Fi | Restaurant | Room service | Kitchen in some rooms | Full-service laundry | Kid-friendly,"Manager was rude and forced us to check out early in the morning. He was not even ready to listen, It was very unprofessional. No hot water and they wanted us to pay half day fair just for staying 2 hour extra at the end of 3 days stay(Most of the rooms were vacant that day, still).",1,11 months ago,Google,Central Hyderabad
Hotel log inn,ChcI6pTyhpWygO8eGgsvZy8xdGs4bTB5NhAB,Hyderabad,"Latitude: 17.433840399999998, Longitude: 78.4466412",,3-star hotel,3.1,316,Free breakfast | Wi-Fi | Restaurant | Room service | Kitchen in some rooms | Full-service laundry | Kid-friendly,"Broken door handles, no hot water, unhygienic and attitude of receptionist/ manager is cherry on cake.
Don't have negative stars by google, wasting my 1 ⭐",1,11 months ago,Google,Central Hyderabad
Hotel log inn,ChcI6pTyhpWygO8eGgsvZy8xdGs4bTB5NhAB,Hyderabad,"Latitude: 17.433840399999998, Longitude: 78.4466412",,3-star hotel,3.1,316,Free breakfast | Wi-Fi | Restaurant | Room service | Kitchen in some rooms | Full-service laundry | Kid-friendly,Multiple Cockroaches are there in the room. The bathroom can be improved.,3,11 months ago,Google,Central Hyderabad
Hotel log inn,ChcI6pTyhpWygO8eGgsvZy8xdGs4bTB5NhAB,Hyderabad,"Latitude: 17.433840399999998, Longitude: 78.4466412",,3-star hotel,3.1,316,Free breakfast | Wi-Fi | Restaurant | Room service | Kitchen in some rooms | Full-service laundry | Kid-friendly,"Washroom quality and staff services are very bad they also charge extra charges
And the manager behaviour is very rude.",1,a year ago,Google,Central Hyderabad
Hotel log inn,ChcI6pTyhpWygO8eGgsvZy8xdGs4bTB5NhAB,Hyderabad,"Latitude: 17.433840399999998, Longitude: 78.4466412",,3-star hotel,3.1,316,Free breakfast | Wi-Fi | Restaurant | Room service | Kitchen in some rooms | Full-service laundry | Kid-friendly,"1 star also waste for this hotel
Worst service worst room
No words to explain the dirtyness their
Cheap dont trap by the auto drivers who leads to this worsssssstttttt hotel
I recommend  to that hotel
My suggestion: please close the hotel as soon as possible",1,a year ago,Google,Central Hyderabad
Hotel log inn,ChcI6pTyhpWygO8eGgsvZy8xdGs4bTB5NhAB,Hyderabad,"Latitude: 17.433840399999998, Longitude: 78.4466412",,3-star hotel,3.1,316,Free breakfast | Wi-Fi | Restaurant | Room service | Kitchen in some rooms | Full-service laundry | Kid-friendly,"Hello All Viewer.
Kindly do not go to this hotel as it is not at all hignenic, the restroom are smell bad and  old ,room stinck as wall have water log , bed cover are very bad and dirty.
The front desk person at reception in the morning is a worst person and do not get into his work ,
very very expensive room what it is charged ,
Other option are available around use the same.
KINDLY AVOID THIS HOTEL IR U WOULD GET SKIN RASHES.",1,a year ago,Google,Central Hyderabad
Hotel O by OYO Sai Manikanta Palace,ChkI9IqI0aygmfZqGg0vZy8xMXNqOWxwYjN3EAE,Hyderabad,"Latitude: 17.4238808, Longitude: 78.4544227",1557.0,,2.6,29,,"This was the worst hotel experience I’ve ever had. The room was nothing like what was shown while booking, there was no proper water supply, and your support team couldn’t help at all. Please check the actual room conditions — the pictures clearly show it. Very disappointed",1,7 months ago,Google,Central Hyderabad
Hotel O by OYO Sai Manikanta Palace,ChkI9IqI0aygmfZqGg0vZy8xMXNqOWxwYjN3EAE,Hyderabad,"Latitude: 17.4238808, Longitude: 78.4544227",1557.0,,2.6,29,,"Very friendly and helpful staff. The room i stayed wasn't good. But there are much better rooms for the same price if you book directly from them instead of booking from online platforms like agoda, etc",5,a year ago,Google,Central Hyderabad
Hotel O by OYO Sai Manikanta Palace,ChkI9IqI0aygmfZqGg0vZy8xMXNqOWxwYjN3EAE,Hyderabad,"Latitude: 17.4238808, Longitude: 78.4544227",1557.0,,2.6,29,,"The location was good, but i will recommend giving extra money for a better place, the service is very poor, with no basic amenities",2,a year ago,Google,Central Hyderabad
Hotel O by OYO Sai Manikanta Palace,ChkI9IqI0aygmfZqGg0vZy8xMXNqOWxwYjN3EAE,Hyderabad,"Latitude: 17.4238808, Longitude: 78.4544227",1557.0,,2.6,29,,"Worst experience i have booked room for 24hrs  but I returned room within 8 hrs, worst service without water . Request not to go",1,a year ago,Google,Central Hyderabad
Hotel O by OYO Sai Manikanta Palace,ChkI9IqI0aygmfZqGg0vZy8xMXNqOWxwYjN3EAE,Hyderabad,"Latitude: 17.4238808, Longitude: 78.4544227",1557.0,,2.6,29,,Very nice hotel good hotel staff,5,2 years ago,Google,Central Hyderabad
Hotel O by OYO Sai Manikanta Palace,ChkI9IqI0aygmfZqGg0vZy8xMXNqOWxwYjN3EAE,Hyderabad,"Latitude: 17.4238808, Longitude: 78.4544227",1557.0,,2.6,29,,Good hotel nice hotel,5,2 years ago,Google,Central Hyderabad
Hotel O by OYO Sai Manikanta Palace,ChkI9IqI0aygmfZqGg0vZy8xMXNqOWxwYjN3EAE,Hyderabad,"Latitude: 17.4238808, Longitude: 78.4544227",1557.0,,2.6,29,,Rooms are of Very poor quality. Difficult to stay for one day...,1,2 years ago,Google,Central Hyderabad
Hotel O by OYO Sai Manikanta Palace,ChkI9IqI0aygmfZqGg0vZy8xMXNqOWxwYjN3EAE,Hyderabad,"Latitude: 17.4238808, Longitude: 78.4544227",1557.0,,2.6,29,,So beautiful and thanks,5,2 years ago,Google,Central Hyderabad
Hotel O by OYO Sai Manikanta Palace,ChkI9IqI0aygmfZqGg0vZy8xMXNqOWxwYjN3EAE,Hyderabad,"Latitude: 17.4238808, Longitude: 78.4544227",1557.0,,2.6,29,,Worst hotel. No water even. Simply waste.,2,2 years ago,Google,Central Hyderabad
Hotel O by OYO Sai Manikanta Palace,ChkI9IqI0aygmfZqGg0vZy8xMXNqOWxwYjN3EAE,Hyderabad,"Latitude: 17.4238808, Longitude: 78.4544227",1557.0,,2.6,29,,Good hotel good service and staff has been friendly.,5,2 years ago,Google,Central Hyderabad
Hotel O by OYO Sai Manikanta Palace,ChkI9IqI0aygmfZqGg0vZy8xMXNqOWxwYjN3EAE,Hyderabad,"Latitude: 17.4238808, Longitude: 78.4544227",1557.0,,2.6,29,,The location is very nice Irram Manjil Metro station is very close also auto stand and bus stop are close.Rooms are not upto mark.,3,2 years ago,Google,Central Hyderabad
Hotel O by OYO Sai Manikanta Palace,ChkI9IqI0aygmfZqGg0vZy8xMXNqOWxwYjN3EAE,Hyderabad,"Latitude: 17.4238808, Longitude: 78.4544227",1557.0,,2.6,29,,Zero star pathetic service and also they charge more if booked through Oyo and clearly bad customer service.,1,2 years ago,Google,Central Hyderabad
Hotel O by OYO Sai Manikanta Palace,ChkI9IqI0aygmfZqGg0vZy8xMXNqOWxwYjN3EAE,Hyderabad,"Latitude: 17.4238808, Longitude: 78.4544227",1557.0,,2.6,29,,Worst rooms,1,3 years ago,Google,Central Hyderabad
Hotel O by OYO Sai Manikanta Palace,ChkI9IqI0aygmfZqGg0vZy8xMXNqOWxwYjN3EAE,Hyderabad,"Latitude: 17.4238808, Longitude: 78.4544227",1557.0,,2.6,29,,Rooms are in the worst condition. First check the rooms before opting for it,1,3 years ago,Google,Central Hyderabad
Hotel O by OYO Sai Manikanta Palace,ChkI9IqI0aygmfZqGg0vZy8xMXNqOWxwYjN3EAE,Hyderabad,"Latitude: 17.4238808, Longitude: 78.4544227",1557.0,,2.6,29,,These are the photos of my room they charged 800 per night and giving this kind of service ... I don't want to give 1 star because the service is too worst 👎 I'm suggesting you people to please don't go and don't waste your money,1,3 years ago,Google,Central Hyderabad
Hotel O by OYO Sai Manikanta Palace,ChkI9IqI0aygmfZqGg0vZy8xMXNqOWxwYjN3EAE,Hyderabad,"Latitude: 17.4238808, Longitude: 78.4544227",1557.0,,2.6,29,,"Actually zero stars but there is no option so giving one, especially don't ever book this hotel in Oyo, the hotel manager denied oyo booking, i suffered a lot from this booking and i end with booking cancellation.",1,3 years ago,Google,Central Hyderabad
Hotel O by OYO Sai Manikanta Palace,ChkI9IqI0aygmfZqGg0vZy8xMXNqOWxwYjN3EAE,Hyderabad,"Latitude: 17.4238808, Longitude: 78.4544227",1557.0,,2.6,29,,The worst hotel that i ever went to dont trust their pictures the most unhygienic place that i ever went i was soo furious after i went there but they refused to pay my money back dont book in it.,1,3 years ago,Google,Central Hyderabad
Hotel Travellers Inn,ChgIlLa9waj8opOIARoLL2cvMXYyOTlncDIQAQ,Hyderabad,"Latitude: 17.423235599999998, Longitude: 78.4546687",,1-star hotel,3.9,156,Wi-Fi | Parking | Air conditioning | Room service | Kitchen in some rooms | Airport shuttle | Full-service laundry,Best place to stay in Hyderabad,5,9 months ago,Google,Central Hyderabad
Hotel Travellers Inn,ChgIlLa9waj8opOIARoLL2cvMXYyOTlncDIQAQ,Hyderabad,"Latitude: 17.423235599999998, Longitude: 78.4546687",,1-star hotel,3.9,156,Wi-Fi | Parking | Air conditioning | Room service | Kitchen in some rooms | Airport shuttle | Full-service laundry,Staffs are good. Location is proper. But rooms need renovation.,3,10 months ago,Google,Central Hyderabad
Hotel Travellers Inn,ChgIlLa9waj8opOIARoLL2cvMXYyOTlncDIQAQ,Hyderabad,"Latitude: 17.423235599999998, Longitude: 78.4546687",,1-star hotel,3.9,156,Wi-Fi | Parking | Air conditioning | Room service | Kitchen in some rooms | Airport shuttle | Full-service laundry,Good but not so much 👍👍,5,11 months ago,Google,Central Hyderabad
Hotel Travellers Inn,ChgIlLa9waj8opOIARoLL2cvMXYyOTlncDIQAQ,Hyderabad,"Latitude: 17.423235599999998, Longitude: 78.4546687",,1-star hotel,3.9,156,Wi-Fi | Parking | Air conditioning | Room service | Kitchen in some rooms | Airport shuttle | Full-service laundry,My stay went well and the maintenance was good. Go for it without a doubt,5,11 months ago,Google,Central Hyderabad
Hotel Travellers Inn,ChgIlLa9waj8opOIARoLL2cvMXYyOTlncDIQAQ,Hyderabad,"Latitude: 17.423235599999998, Longitude: 78.4546687",,1-star hotel,3.9,156,Wi-Fi | Parking | Air conditioning | Room service | Kitchen in some rooms | Airport shuttle | Full-service laundry,Not good,3,a year ago,Google,Central Hyderabad
Hotel Travellers Inn,ChgIlLa9waj8opOIARoLL2cvMXYyOTlncDIQAQ,Hyderabad,"Latitude: 17.423235599999998, Longitude: 78.4546687",,1-star hotel,3.9,156,Wi-Fi | Parking | Air conditioning | Room service | Kitchen in some rooms | Airport shuttle | Full-service laundry,"Low cost but less quality, Washroom was not good,AC was leaking,Bed was hard .",2,2 years ago,Google,Central Hyderabad
Hotel Travellers Inn,ChgIlLa9waj8opOIARoLL2cvMXYyOTlncDIQAQ,Hyderabad,"Latitude: 17.423235599999998, Longitude: 78.4546687",,1-star hotel,3.9,156,Wi-Fi | Parking | Air conditioning | Room service | Kitchen in some rooms | Airport shuttle | Full-service laundry,Ok,3,2 years ago,Google,Central Hyderabad
Hotel Travellers Inn,ChgIlLa9waj8opOIARoLL2cvMXYyOTlncDIQAQ,Hyderabad,"Latitude: 17.423235599999998, Longitude: 78.4546687",,1-star hotel,3.9,156,Wi-Fi | Parking | Air conditioning | Room service | Kitchen in some rooms | Airport shuttle | Full-service laundry,Good place with affordable price,4,2 years ago,Google,Central Hyderabad
Hotel Travellers Inn,ChgIlLa9waj8opOIARoLL2cvMXYyOTlncDIQAQ,Hyderabad,"Latitude: 17.423235599999998, Longitude: 78.4546687",,1-star hotel,3.9,156,Wi-Fi | Parking | Air conditioning | Room service | Kitchen in some rooms | Airport shuttle | Full-service laundry,"BUDGET PRICE
GOOD SERVICE.",5,2 years ago,Google,Central Hyderabad
Hotel Travellers Inn,ChgIlLa9waj8opOIARoLL2cvMXYyOTlncDIQAQ,Hyderabad,"Latitude: 17.423235599999998, Longitude: 78.4546687",,1-star hotel,3.9,156,Wi-Fi | Parking | Air conditioning | Room service | Kitchen in some rooms | Airport shuttle | Full-service laundry,Good Location,5,2 years ago,Google,Central Hyderabad
Hotel Sai Pearl,ChkIrZin_s6sqLMwGg0vZy8xMWRmZ3N4ejc3EAE,Hyderabad,"Latitude: 17.4324537, Longitude: 78.4468131",,3-star hotel,3.4,183,Air conditioning,Worest hotel and suddenly water not coming in the night times . I was call from hotel manegement but no reply to me and it's not secure hotel and too bad services and no cleaning and don't come families. TV also not working,1,3 years ago,Google,Central Hyderabad
Hotel Sai Pearl,ChkIrZin_s6sqLMwGg0vZy8xMWRmZ3N4ejc3EAE,Hyderabad,"Latitude: 17.4324537, Longitude: 78.4468131",,3-star hotel,3.4,183,Air conditioning,Good maintenance,5,5 years ago,Google,Central Hyderabad
Hotel Sai Pearl,ChkIrZin_s6sqLMwGg0vZy8xMWRmZ3N4ejc3EAE,Hyderabad,"Latitude: 17.4324537, Longitude: 78.4468131",,3-star hotel,3.4,183,Air conditioning,"(Translated by Google) God.
(Original)
Gud.",5,5 years ago,Google,Central Hyderabad
Hotel Sai Pearl,ChkIrZin_s6sqLMwGg0vZy8xMWRmZ3N4ejc3EAE,Hyderabad,"Latitude: 17.4324537, Longitude: 78.4468131",,3-star hotel,3.4,183,Air conditioning,Good and excellent,5,5 years ago,Google,Central Hyderabad
Hotel Sai Pearl,ChkIrZin_s6sqLMwGg0vZy8xMWRmZ3N4ejc3EAE,Hyderabad,"Latitude: 17.4324537, Longitude: 78.4468131",,3-star hotel,3.4,183,Air conditioning,Good place,5,6 years ago,Google,Central Hyderabad
Hotel Sai Pearl,ChkIrZin_s6sqLMwGg0vZy8xMWRmZ3N4ejc3EAE,Hyderabad,"Latitude: 17.4324537, Longitude: 78.4468131",,3-star hotel,3.4,183,Air conditioning,Was a decent hotel with great staff,3,6 years ago,Google,Central Hyderabad
Hotel Sai Pearl,ChkIrZin_s6sqLMwGg0vZy8xMWRmZ3N4ejc3EAE,Hyderabad,"Latitude: 17.4324537, Longitude: 78.4468131",,3-star hotel,3.4,183,Air conditioning,Very comfortable,5,6 years ago,Google,Central Hyderabad
Hotel Sai Pearl,ChkIrZin_s6sqLMwGg0vZy8xMWRmZ3N4ejc3EAE,Hyderabad,"Latitude: 17.4324537, Longitude: 78.4468131",,3-star hotel,3.4,183,Air conditioning,This is what is worst....total rude receptionist.,1,6 years ago,Google,Central Hyderabad
Hotel Sai Pearl,ChkIrZin_s6sqLMwGg0vZy8xMWRmZ3N4ejc3EAE,Hyderabad,"Latitude: 17.4324537, Longitude: 78.4468131",,3-star hotel,3.4,183,Air conditioning,"This is not a hotel, it is hel!!!!",1,6 years ago,Google,Central Hyderabad
Hotel Sai Pearl,ChkIrZin_s6sqLMwGg0vZy8xMWRmZ3N4ejc3EAE,Hyderabad,"Latitude: 17.4324537, Longitude: 78.4468131",,3-star hotel,3.4,183,Air conditioning,"Worst hotel...i took a room in this hotel and am sleeping in night..
Suddenly room boy knocked the  door at midnight and asked me to change the room...
Because they want to give that room to boy n girl ( am very sure they came here for illegal work)..
Then I told that I have already paid the   amount ..., y I have to change the room..
Finally the the room manager n two room boys came and argued with me  to change the room... And they are not returning my money also...
....
This lodge is mainly for illegal sex workers n prostituteds...
My sincere advice for families is that... Please don't enter this hotel..
I request police department should take some action on this hotel for encouraging illegal activities..",1,6 years ago,Google,Central Hyderabad
Hotel Sai Pearl,ChkIrZin_s6sqLMwGg0vZy8xMWRmZ3N4ejc3EAE,Hyderabad,"Latitude: 17.4324537, Longitude: 78.4468131",,3-star hotel,3.4,183,Air conditioning,This hotel is unsafe and staff is rude,1,6 years ago,Google,Central Hyderabad
Hotel Sai Pearl,ChkIrZin_s6sqLMwGg0vZy8xMWRmZ3N4ejc3EAE,Hyderabad,"Latitude: 17.4324537, Longitude: 78.4468131",,3-star hotel,3.4,183,Air conditioning,"Worst service and worst behaviour of receptionist. Room quality was also very bad. It was smelling very badly. On top of that room got locked when i was inside, intercoms not getting connected and then someone opened from outside without having room keys with them. This is totally insecure.",1,6 years ago,Google,Central Hyderabad
OYO 29928 Sai Manikanta Residency,ChkI17DJ8qia5I0SGg0vZy8xMWg2c2xydm0yEAE,Hyderabad,"Latitude: 17.4273504, Longitude: 78.45107279999999",,3-star hotel,3.5,493,Free breakfast | Wi-Fi | Pool | Air conditioning | Room service | Kitchen in some rooms | Full-service laundry | Kid-friendly,"Worst hotel ,, guys stay away from this frauds.
Very bad maintenance and bedbugs are there. No cleaness. Very worst hotel. They are spoiling hyderabad name.",1,2 weeks ago,Google,Central Hyderabad
OYO 29928 Sai Manikanta Residency,ChkI17DJ8qia5I0SGg0vZy8xMWg2c2xydm0yEAE,Hyderabad,"Latitude: 17.4273504, Longitude: 78.45107279999999",,3-star hotel,3.5,493,Free breakfast | Wi-Fi | Pool | Air conditioning | Room service | Kitchen in some rooms | Full-service laundry | Kid-friendly,"⭐ 1/5 Worst experience! Cockroaches from small to big were roaming everywhere, even on the bed 🤮. No hygiene, poorly maintained, and no proper hot water—they give an old heater instead. Please avoid this place if you want to sleep peacefully. You book a room to sleep, not to share your bed with cockroaches! 🪳 Thuuu!worst worst worst",1,4 weeks ago,Google,Central Hyderabad
OYO 29928 Sai Manikanta Residency,ChkI17DJ8qia5I0SGg0vZy8xMWg2c2xydm0yEAE,Hyderabad,"Latitude: 17.4273504, Longitude: 78.45107279999999",,3-star hotel,3.5,493,Free breakfast | Wi-Fi | Pool | Air conditioning | Room service | Kitchen in some rooms | Full-service laundry | Kid-friendly,"⭐ 1/5 — Worst stay experience!
Sai Manikanta Residence was extremely disappointing. The room was poorly maintained, unhygienic, and the worst part—cockroaches of every size, from tiny ones to huge ones, were roaming around even on the bed where guests are supposed to sleep! 🤮 Thuuu!
No proper hygiene, no maintenance, and there wasn’t even proper hot water. Instead, they provide an old water heater to somehow make the water hot.
Please don’t visit this hotel if you want to sleep peacefully. You book a room to rest, not to share your bed with a cockroach family! 🪳😂",2,4 weeks ago,Google,Central Hyderabad
OYO 29928 Sai Manikanta Residency,ChkI17DJ8qia5I0SGg0vZy8xMWg2c2xydm0yEAE,Hyderabad,"Latitude: 17.4273504, Longitude: 78.45107279999999",,3-star hotel,3.5,493,Free breakfast | Wi-Fi | Pool | Air conditioning | Room service | Kitchen in some rooms | Full-service laundry | Kid-friendly,"The best place to find cockroaches of all age groups.
Above matress
On Floor
On Walls
In bathroom
It's a basic sense to keep the room clean and tidy. Suggest not to book this in future.",1,a month ago,Google,Central Hyderabad
OYO 29928 Sai Manikanta Residency,ChkI17DJ8qia5I0SGg0vZy8xMWg2c2xydm0yEAE,Hyderabad,"Latitude: 17.4273504, Longitude: 78.45107279999999",,3-star hotel,3.5,493,Free breakfast | Wi-Fi | Pool | Air conditioning | Room service | Kitchen in some rooms | Full-service laundry | Kid-friendly,"My stay at this hotel Sai Manikanta Residency, Punjagutta was extremely disappointing. The hotel was unhygienic and poorly maintained. The washroom was very dirty with tobacco spit in multiple places. The flush was not working, the shower was not working and the mirror was broken. The AC was also not working, making the stay very uncomfortable.
‎
‎The staff was not professional or helpful. Even basic facilities such as towels and other essential amenities were not provided.
‎
‎Overall, the hotel seriously lacks cleanliness, maintenance, basic facilities and professional service. I would not recommend staying here.",1,a month ago,Google,Central Hyderabad
OYO 29928 Sai Manikanta Residency,ChkI17DJ8qia5I0SGg0vZy8xMWg2c2xydm0yEAE,Hyderabad,"Latitude: 17.4273504, Longitude: 78.45107279999999",,3-star hotel,3.5,493,Free breakfast | Wi-Fi | Pool | Air conditioning | Room service | Kitchen in some rooms | Full-service laundry | Kid-friendly,Clean and hygienic rooms at very affordable prices for its location. Walking distance from panjagutta metro station and good places nearby to visit,5,a month ago,Google,Central Hyderabad
OYO 29928 Sai Manikanta Residency,ChkI17DJ8qia5I0SGg0vZy8xMWg2c2xydm0yEAE,Hyderabad,"Latitude: 17.4273504, Longitude: 78.45107279999999",,3-star hotel,3.5,493,Free breakfast | Wi-Fi | Pool | Air conditioning | Room service | Kitchen in some rooms | Full-service laundry | Kid-friendly,"Worst service....Someone called Abhishek, who is a manager, is talking very rudely and he doesn’t even know how to talk to customers....He is saying that he is the owner here. When I asked for his name, he said, ‘I won’t even tell you my name. Do whatever you want.’ He is talking like this....
This very bad experience i ever had face......Worst behavior receptionist Mr.ABHISHEK....",1,4 months ago,Google,Central Hyderabad
OYO 29928 Sai Manikanta Residency,ChkI17DJ8qia5I0SGg0vZy8xMWg2c2xydm0yEAE,Hyderabad,"Latitude: 17.4273504, Longitude: 78.45107279999999",,3-star hotel,3.5,493,Free breakfast | Wi-Fi | Pool | Air conditioning | Room service | Kitchen in some rooms | Full-service laundry | Kid-friendly,"Worst experience ever in a hotel.There are cockroaches in the room. The blankets, bedsheet and washroom is all dirty. No working AC remotes",1,4 months ago,Google,Central Hyderabad
OYO 29928 Sai Manikanta Residency,ChkI17DJ8qia5I0SGg0vZy8xMWg2c2xydm0yEAE,Hyderabad,"Latitude: 17.4273504, Longitude: 78.45107279999999",,3-star hotel,3.5,493,Free breakfast | Wi-Fi | Pool | Air conditioning | Room service | Kitchen in some rooms | Full-service laundry | Kid-friendly,Awesome,5,6 months ago,Google,Central Hyderabad
OYO 29928 Sai Manikanta Residency,ChkI17DJ8qia5I0SGg0vZy8xMWg2c2xydm0yEAE,Hyderabad,"Latitude: 17.4273504, Longitude: 78.45107279999999",,3-star hotel,3.5,493,Free breakfast | Wi-Fi | Pool | Air conditioning | Room service | Kitchen in some rooms | Full-service laundry | Kid-friendly,Good place.,4,7 months ago,Google,Central Hyderabad
OYO 29928 Sai Manikanta Residency,ChkI17DJ8qia5I0SGg0vZy8xMWg2c2xydm0yEAE,Hyderabad,"Latitude: 17.4273504, Longitude: 78.45107279999999",,3-star hotel,3.5,493,Free breakfast | Wi-Fi | Pool | Air conditioning | Room service | Kitchen in some rooms | Full-service laundry | Kid-friendly,"One of the worst places I’ve stayed at. Honestly, this shouldn’t even be your last option.
The rooms are in terrible condition, and the management is worse. There were cockroaches in the room, the bathroom didn’t even have a proper lock, and overall maintenance felt completely neglected.
The linen situation was equally bad. Bedsheets, pillow covers, towels, even the blankets looked dirty and poorly maintained. It didn’t feel hygienic at all, which is the bare minimum you expect from any stay.
They also refuse check-in for online bookings at random, without any prior notice. That alone can ruin a trip and leave you stranded.
Overall, a very bad experience. Avoid this place unless you want unnecessary stress and discomfort during your stay.",1,7 months ago,Google,Central Hyderabad
OYO 29928 Sai Manikanta Residency,ChkI17DJ8qia5I0SGg0vZy8xMWg2c2xydm0yEAE,Hyderabad,"Latitude: 17.4273504, Longitude: 78.45107279999999",,3-star hotel,3.5,493,Free breakfast | Wi-Fi | Pool | Air conditioning | Room service | Kitchen in some rooms | Full-service laundry | Kid-friendly,"Very bad experience. The room was full of cockroaches, had a bad smell, and was not hygienic at all. Staff behavior was rude and unhelpful. Not worth the money. Do not recommend.",1,8 months ago,Google,Central Hyderabad
OYO 29928 Sai Manikanta Residency,ChkI17DJ8qia5I0SGg0vZy8xMWg2c2xydm0yEAE,Hyderabad,"Latitude: 17.4273504, Longitude: 78.45107279999999",,3-star hotel,3.5,493,Free breakfast | Wi-Fi | Pool | Air conditioning | Room service | Kitchen in some rooms | Full-service laundry | Kid-friendly,"When I visited this hotel, the reception allotted me a room where the tap was broken, the bathroom exhaust fan was not working, and there was a bad odour in the bathroom. The bedsheet also had a long hair on it, which made me very uncomfortable. I paid ₹1350, and for this amount, the room was not worth it.
Before taking a room, please check:
1.Bathroom condition
2.Bedsheet cleanliness
3.Bathroom exhaust fan
4.Charging points",2,8 months ago,Google,Central Hyderabad
OYO 29928 Sai Manikanta Residency,ChkI17DJ8qia5I0SGg0vZy8xMWg2c2xydm0yEAE,Hyderabad,"Latitude: 17.4273504, Longitude: 78.45107279999999",,3-star hotel,3.5,493,Free breakfast | Wi-Fi | Pool | Air conditioning | Room service | Kitchen in some rooms | Full-service laundry | Kid-friendly,"No hot water
Bad smell in room
Reception staff not bothered to help",2,9 months ago,Google,Central Hyderabad
OYO 29928 Sai Manikanta Residency,ChkI17DJ8qia5I0SGg0vZy8xMWg2c2xydm0yEAE,Hyderabad,"Latitude: 17.4273504, Longitude: 78.45107279999999",,3-star hotel,3.5,493,Free breakfast | Wi-Fi | Pool | Air conditioning | Room service | Kitchen in some rooms | Full-service laundry | Kid-friendly,Horriable it is,1,10 months ago,Google,Central Hyderabad
OYO 29928 Sai Manikanta Residency,ChkI17DJ8qia5I0SGg0vZy8xMWg2c2xydm0yEAE,Hyderabad,"Latitude: 17.4273504, Longitude: 78.45107279999999",,3-star hotel,3.5,493,Free breakfast | Wi-Fi | Pool | Air conditioning | Room service | Kitchen in some rooms | Full-service laundry | Kid-friendly,"Tv not working, cockroch are everywhere, room and washroom is clean.",2,10 months ago,Google,Central Hyderabad
OYO 29928 Sai Manikanta Residency,ChkI17DJ8qia5I0SGg0vZy8xMWg2c2xydm0yEAE,Hyderabad,"Latitude: 17.4273504, Longitude: 78.45107279999999",,3-star hotel,3.5,493,Free breakfast | Wi-Fi | Pool | Air conditioning | Room service | Kitchen in some rooms | Full-service laundry | Kid-friendly,"One of the worst hotel I have ever seen ,No one knows how to handle the customers and zero discipline at all.staff are very rude with customers,I have been to the hotel many times and literally the way they treat the customers so arrogantly moved me a lot ,No ethics at all,they knock on the door continuously even if it is not the time to leave and they tell you not to come to the hotel again if you ask about that.ridiculous and I would never recommend it to anyone who wants to have a peaceful time,one of the worst hotels in the whole entire Hyderabad",1,10 months ago,Google,Central Hyderabad
OYO 29928 Sai Manikanta Residency,ChkI17DJ8qia5I0SGg0vZy8xMWg2c2xydm0yEAE,Hyderabad,"Latitude: 17.4273504, Longitude: 78.45107279999999",,3-star hotel,3.5,493,Free breakfast | Wi-Fi | Pool | Air conditioning | Room service | Kitchen in some rooms | Full-service laundry | Kid-friendly,"I recently stayed at **OYO 29928 Sai Manikanta Residency**, and my experience was genuinely satisfying. This property is one of the best budget-friendly stays in the Punjagutta area, especially for travelers who want comfort, convenience, and good service at an affordable price. The biggest advantage of this hotel is its **excellent location** — it is very close to the **Punjagutta Metro Station**, which makes commuting around Hyderabad extremely easy. Whether you’re traveling for work, shopping, or sightseeing, this location adds great value to your stay.
The room pricing is also very reasonable. A **Non-AC room costs ₹1500**, and an **AC room is ₹1700**, which is quite fair considering the location and the amenities provided. The rooms are clean, well-maintained, and spacious enough for both solo travelers and couples. The beds are comfortable, and the bathrooms are kept hygienic with regular cleaning. The staff here is polite, responsive, and always ready to assist with any requests, making the stay even more pleasant.
Check-in and check-out were smooth, and the overall property feels safe and secure. The surrounding area has plenty of eateries, grocery stores, and transport options, which is a big plus for outstation guests. If you’re looking for a reliable and budget-friendly place near Punjagutta, Sai Manikanta Residency is a great choice. I would definitely recommend this hotel to anyone planning to stay in this part of Hyderabad.",5,10 months ago,Google,Central Hyderabad
Hotel Sitara Residency Ameerpet,ChgInNKg_Pz11dGVARoLL2cvMXRmcGg4MjUQAQ,Hyderabad,"Latitude: 17.4311471, Longitude: 78.4479922",3930.0,2-star hotel,3.7,3071,Free breakfast | Wi-Fi | Free parking | Air conditioning | Bar | Restaurant | Room service | Kitchen in some rooms | Full-service laundry | Kid-friendly,"Very Bad Experience – Not Recommended
I had a very disappointing experience at Hotel Sitara Residency. The staff behavior was very poor, and the customer service was extremely unprofessional.
We booked a room in advance and reached the hotel expecting a comfortable stay. However, when we arrived, no one responded properly to our requests. We asked about room options, but the staff did not cooperate or provide any alternatives.
After making the payment, we were given a room that was not satisfactory. When we requested a better room or any other option, the staff did not provide any proper solution. There was no flexibility or willingness to help the customer.
Another major issue was the additional charges for three people. Even though we were charged for three persons, the hotel did not provide an extra bed. We were also charged separately for breakfast for one person.
Overall, the staff's behavior and attitude toward customers were very disappointing. The way they handled our concerns was not what we expected from a hotel.
My family and I do not recommend Hotel Sitara Residency. I would strongly suggest that other travelers carefully check the room, facilities, additional charges, and hotel policies before making payment.
Very poor service, poor staff behavior, and not worth the money.",1,3 weeks ago,Google,Central Hyderabad
Hotel Sitara Residency Ameerpet,ChgInNKg_Pz11dGVARoLL2cvMXRmcGg4MjUQAQ,Hyderabad,"Latitude: 17.4311471, Longitude: 78.4479922",3930.0,2-star hotel,3.7,3071,Free breakfast | Wi-Fi | Free parking | Air conditioning | Bar | Restaurant | Room service | Kitchen in some rooms | Full-service laundry | Kid-friendly,Hotel waiter ar horrible it's feel like koti market one will b pulling one side n other waiter other side,1,a month ago,Google,Central Hyderabad
Hotel Sitara Residency Ameerpet,ChgInNKg_Pz11dGVARoLL2cvMXRmcGg4MjUQAQ,Hyderabad,"Latitude: 17.4311471, Longitude: 78.4479922",3930.0,2-star hotel,3.7,3071,Free breakfast | Wi-Fi | Free parking | Air conditioning | Bar | Restaurant | Room service | Kitchen in some rooms | Full-service laundry | Kid-friendly,"Sitara Multicuisine Family Restaurant – Review
Based on my personal experience, I was very disappointed with the food at this restaurant. If you are planning to visit with your family, I would suggest thinking twice before ordering the main course.
The starters were okay and reasonably good, but the main course was extremely disappointing. In particular, the mutton biryani had an unpleasant smell from the mutton, which made it difficult to eat.
Overall, based on my experience, the starters are okay, but I would not recommend the main course, especially the mutton biryani.
This review is based on my personal dining experience.",1,a month ago,Google,Central Hyderabad
Hotel Sitara Residency Ameerpet,ChgInNKg_Pz11dGVARoLL2cvMXRmcGg4MjUQAQ,Hyderabad,"Latitude: 17.4311471, Longitude: 78.4479922",3930.0,2-star hotel,3.7,3071,Free breakfast | Wi-Fi | Free parking | Air conditioning | Bar | Restaurant | Room service | Kitchen in some rooms | Full-service laundry | Kid-friendly,Located in prime area .,4,2 months ago,Google,Central Hyderabad
Hotel Sitara Residency Ameerpet,ChgInNKg_Pz11dGVARoLL2cvMXRmcGg4MjUQAQ,Hyderabad,"Latitude: 17.4311471, Longitude: 78.4479922",3930.0,2-star hotel,3.7,3071,Free breakfast | Wi-Fi | Free parking | Air conditioning | Bar | Restaurant | Room service | Kitchen in some rooms | Full-service laundry | Kid-friendly,Ok,3,2 months ago,Google,Central Hyderabad
Hotel Sitara Residency Ameerpet,ChgInNKg_Pz11dGVARoLL2cvMXRmcGg4MjUQAQ,Hyderabad,"Latitude: 17.4311471, Longitude: 78.4479922",3930.0,2-star hotel,3.7,3071,Free breakfast | Wi-Fi | Free parking | Air conditioning | Bar | Restaurant | Room service | Kitchen in some rooms | Full-service laundry | Kid-friendly,There is no proper entrance and parking area is too bad! Wallet parking drivers parked my car on somewhere beside the road and traffic police sent me a traffic challan for roadside parking!,5,2 months ago,Google,Central Hyderabad
Hotel Sitara Residency Ameerpet,ChgInNKg_Pz11dGVARoLL2cvMXRmcGg4MjUQAQ,Hyderabad,"Latitude: 17.4311471, Longitude: 78.4479922",3930.0,2-star hotel,3.7,3071,Free breakfast | Wi-Fi | Free parking | Air conditioning | Bar | Restaurant | Room service | Kitchen in some rooms | Full-service laundry | Kid-friendly,Worst behaviour,1,3 months ago,Google,Central Hyderabad
Hotel Sitara Residency Ameerpet,ChgInNKg_Pz11dGVARoLL2cvMXRmcGg4MjUQAQ,Hyderabad,"Latitude: 17.4311471, Longitude: 78.4479922",3930.0,2-star hotel,3.7,3071,Free breakfast | Wi-Fi | Free parking | Air conditioning | Bar | Restaurant | Room service | Kitchen in some rooms | Full-service laundry | Kid-friendly,Worst ac facility high price with low quality,1,3 months ago,Google,Central Hyderabad
Hotel Sitara Residency Ameerpet,ChgInNKg_Pz11dGVARoLL2cvMXRmcGg4MjUQAQ,Hyderabad,"Latitude: 17.4311471, Longitude: 78.4479922",3930.0,2-star hotel,3.7,3071,Free breakfast | Wi-Fi | Free parking | Air conditioning | Bar | Restaurant | Room service | Kitchen in some rooms | Full-service laundry | Kid-friendly,Worst,1,3 months ago,Google,Central Hyderabad
Hotel Sitara Residency Ameerpet,ChgInNKg_Pz11dGVARoLL2cvMXRmcGg4MjUQAQ,Hyderabad,"Latitude: 17.4311471, Longitude: 78.4479922",3930.0,2-star hotel,3.7,3071,Free breakfast | Wi-Fi | Free parking | Air conditioning | Bar | Restaurant | Room service | Kitchen in some rooms | Full-service laundry | Kid-friendly,"Worst food don’t visit this restaurant
1 rating",1,3 months ago,Google,Central Hyderabad
Hotel O SUNRISE RESIDENCY,ChkIy_G8w8fy-7t8Gg0vZy8xMXBranQzcnpnEAE,Hyderabad,"Latitude: 17.4343278, Longitude: 78.447929",,,3.0,42,,Staff is not responding properly...the boys are behaving like owners and they behaving aggressive nature....they charge high....but service is waste... really it's terrible experience I have faced....not recommended,1,7 months ago,Google,Central Hyderabad
Hotel O SUNRISE RESIDENCY,ChkIy_G8w8fy-7t8Gg0vZy8xMXBranQzcnpnEAE,Hyderabad,"Latitude: 17.4343278, Longitude: 78.447929",,,3.0,42,,"The boys think they are the owners. They don't respect the customers. Though I paid 2k advance, I was insulted by the foulplay of the 4 boys. They have to take away financial dealings from the room cleaners and restrict them not to interfere with room allotment and finance. On the whole their behaviour is disgusting.",1,7 months ago,Google,Central Hyderabad
Hotel O SUNRISE RESIDENCY,ChkIy_G8w8fy-7t8Gg0vZy8xMXBranQzcnpnEAE,Hyderabad,"Latitude: 17.4343278, Longitude: 78.447929",,,3.0,42,,Very expensive,3,2 years ago,Google,Central Hyderabad
Hotel O SUNRISE RESIDENCY,ChkIy_G8w8fy-7t8Gg0vZy8xMXBranQzcnpnEAE,Hyderabad,"Latitude: 17.4343278, Longitude: 78.447929",,,3.0,42,,Rooms are okay but service is good 👍 here. Easy to find and best for family stay,4,3 years ago,Google,Central Hyderabad
Hotel O SUNRISE RESIDENCY,ChkIy_G8w8fy-7t8Gg0vZy8xMXBranQzcnpnEAE,Hyderabad,"Latitude: 17.4343278, Longitude: 78.447929",,,3.0,42,,Very very bad service and staff behaviour.aslo room is too much dirty bed sheet and pillow cover no wash,1,3 years ago,Google,Central Hyderabad
Hotel O SUNRISE RESIDENCY,ChkIy_G8w8fy-7t8Gg0vZy8xMXBranQzcnpnEAE,Hyderabad,"Latitude: 17.4343278, Longitude: 78.447929",,,3.0,42,,"Good for staying single or family..
Iam satisfied Room cleaning
Iam satisfied with hot water facility
It is easily located
Price also reasonable
I will preferred everyone to stay hear if near the location...
Finally 👍 good 😊 ...",4,Edited 3 years ago,Google,Central Hyderabad
Hotel O SUNRISE RESIDENCY,ChkIy_G8w8fy-7t8Gg0vZy8xMXBranQzcnpnEAE,Hyderabad,"Latitude: 17.4343278, Longitude: 78.447929",,,3.0,42,,"Service was too good , but TV n AC was not working",4,Edited 3 years ago,Google,Central Hyderabad
Hotel O SUNRISE RESIDENCY,ChkIy_G8w8fy-7t8Gg0vZy8xMXBranQzcnpnEAE,Hyderabad,"Latitude: 17.4343278, Longitude: 78.447929",,,3.0,42,,Good,4,3 years ago,Google,Central Hyderabad
Hotel O SUNRISE RESIDENCY,ChkIy_G8w8fy-7t8Gg0vZy8xMXBranQzcnpnEAE,Hyderabad,"Latitude: 17.4343278, Longitude: 78.447929",,,3.0,42,,"Worst hospitality.Actually it is only lodge not hotel.If your are not any option then only think about it, otherwise go for another plan.
This is the one few lodging from the area.",1,3 years ago,Google,Central Hyderabad
Hotel O SUNRISE RESIDENCY,ChkIy_G8w8fy-7t8Gg0vZy8xMXBranQzcnpnEAE,Hyderabad,"Latitude: 17.4343278, Longitude: 78.447929",,,3.0,42,,"(Translated by Google) There is no room service. The room is not clean. There is a TV but no cable connection. The bed pillows in the room are not clean.
(Original)
రూమ్ సర్వీసు లేదూ.  రూమ్ శుభ్రంగా లేదూ  టీవీ  ఉంటుంది కానీ కేబుల్ కలెక్షన్ ఉండదు   రూమ్ లో బెడ్  పిల్లోస్ శుభ్రంగా లేదు.",1,4 years ago,Google,Central Hyderabad
Ambica Lodge,ChcI8d-XrIzJ2o4tGgsvZy8xdGozamo1bBAB,Hyderabad,"Latitude: 17.423790399999998, Longitude: 78.4539389",,3-star hotel,3.3,58,Free breakfast | Free Wi-Fi | Parking | Pool | Air conditioning | Room service | Kitchen in some rooms | Airport shuttle | Full-service laundry | Kid-friendly,Good for hospital patients and family,5,a year ago,Google,Central Hyderabad
Ambica Lodge,ChcI8d-XrIzJ2o4tGgsvZy8xdGozamo1bBAB,Hyderabad,"Latitude: 17.423790399999998, Longitude: 78.4539389",,3-star hotel,3.3,58,Free breakfast | Free Wi-Fi | Parking | Pool | Air conditioning | Room service | Kitchen in some rooms | Airport shuttle | Full-service laundry | Kid-friendly,Super service,4,a year ago,Google,Central Hyderabad
Ambica Lodge,ChcI8d-XrIzJ2o4tGgsvZy8xdGozamo1bBAB,Hyderabad,"Latitude: 17.423790399999998, Longitude: 78.4539389",,3-star hotel,3.3,58,Free breakfast | Free Wi-Fi | Parking | Pool | Air conditioning | Room service | Kitchen in some rooms | Airport shuttle | Full-service laundry | Kid-friendly,Good maintaining,5,Edited 3 years ago,Google,Central Hyderabad
Ambica Lodge,ChcI8d-XrIzJ2o4tGgsvZy8xdGozamo1bBAB,Hyderabad,"Latitude: 17.423790399999998, Longitude: 78.4539389",,3-star hotel,3.3,58,Free breakfast | Free Wi-Fi | Parking | Pool | Air conditioning | Room service | Kitchen in some rooms | Airport shuttle | Full-service laundry | Kid-friendly,Avegare,2,3 years ago,Google,Central Hyderabad
Ambica Lodge,ChcI8d-XrIzJ2o4tGgsvZy8xdGozamo1bBAB,Hyderabad,"Latitude: 17.423790399999998, Longitude: 78.4539389",,3-star hotel,3.3,58,Free breakfast | Free Wi-Fi | Parking | Pool | Air conditioning | Room service | Kitchen in some rooms | Airport shuttle | Full-service laundry | Kid-friendly,"Worst experience, pathetic management...I have booked my stay (an ac room) from oyo and at the reception counter they are not giving me the room rather they are saying if you want a room we will give you a non ac room.",1,4 years ago,Google,Central Hyderabad
Ambica Lodge,ChcI8d-XrIzJ2o4tGgsvZy8xdGozamo1bBAB,Hyderabad,"Latitude: 17.423790399999998, Longitude: 78.4539389",,3-star hotel,3.3,58,Free breakfast | Free Wi-Fi | Parking | Pool | Air conditioning | Room service | Kitchen in some rooms | Airport shuttle | Full-service laundry | Kid-friendly,Budget rooms.,4,4 years ago,Google,Central Hyderabad
Ambica Lodge,ChcI8d-XrIzJ2o4tGgsvZy8xdGozamo1bBAB,Hyderabad,"Latitude: 17.423790399999998, Longitude: 78.4539389",,3-star hotel,3.3,58,Free breakfast | Free Wi-Fi | Parking | Pool | Air conditioning | Room service | Kitchen in some rooms | Airport shuttle | Full-service laundry | Kid-friendly,"Worst service , been traveling from last 6 years near seen any lodge like this , Receptionist or owner of lodge doesn't have basic common sense
- No hot Water
- No Room service
- doesn't have habit of cleaning room
I suggest nobody ever visit this lodge in there life",1,4 years ago,Google,Central Hyderabad
Ambica Lodge,ChcI8d-XrIzJ2o4tGgsvZy8xdGozamo1bBAB,Hyderabad,"Latitude: 17.423790399999998, Longitude: 78.4539389",,3-star hotel,3.3,58,Free breakfast | Free Wi-Fi | Parking | Pool | Air conditioning | Room service | Kitchen in some rooms | Airport shuttle | Full-service laundry | Kid-friendly,"-10 rating, they have Cockroaches in the rooms, and they were not changing the room also. What kind of pathetic nature it was.
Please don't come to this laudge please dont.",1,4 years ago,Google,Central Hyderabad
Ambica Lodge,ChcI8d-XrIzJ2o4tGgsvZy8xdGozamo1bBAB,Hyderabad,"Latitude: 17.423790399999998, Longitude: 78.4539389",,3-star hotel,3.3,58,Free breakfast | Free Wi-Fi | Parking | Pool | Air conditioning | Room service | Kitchen in some rooms | Airport shuttle | Full-service laundry | Kid-friendly,Average rooms with lift and paid hot water facility.,3,5 years ago,Google,Central Hyderabad
Ambica Lodge,ChcI8d-XrIzJ2o4tGgsvZy8xdGozamo1bBAB,Hyderabad,"Latitude: 17.423790399999998, Longitude: 78.4539389",,3-star hotel,3.3,58,Free breakfast | Free Wi-Fi | Parking | Pool | Air conditioning | Room service | Kitchen in some rooms | Airport shuttle | Full-service laundry | Kid-friendly,Good starving,4,5 years ago,Google,Central Hyderabad
Ambica Lodge,ChcI8d-XrIzJ2o4tGgsvZy8xdGozamo1bBAB,Hyderabad,"Latitude: 17.423790399999998, Longitude: 78.4539389",,3-star hotel,3.3,58,Free breakfast | Free Wi-Fi | Parking | Pool | Air conditioning | Room service | Kitchen in some rooms | Airport shuttle | Full-service laundry | Kid-friendly,It's very old better to renovate the Lodge,1,7 years ago,Google,Central Hyderabad
Ambica Lodge,ChcI8d-XrIzJ2o4tGgsvZy8xdGozamo1bBAB,Hyderabad,"Latitude: 17.423790399999998, Longitude: 78.4539389",,3-star hotel,3.3,58,Free breakfast | Free Wi-Fi | Parking | Pool | Air conditioning | Room service | Kitchen in some rooms | Airport shuttle | Full-service laundry | Kid-friendly,Hotel is at Panjagutta Hyderabad. Location is Good.Hotel is Good & Clean.,3,7 years ago,Google,Central Hyderabad
Dilkusha Guest House,ChcItJXD7v3mv-K8ARoKL20vMGd5MGs0chAB,Hyderabad,"Latitude: 17.419829699999998, Longitude: 78.4616568",,,4.2,253,Free breakfast | Wi-Fi | Parking | Room service | Kitchen in some rooms | Full-service laundry,Wonderful,5,6 days ago,Google,Central Hyderabad
Dilkusha Guest House,ChcItJXD7v3mv-K8ARoKL20vMGd5MGs0chAB,Hyderabad,"Latitude: 17.419829699999998, Longitude: 78.4616568",,,4.2,253,Free breakfast | Wi-Fi | Parking | Room service | Kitchen in some rooms | Full-service laundry,Nice experience,4,2 weeks ago,Google,Central Hyderabad
Dilkusha Guest House,ChcItJXD7v3mv-K8ARoKL20vMGd5MGs0chAB,Hyderabad,"Latitude: 17.419829699999998, Longitude: 78.4616568",,,4.2,253,Free breakfast | Wi-Fi | Parking | Room service | Kitchen in some rooms | Full-service laundry,Architecture is great it seems to be Great,5,a month ago,Google,Central Hyderabad
Dilkusha Guest House,ChcItJXD7v3mv-K8ARoKL20vMGd5MGs0chAB,Hyderabad,"Latitude: 17.419829699999998, Longitude: 78.4616568",,,4.2,253,Free breakfast | Wi-Fi | Parking | Room service | Kitchen in some rooms | Full-service laundry,Atmosphere is good here,4,3 months ago,Google,Central Hyderabad
Dilkusha Guest House,ChcItJXD7v3mv-K8ARoKL20vMGd5MGs0chAB,Hyderabad,"Latitude: 17.419829699999998, Longitude: 78.4616568",,,4.2,253,Free breakfast | Wi-Fi | Parking | Room service | Kitchen in some rooms | Full-service laundry,"A crumbling state guest house. No provision for food. Have to go out with nothing nearby. Bed linen and towels are in bad condition.
Neglected by the government",3,a year ago,Google,Central Hyderabad
Neemtree Apartments,ChkI4K2sovetw6lqGg0vZy8xMXJjdDN0OTA5EAE,Hyderabad,"Latitude: 17.420901399999998, Longitude: 78.4574963",,,4.9,38,,"Excellent location with good facitilies inside the apartment. The kitchen has everything you need and the apartment is very clean.
Out apt was on on the top most floor, which was getting heated up a lot during summers. Both the bedrooms had AC but an Air cooler in the living room would have been great.
But our stay at Hyderabad felt comfortable because of a home like feeling that we had at Neemtree.",5,5 months ago,Google,Central Hyderabad
Neemtree Apartments,ChkI4K2sovetw6lqGg0vZy8xMXJjdDN0OTA5EAE,Hyderabad,"Latitude: 17.420901399999998, Longitude: 78.4574963",,,4.9,38,,"The property is situated in a calm and beautiful location, making it perfect for a peaceful stay. The rooms are spacious, clean, and well-maintained. A fully equipped kitchen with a gas stove and basic utensils is provided, which is very convenient, especially for preparing food for infants. The staff are extremely polite, helpful, and always ready to assist at any time. Overall, a very comfortable and pleasant experience at Neemtree Apartments.",5,6 months ago,Google,Central Hyderabad
Neemtree Apartments,ChkI4K2sovetw6lqGg0vZy8xMXJjdDN0OTA5EAE,Hyderabad,"Latitude: 17.420901399999998, Longitude: 78.4574963",,,4.9,38,,Good,5,11 months ago,Google,Central Hyderabad
Neemtree Apartments,ChkI4K2sovetw6lqGg0vZy8xMXJjdDN0OTA5EAE,Hyderabad,"Latitude: 17.420901399999998, Longitude: 78.4574963",,,4.9,38,,Could you please provide contact number?,5,a year ago,Google,Central Hyderabad
Neemtree Apartments,ChkI4K2sovetw6lqGg0vZy8xMXJjdDN0OTA5EAE,Hyderabad,"Latitude: 17.420901399999998, Longitude: 78.4574963",,,4.9,38,,"Nice and clean spacious studio rooms with kitchen facility,Fridge etc.
Only thing missing is Lift facility.",5,a year ago,Google,Central Hyderabad
Neemtree Apartments,ChkI4K2sovetw6lqGg0vZy8xMXJjdDN0OTA5EAE,Hyderabad,"Latitude: 17.420901399999998, Longitude: 78.4574963",,,4.9,38,,"Very near to Metro station Irom manzil, Nice service and good rooms",4,a year ago,Google,Central Hyderabad
Neemtree Apartments,ChkI4K2sovetw6lqGg0vZy8xMXJjdDN0OTA5EAE,Hyderabad,"Latitude: 17.420901399999998, Longitude: 78.4574963",,,4.9,38,,Great place for family,5,a year ago,Google,Central Hyderabad
Neemtree Apartments,ChkI4K2sovetw6lqGg0vZy8xMXJjdDN0OTA5EAE,Hyderabad,"Latitude: 17.420901399999998, Longitude: 78.4574963",,,4.9,38,,"Value for money ,very calm and peaceful atmosphere ,everyone enjoyed !",4,2 years ago,Google,Central Hyderabad
Neemtree Apartments,ChkI4K2sovetw6lqGg0vZy8xMXJjdDN0OTA5EAE,Hyderabad,"Latitude: 17.420901399999998, Longitude: 78.4574963",,,4.9,38,,"Great location, courteous service, clean furnished apartments, what more one could ask in a stay. We loved the stay and support. They also helped us with a great local sightseeing travels. I would recommend this place for both families and business visits.",5,2 years ago,Google,Central Hyderabad
Neemtree Apartments,ChkI4K2sovetw6lqGg0vZy8xMXJjdDN0OTA5EAE,Hyderabad,"Latitude: 17.420901399999998, Longitude: 78.4574963",,,4.9,38,,"Very well maintained and located in the prime area. The staff are courteous and efficient. Works out better than renting 2 rooms in a hotel. Only disadvantage is, there is no room service.
There is a UPS  for power backup and Netflix available on tv.
The kitchen is well equipped.
We found it a bit difficult to locate the apartments as there are no plaques. Outside the building. And also the apartments are in 2nd and 3rd floors. No lift.",4,2 years ago,Google,Central Hyderabad
Neemtree Apartments,ChkI4K2sovetw6lqGg0vZy8xMXJjdDN0OTA5EAE,Hyderabad,"Latitude: 17.420901399999998, Longitude: 78.4574963",,,4.9,38,,"(Translated by Google) Apartments in a very quiet residential complex, everything is clean and the service is good.
Equipped with a kitchen, water filter, all appliances, internet, Netflix, fans…
A separate shower would be a welcome addition.
(Original)
apartamentos dentro de una urbanización muy tranquila, todo limpio y buen servicio
equipados con cocina, filtro de agua, todos los electrodomésticos, internet, netflix, ventiladores…
faltaría una ducha independiente separada del baño",4,2 years ago,Google,Central Hyderabad
Neemtree Apartments,ChkI4K2sovetw6lqGg0vZy8xMXJjdDN0OTA5EAE,Hyderabad,"Latitude: 17.420901399999998, Longitude: 78.4574963",,,4.9,38,,"Beautiful, minimalist and cozy rooms. There is no room service during your whole stay. Located very conveniently to the metro station and nearby restaurants. Walkable distance to Husain Sagar Lake.",5,2 years ago,Google,Central Hyderabad
Neemtree Apartments,ChkI4K2sovetw6lqGg0vZy8xMXJjdDN0OTA5EAE,Hyderabad,"Latitude: 17.420901399999998, Longitude: 78.4574963",,,4.9,38,,"Polite staff, very clean and equipped apartment. Had everything from a toaster to a hair dryer.. and it's only 300m from Irrum Manzil metro!!",5,2 years ago,Google,Central Hyderabad
Neemtree Apartments,ChkI4K2sovetw6lqGg0vZy8xMXJjdDN0OTA5EAE,Hyderabad,"Latitude: 17.420901399999998, Longitude: 78.4574963",,,4.9,38,,"I recently had the pleasure of staying with my family at Neem Tree Apartments at Kapadia Lane, near Irrum Manzil Metro Station, and overall, it was a delightful experience. The rooms were beautifully designed, offering a cozy and inviting ambiance that made my stay truly enjoyable.
All the amenities provided were top-notch, contributing to a comfortable and convenient stay. If you plan accordingly and buy a few groceries, you can save a lot on restaurant bills as there is a refrigerator, all necessary utensils, etc. to make you feel like you're at home.
The location of the hotel couldn't have been better for travelers like myself since the metro station is just a few clicks away, making it easy to explore the city without hassle.
However, I would like to mention a couple of considerations that future guests might find helpful. Firstly, there is no lift in the hotel, which might pose a challenge for those traveling with elderly individuals or heavy luggage. This is something to keep in mind when planning your stay.
Additionally, during my visit, there was a minor issue with a faucet in the common washroom. While it didn't significantly impact my stay, I believe it's important to mention for the sake of transparency.
Despite these minor drawbacks, my overall experience at Neem Tree was positive. The comfort and style of the rooms, along with the excellent amenities and prime location, outweighed the downsides. I would certainly consider staying here again on my next trip to Hyderabad.
Thank you to the staff at Neem Tree for their hospitality, and I hope this review helps fellow travelers make informed decisions.",5,3 years ago,Google,Central Hyderabad
Neemtree Apartments,ChkI4K2sovetw6lqGg0vZy8xMXJjdDN0OTA5EAE,Hyderabad,"Latitude: 17.420901399999998, Longitude: 78.4574963",,,4.9,38,,Good,5,3 years ago,Google,Central Hyderabad
Neemtree Apartments,ChkI4K2sovetw6lqGg0vZy8xMXJjdDN0OTA5EAE,Hyderabad,"Latitude: 17.420901399999998, Longitude: 78.4574963",,,4.9,38,,"This one's a home away from home. Firstly, it's exactly as in the pictures, absolutely worth the amount you pay and is maintained extremely well. It's a clean,modern studio apartment with amenities like iron box, cupboards, a kitchen stocked with great quality utensils, fridge etc and coffee, sugar, tea and milk. There's a smart TV, comfortable chairs, dining table and a good wifi connection. The balcony is surrounded by neem and mango trees, having coffee in the mornings here gave our day a pleasant start. I would definitely recommend this to anyone visiting hyderabad since it's also very well connected,the irrum manzil metro station is a 2 minute walk. No disappointments at all, we loved staying at Neemtree apartments!
(Thank you so much Mr Maseeh, you're a wonderful host!)",5,3 years ago,Google,Central Hyderabad
Hotel MAK Residency,ChoI-ffN2qGSoK2VARoNL2cvMTFnbDEyMjA2dhAB,Hyderabad,"Latitude: 17.427578399999998, Longitude: 78.4521539",,3-star hotel,3.8,42,,Very good hotel,5,2 years ago,Google,Central Hyderabad
Hotel MAK Residency,ChoI-ffN2qGSoK2VARoNL2cvMTFnbDEyMjA2dhAB,Hyderabad,"Latitude: 17.427578399999998, Longitude: 78.4521539",,3-star hotel,3.8,42,,"(Translated by Google) Good durability
(Original)
Good maitanence",5,4 years ago,Google,Central Hyderabad
Hotel MAK Residency,ChoI-ffN2qGSoK2VARoNL2cvMTFnbDEyMjA2dhAB,Hyderabad,"Latitude: 17.427578399999998, Longitude: 78.4521539",,3-star hotel,3.8,42,,Very good hospitality,4,5 years ago,Google,Central Hyderabad
Hotel MAK Residency,ChoI-ffN2qGSoK2VARoNL2cvMTFnbDEyMjA2dhAB,Hyderabad,"Latitude: 17.427578399999998, Longitude: 78.4521539",,3-star hotel,3.8,42,,Worst,1,5 years ago,Google,Central Hyderabad
Hotel MAK Residency,ChoI-ffN2qGSoK2VARoNL2cvMTFnbDEyMjA2dhAB,Hyderabad,"Latitude: 17.427578399999998, Longitude: 78.4521539",,3-star hotel,3.8,42,,Best place,5,6 years ago,Google,Central Hyderabad
Hotel MAK Residency,ChoI-ffN2qGSoK2VARoNL2cvMTFnbDEyMjA2dhAB,Hyderabad,"Latitude: 17.427578399999998, Longitude: 78.4521539",,3-star hotel,3.8,42,,All good,5,6 years ago,Google,Central Hyderabad
Hotel MAK Residency,ChoI-ffN2qGSoK2VARoNL2cvMTFnbDEyMjA2dhAB,Hyderabad,"Latitude: 17.427578399999998, Longitude: 78.4521539",,3-star hotel,3.8,42,,Best place at center near to all places,4,6 years ago,Google,Central Hyderabad
Hotel MAK Residency,ChoI-ffN2qGSoK2VARoNL2cvMTFnbDEyMjA2dhAB,Hyderabad,"Latitude: 17.427578399999998, Longitude: 78.4521539",,3-star hotel,3.8,42,,Price is high but the rooms are not good at that price,1,6 years ago,Google,Central Hyderabad
Hotel MAK Residency,ChoI-ffN2qGSoK2VARoNL2cvMTFnbDEyMjA2dhAB,Hyderabad,"Latitude: 17.427578399999998, Longitude: 78.4521539",,3-star hotel,3.8,42,,Worth the stay.,5,7 years ago,Google,Central Hyderabad
King Lodge,ChcIjILlo9OE2s5TGgsvZy8xdGd3OGMyNBAB,Hyderabad,"Latitude: 17.423818800000003, Longitude: 78.4543123",2960.0,,2.8,225,Wi-Fi | Parking | Pool | Room service | Kitchen in some rooms | Full-service laundry | Kid-friendly,"(Translated by Google) This is the worst hotel I've ever stayed in.
(Original)
นี่มันเป็นโรงแรมที่แย่ที่สุดที่ฉันเคยพัก",1,2 years ago,Google,Central Hyderabad
King Lodge,ChcIjILlo9OE2s5TGgsvZy8xdGd3OGMyNBAB,Hyderabad,"Latitude: 17.423818800000003, Longitude: 78.4543123",2960.0,,2.8,225,Wi-Fi | Parking | Pool | Room service | Kitchen in some rooms | Full-service laundry | Kid-friendly,Not good .. not bad ... It's ok,3,3 years ago,Google,Central Hyderabad
King Lodge,ChcIjILlo9OE2s5TGgsvZy8xdGd3OGMyNBAB,Hyderabad,"Latitude: 17.423818800000003, Longitude: 78.4543123",2960.0,,2.8,225,Wi-Fi | Parking | Pool | Room service | Kitchen in some rooms | Full-service laundry | Kid-friendly,Nice shop with best suits and sharwani,5,3 years ago,Google,Central Hyderabad
King Lodge,ChcIjILlo9OE2s5TGgsvZy8xdGd3OGMyNBAB,Hyderabad,"Latitude: 17.423818800000003, Longitude: 78.4543123",2960.0,,2.8,225,Wi-Fi | Parking | Pool | Room service | Kitchen in some rooms | Full-service laundry | Kid-friendly,Nice,3,3 years ago,Google,Central Hyderabad
King Lodge,ChcIjILlo9OE2s5TGgsvZy8xdGd3OGMyNBAB,Hyderabad,"Latitude: 17.423818800000003, Longitude: 78.4543123",2960.0,,2.8,225,Wi-Fi | Parking | Pool | Room service | Kitchen in some rooms | Full-service laundry | Kid-friendly,its nice,5,3 years ago,Google,Central Hyderabad
King Lodge,ChcIjILlo9OE2s5TGgsvZy8xdGd3OGMyNBAB,Hyderabad,"Latitude: 17.423818800000003, Longitude: 78.4543123",2960.0,,2.8,225,Wi-Fi | Parking | Pool | Room service | Kitchen in some rooms | Full-service laundry | Kid-friendly,Very spacious rooms with good service,5,3 years ago,Google,Central Hyderabad
King Lodge,ChcIjILlo9OE2s5TGgsvZy8xdGd3OGMyNBAB,Hyderabad,"Latitude: 17.423818800000003, Longitude: 78.4543123",2960.0,,2.8,225,Wi-Fi | Parking | Pool | Room service | Kitchen in some rooms | Full-service laundry | Kid-friendly,This place is very nice.,5,3 years ago,Google,Central Hyderabad
King Lodge,ChcIjILlo9OE2s5TGgsvZy8xdGd3OGMyNBAB,Hyderabad,"Latitude: 17.423818800000003, Longitude: 78.4543123",2960.0,,2.8,225,Wi-Fi | Parking | Pool | Room service | Kitchen in some rooms | Full-service laundry | Kid-friendly,Good,5,3 years ago,Google,Central Hyderabad
King Lodge,ChcIjILlo9OE2s5TGgsvZy8xdGd3OGMyNBAB,Hyderabad,"Latitude: 17.423818800000003, Longitude: 78.4543123",2960.0,,2.8,225,Wi-Fi | Parking | Pool | Room service | Kitchen in some rooms | Full-service laundry | Kid-friendly,"Worst experience, Very rude behavior with the customers.",1,3 years ago,Google,Central Hyderabad
King Lodge,ChcIjILlo9OE2s5TGgsvZy8xdGd3OGMyNBAB,Hyderabad,"Latitude: 17.423818800000003, Longitude: 78.4543123",2960.0,,2.8,225,Wi-Fi | Parking | Pool | Room service | Kitchen in some rooms | Full-service laundry | Kid-friendly,Waste of booking,1,3 years ago,Google,Central Hyderabad
King Lodge,ChcIjILlo9OE2s5TGgsvZy8xdGd3OGMyNBAB,Hyderabad,"Latitude: 17.423818800000003, Longitude: 78.4543123",2960.0,,2.8,225,Wi-Fi | Parking | Pool | Room service | Kitchen in some rooms | Full-service laundry | Kid-friendly,"Near to panjagutta metro location is gud Nit the rooms are not neat
Need to maintain properly",3,3 years ago,Google,Central Hyderabad
King Lodge,ChcIjILlo9OE2s5TGgsvZy8xdGd3OGMyNBAB,Hyderabad,"Latitude: 17.423818800000003, Longitude: 78.4543123",2960.0,,2.8,225,Wi-Fi | Parking | Pool | Room service | Kitchen in some rooms | Full-service laundry | Kid-friendly,Good,3,3 years ago,Google,Central Hyderabad
King Lodge,ChcIjILlo9OE2s5TGgsvZy8xdGd3OGMyNBAB,Hyderabad,"Latitude: 17.423818800000003, Longitude: 78.4543123",2960.0,,2.8,225,Wi-Fi | Parking | Pool | Room service | Kitchen in some rooms | Full-service laundry | Kid-friendly,"Worst experience I ever had while booking a room. I have booked the room 3times and the hotel manager denied the checkin and OYO cancelled my booking.. they did great job by returning my money. However, I had no room to take rest and need to leave the city with restless night drive…Thank you OYO for the pathetic service and experience.",1,4 years ago,Google,Central Hyderabad
OYO Flagship 29230 Ik London Residency,ChgI_dnTwIbf3qeLARoLL2cvMXRkbXQyM3MQAQ,Hyderabad,"Latitude: 17.4209283, Longitude: 78.4569175",,3-star hotel,3.3,1136,Wi-Fi | Parking | Air conditioning | Room service | Kitchen in some rooms | Full-service laundry | Kid-friendly | Smoke-free property,"Service is very poor
It's not for family to stay
It's not 3star hotel
Only one plus point is it is near aig",2,4 years ago,Google,Central Hyderabad
OYO Flagship 29230 Ik London Residency,ChgI_dnTwIbf3qeLARoLL2cvMXRkbXQyM3MQAQ,Hyderabad,"Latitude: 17.4209283, Longitude: 78.4569175",,3-star hotel,3.3,1136,Wi-Fi | Parking | Air conditioning | Room service | Kitchen in some rooms | Full-service laundry | Kid-friendly | Smoke-free property,Nice,4,5 years ago,Google,Central Hyderabad
OYO Flagship 29230 Ik London Residency,ChgI_dnTwIbf3qeLARoLL2cvMXRkbXQyM3MQAQ,Hyderabad,"Latitude: 17.4209283, Longitude: 78.4569175",,3-star hotel,3.3,1136,Wi-Fi | Parking | Air conditioning | Room service | Kitchen in some rooms | Full-service laundry | Kid-friendly | Smoke-free property,very poor,1,5 years ago,Google,Central Hyderabad
OYO Flagship 29230 Ik London Residency,ChgI_dnTwIbf3qeLARoLL2cvMXRkbXQyM3MQAQ,Hyderabad,"Latitude: 17.4209283, Longitude: 78.4569175",,3-star hotel,3.3,1136,Wi-Fi | Parking | Air conditioning | Room service | Kitchen in some rooms | Full-service laundry | Kid-friendly | Smoke-free property,Good,5,6 years ago,Google,Central Hyderabad
OYO Flagship 29230 Ik London Residency,ChgI_dnTwIbf3qeLARoLL2cvMXRkbXQyM3MQAQ,Hyderabad,"Latitude: 17.4209283, Longitude: 78.4569175",,3-star hotel,3.3,1136,Wi-Fi | Parking | Air conditioning | Room service | Kitchen in some rooms | Full-service laundry | Kid-friendly | Smoke-free property,Every Thing was good but the toilet was really dirty. House keeping regularly cleans the room and breakfast was fine.,5,6 years ago,Google,Central Hyderabad
OYO Flagship 29230 Ik London Residency,ChgI_dnTwIbf3qeLARoLL2cvMXRkbXQyM3MQAQ,Hyderabad,"Latitude: 17.4209283, Longitude: 78.4569175",,3-star hotel,3.3,1136,Wi-Fi | Parking | Air conditioning | Room service | Kitchen in some rooms | Full-service laundry | Kid-friendly | Smoke-free property,"Detoriated service, house keeping is very bad, breakfast not even to average",1,Edited 6 years ago,Google,Central Hyderabad
OYO Flagship 29230 Ik London Residency,ChgI_dnTwIbf3qeLARoLL2cvMXRkbXQyM3MQAQ,Hyderabad,"Latitude: 17.4209283, Longitude: 78.4569175",,3-star hotel,3.3,1136,Wi-Fi | Parking | Air conditioning | Room service | Kitchen in some rooms | Full-service laundry | Kid-friendly | Smoke-free property,Rooms and service poor,1,6 years ago,Google,Central Hyderabad
OYO Flagship 29230 Ik London Residency,ChgI_dnTwIbf3qeLARoLL2cvMXRkbXQyM3MQAQ,Hyderabad,"Latitude: 17.4209283, Longitude: 78.4569175",,3-star hotel,3.3,1136,Wi-Fi | Parking | Air conditioning | Room service | Kitchen in some rooms | Full-service laundry | Kid-friendly | Smoke-free property,Comfortable,5,6 years ago,Google,Central Hyderabad
OYO Flagship 29230 Ik London Residency,ChgI_dnTwIbf3qeLARoLL2cvMXRkbXQyM3MQAQ,Hyderabad,"Latitude: 17.4209283, Longitude: 78.4569175",,3-star hotel,3.3,1136,Wi-Fi | Parking | Air conditioning | Room service | Kitchen in some rooms | Full-service laundry | Kid-friendly | Smoke-free property,Waste,2,6 years ago,Google,Central Hyderabad
OYO Flagship 29230 Ik London Residency,ChgI_dnTwIbf3qeLARoLL2cvMXRkbXQyM3MQAQ,Hyderabad,"Latitude: 17.4209283, Longitude: 78.4569175",,3-star hotel,3.3,1136,Wi-Fi | Parking | Air conditioning | Room service | Kitchen in some rooms | Full-service laundry | Kid-friendly | Smoke-free property,Location of the hotel is the best. Price is a bit high. Quality of service is the best. Pure veg hotel.,4,6 years ago,Google,Central Hyderabad
Hotel Imperial Residency,ChoIoOid45zUkLnFARoNL2cvMTFwZjcyamZydBAB,Hyderabad,"Latitude: 17.434091199999997, Longitude: 78.446834",,,2.2,29,,"(Translated by Google) A washing machine hasn't been working properly for years.
(Original)
Ek Washing Machine thik nhi ho rhi salo se
Haat",1,6 months ago,Google,Central Hyderabad
Hotel Imperial Residency,ChoIoOid45zUkLnFARoNL2cvMTFwZjcyamZydBAB,Hyderabad,"Latitude: 17.434091199999997, Longitude: 78.446834",,,2.2,29,,Super 👍,5,8 months ago,Google,Central Hyderabad
Hotel Imperial Residency,ChoIoOid45zUkLnFARoNL2cvMTFwZjcyamZydBAB,Hyderabad,"Latitude: 17.434091199999997, Longitude: 78.446834",,,2.2,29,,Very very bad experience no cling room very bad smell stap not good room small small kida hotel staff not responsible please don't visit this hotel,1,11 months ago,Google,Central Hyderabad
Hotel Imperial Residency,ChoIoOid45zUkLnFARoNL2cvMTFwZjcyamZydBAB,Hyderabad,"Latitude: 17.434091199999997, Longitude: 78.446834",,,2.2,29,,Worst experience,1,a year ago,Google,Central Hyderabad
Hotel Imperial Residency,ChoIoOid45zUkLnFARoNL2cvMTFwZjcyamZydBAB,Hyderabad,"Latitude: 17.434091199999997, Longitude: 78.446834",,,2.2,29,,Worst hostel I don't suggest small bugs in hostel worst 🤬🤬🤬,1,a year ago,Google,Central Hyderabad
Hotel Imperial Residency,ChoIoOid45zUkLnFARoNL2cvMTFwZjcyamZydBAB,Hyderabad,"Latitude: 17.434091199999997, Longitude: 78.446834",,,2.2,29,,Very expensive and very bad service. Don't book,1,2 years ago,Google,Central Hyderabad
Hotel Imperial Residency,ChoIoOid45zUkLnFARoNL2cvMTFwZjcyamZydBAB,Hyderabad,"Latitude: 17.434091199999997, Longitude: 78.446834",,,2.2,29,,"Very bad lodge, dirty bathroom & toilet, TV not working still they charge 1500 per day. Honour behaves very rudely.",1,2 years ago,Google,Central Hyderabad
Hotel Imperial Residency,ChoIoOid45zUkLnFARoNL2cvMTFwZjcyamZydBAB,Hyderabad,"Latitude: 17.434091199999997, Longitude: 78.446834",,,2.2,29,,Rates we can negotiate. They depended on monthly based.. Specially for softwares & aspirants. Its unisex lodge. Room service is not good not bad.,3,2 years ago,Google,Central Hyderabad
Hotel Imperial Residency,ChoIoOid45zUkLnFARoNL2cvMTFwZjcyamZydBAB,Hyderabad,"Latitude: 17.434091199999997, Longitude: 78.446834",,,2.2,29,,Worst hotel and not recommended having bed bugs,1,2 years ago,Google,Central Hyderabad
Hotel Imperial Residency,ChoIoOid45zUkLnFARoNL2cvMTFwZjcyamZydBAB,Hyderabad,"Latitude: 17.434091199999997, Longitude: 78.446834",,,2.2,29,,"Worst hotel don't go there
not clean bed and bathroom too much bugs (khatmal)",1,2 years ago,Google,Central Hyderabad
Hotel Imperial Residency,ChoIoOid45zUkLnFARoNL2cvMTFwZjcyamZydBAB,Hyderabad,"Latitude: 17.434091199999997, Longitude: 78.446834",,,2.2,29,,Not worthy hotel,1,3 years ago,Google,Central Hyderabad
Hotel Imperial Residency,ChoIoOid45zUkLnFARoNL2cvMTFwZjcyamZydBAB,Hyderabad,"Latitude: 17.434091199999997, Longitude: 78.446834",,,2.2,29,,"Too many rats in this hostel. Rat ate my cloths, charger, earphone, toothpaste etc.
And after complaining they told me ""you do something like put rat pads...you are living here you have to do something to manage all things(if i am paying for service then why i will do that things...he always
talks rudely ) and don't put anything that rat will he eat.""bad experience.",1,3 years ago,Google,Central Hyderabad
Hotel Imperial Residency,ChoIoOid45zUkLnFARoNL2cvMTFwZjcyamZydBAB,Hyderabad,"Latitude: 17.434091199999997, Longitude: 78.446834",,,2.2,29,,Worst worst worst...2 star for rooms and 1 star for staff(receptionist)...when i was complaining for my problem the receptionist told me of you have problem then leave the room and forgot your money...i am with my girlfriend i can't do anything...imperial is for boy's hostel...one boy asking about their problems...according to service too much rent and prices...,1,3 years ago,Google,Central Hyderabad
Hotel Imperial Residency,ChoIoOid45zUkLnFARoNL2cvMTFwZjcyamZydBAB,Hyderabad,"Latitude: 17.434091199999997, Longitude: 78.446834",,,2.2,29,,Guys don't go residency.. To much worst not good everything and also very bad experience inside bad there bad bugs their. Worst hotel in ameerpet I have share bed bugs pics also..,1,3 years ago,Google,Central Hyderabad
Hotel Imperial Residency,ChoIoOid45zUkLnFARoNL2cvMTFwZjcyamZydBAB,Hyderabad,"Latitude: 17.434091199999997, Longitude: 78.446834",,,2.2,29,,"Worst hostel, worst service.",1,3 years ago,Google,Central Hyderabad
Hotel Imperial Residency,ChoIoOid45zUkLnFARoNL2cvMTFwZjcyamZydBAB,Hyderabad,"Latitude: 17.434091199999997, Longitude: 78.446834",,,2.2,29,,Maintenance is very wrost,2,4 years ago,Google,Central Hyderabad
Hotel Imperial Residency,ChoIoOid45zUkLnFARoNL2cvMTFwZjcyamZydBAB,Hyderabad,"Latitude: 17.434091199999997, Longitude: 78.446834",,,2.2,29,,"Near to Ameerpet Metro, Clean and spacious rooms, nice Food",5,4 years ago,Google,Central Hyderabad
Hotel Imperial Residency,ChoIoOid45zUkLnFARoNL2cvMTFwZjcyamZydBAB,Hyderabad,"Latitude: 17.434091199999997, Longitude: 78.446834",,,2.2,29,,"""undoubtedly one of the best hotel in Ameerpet""",5,4 years ago,Google,Central Hyderabad
Hotel Imperial Residency,ChoIoOid45zUkLnFARoNL2cvMTFwZjcyamZydBAB,Hyderabad,"Latitude: 17.434091199999997, Longitude: 78.446834",,,2.2,29,,"""The best hotel and oyo room in Ameerpet""",5,4 years ago,Google,Central Hyderabad
Hotel Imperial Residency,ChoIoOid45zUkLnFARoNL2cvMTFwZjcyamZydBAB,Hyderabad,"Latitude: 17.434091199999997, Longitude: 78.446834",,,2.2,29,,"""best hotel in ameerpet the services and room quality is good""",5,4 years ago,Google,Central Hyderabad
Hotel Kamal Delux,ChcI28qG46Dmk-o4GgsvZy8xdGRiMnFzaxAB,Hyderabad,"Latitude: 17.4222353, Longitude: 78.4548296",,,3.1,161,Wi-Fi | Parking | Air conditioning | Room service | Airport shuttle | Full-service laundry,Worst quality hotel. I forgot my huddie there and they completely deny it for stole it. Never go.,1,8 months ago,Google,Central Hyderabad
Hotel Kamal Delux,ChcI28qG46Dmk-o4GgsvZy8xdGRiMnFzaxAB,Hyderabad,"Latitude: 17.4222353, Longitude: 78.4548296",,,3.1,161,Wi-Fi | Parking | Air conditioning | Room service | Airport shuttle | Full-service laundry,"Don't fall for their scam. Although I had a confirmed booking, they told me they don't have any rooms and sent us to another of their (very dirty) hotels. Not even worth staying here for free. Don't waste your money.",1,a year ago,Google,Central Hyderabad
Hotel Kamal Delux,ChcI28qG46Dmk-o4GgsvZy8xdGRiMnFzaxAB,Hyderabad,"Latitude: 17.4222353, Longitude: 78.4548296",,,3.1,161,Wi-Fi | Parking | Air conditioning | Room service | Airport shuttle | Full-service laundry,Very bad experience I stay in hotel ac not working service not available don't stay,2,a year ago,Google,Central Hyderabad
Hotel Kamal Delux,ChcI28qG46Dmk-o4GgsvZy8xdGRiMnFzaxAB,Hyderabad,"Latitude: 17.4222353, Longitude: 78.4548296",,,3.1,161,Wi-Fi | Parking | Air conditioning | Room service | Airport shuttle | Full-service laundry,Excellent,5,Edited a year ago,Google,Central Hyderabad
Hotel Kamal Delux,ChcI28qG46Dmk-o4GgsvZy8xdGRiMnFzaxAB,Hyderabad,"Latitude: 17.4222353, Longitude: 78.4548296",,,3.1,161,Wi-Fi | Parking | Air conditioning | Room service | Airport shuttle | Full-service laundry,"Excellent location, Rooms and Services are also very good ,all  staffs are very cooperative and helpful",4,Edited a year ago,Google,Central Hyderabad
Hotel Kamal Delux,ChcI28qG46Dmk-o4GgsvZy8xdGRiMnFzaxAB,Hyderabad,"Latitude: 17.4222353, Longitude: 78.4548296",,,3.1,161,Wi-Fi | Parking | Air conditioning | Room service | Airport shuttle | Full-service laundry,Decent hotel to stay located in prime area,4,a year ago,Google,Central Hyderabad
Hotel Kamal Delux,ChcI28qG46Dmk-o4GgsvZy8xdGRiMnFzaxAB,Hyderabad,"Latitude: 17.4222353, Longitude: 78.4548296",,,3.1,161,Wi-Fi | Parking | Air conditioning | Room service | Airport shuttle | Full-service laundry,Good,4,2 years ago,Google,Central Hyderabad
Hotel Kamal Delux,ChcI28qG46Dmk-o4GgsvZy8xdGRiMnFzaxAB,Hyderabad,"Latitude: 17.4222353, Longitude: 78.4548296",,,3.1,161,Wi-Fi | Parking | Air conditioning | Room service | Airport shuttle | Full-service laundry,nice service,5,2 years ago,Google,Central Hyderabad
Hotel Kamal Delux,ChcI28qG46Dmk-o4GgsvZy8xdGRiMnFzaxAB,Hyderabad,"Latitude: 17.4222353, Longitude: 78.4548296",,,3.1,161,Wi-Fi | Parking | Air conditioning | Room service | Airport shuttle | Full-service laundry,💫💫👌👌,4,2 years ago,Google,Central Hyderabad
Hotel Kamal Delux,ChcI28qG46Dmk-o4GgsvZy8xdGRiMnFzaxAB,Hyderabad,"Latitude: 17.4222353, Longitude: 78.4548296",,,3.1,161,Wi-Fi | Parking | Air conditioning | Room service | Airport shuttle | Full-service laundry,Near metro n rooms r gud n affordable,5,2 years ago,Google,Central Hyderabad
Archana Homes,ChoIrcfVt8qO2rvgARoNL2cvMTFzMmo1ejNfNBAB,Hyderabad,"Latitude: 17.4215867, Longitude: 78.4576542",,,3.9,47,,Very nice service,5,4 months ago,Google,Central Hyderabad
Archana Homes,ChoIrcfVt8qO2rvgARoNL2cvMTFzMmo1ejNfNBAB,Hyderabad,"Latitude: 17.4215867, Longitude: 78.4576542",,,3.9,47,,Nice clean rooms at affordable price. Bengali food available here.,4,11 months ago,Google,Central Hyderabad
Archana Homes,ChoIrcfVt8qO2rvgARoNL2cvMTFzMmo1ejNfNBAB,Hyderabad,"Latitude: 17.4215867, Longitude: 78.4576542",,,3.9,47,,Disgusting food....,1,a year ago,Google,Central Hyderabad
Archana Homes,ChoIrcfVt8qO2rvgARoNL2cvMTFzMmo1ejNfNBAB,Hyderabad,"Latitude: 17.4215867, Longitude: 78.4576542",,,3.9,47,,"The food is good, clean and simple",4,a year ago,Google,Central Hyderabad
Archana Homes,ChoIrcfVt8qO2rvgARoNL2cvMTFzMmo1ejNfNBAB,Hyderabad,"Latitude: 17.4215867, Longitude: 78.4576542",,,3.9,47,,"Testy food ....,💕",5,a year ago,Google,Central Hyderabad
Archana Homes,ChoIrcfVt8qO2rvgARoNL2cvMTFzMmo1ejNfNBAB,Hyderabad,"Latitude: 17.4215867, Longitude: 78.4576542",,,3.9,47,,"Service and cleanliness is pathetic. Staffs are not that cooperative and maintenance is disgusting. Good for those who needs a good cupboard/storage space and for those who are looking for a long term budgeted stays. But you may find other good options as well nearby. Plus is easy to commute nearby, located in a good location and things are available nearby.",3,4 years ago,Google,Central Hyderabad
Archana Homes,ChoIrcfVt8qO2rvgARoNL2cvMTFzMmo1ejNfNBAB,Hyderabad,"Latitude: 17.4215867, Longitude: 78.4576542",,,3.9,47,,"I hate it.. bcz it's not restaurant.. worst management, maintenance, tasteless food is served.",1,5 years ago,Google,Central Hyderabad
Archana Homes,ChoIrcfVt8qO2rvgARoNL2cvMTFzMmo1ejNfNBAB,Hyderabad,"Latitude: 17.4215867, Longitude: 78.4576542",,,3.9,47,,Outside,4,5 years ago,Google,Central Hyderabad
Archana Homes,ChoIrcfVt8qO2rvgARoNL2cvMTFzMmo1ejNfNBAB,Hyderabad,"Latitude: 17.4215867, Longitude: 78.4576542",,,3.9,47,,Not bad,4,5 years ago,Google,Central Hyderabad
Archana Homes,ChoIrcfVt8qO2rvgARoNL2cvMTFzMmo1ejNfNBAB,Hyderabad,"Latitude: 17.4215867, Longitude: 78.4576542",,,3.9,47,,Nice restaurant for North East people,4,5 years ago,Google,Central Hyderabad
Archana Homes,ChoIrcfVt8qO2rvgARoNL2cvMTFzMmo1ejNfNBAB,Hyderabad,"Latitude: 17.4215867, Longitude: 78.4576542",,,3.9,47,,Good and hygenic food,5,6 years ago,Google,Central Hyderabad
Archana Homes,ChoIrcfVt8qO2rvgARoNL2cvMTFzMmo1ejNfNBAB,Hyderabad,"Latitude: 17.4215867, Longitude: 78.4576542",,,3.9,47,,Food quality is very good. Very tasty and healthy food in reasonable prices. Hygenic place and the behaviour of staffs are very good.,5,6 years ago,Google,Central Hyderabad
Archana Homes,ChoIrcfVt8qO2rvgARoNL2cvMTFzMmo1ejNfNBAB,Hyderabad,"Latitude: 17.4215867, Longitude: 78.4576542",,,3.9,47,,The place is closed. Might be due to covid.,1,Edited 6 years ago,Google,Central Hyderabad
Hotel Harsha Residency,ChoIgoCU1KyvzoLDARoNL2cvMTFkZmo4NDNqdhAB,Hyderabad,"Latitude: 17.4341337, Longitude: 78.4466297",,1-star hotel,2.9,271,Wi-Fi | Air conditioning | Room service | Kitchen in some rooms | Full-service laundry,Rooms are too worst,1,2 years ago,Google,Central Hyderabad
Hotel Harsha Residency,ChoIgoCU1KyvzoLDARoNL2cvMTFkZmo4NDNqdhAB,Hyderabad,"Latitude: 17.4341337, Longitude: 78.4466297",,1-star hotel,2.9,271,Wi-Fi | Air conditioning | Room service | Kitchen in some rooms | Full-service laundry,Service is not good,2,5 years ago,Google,Central Hyderabad
Hotel Harsha Residency,ChoIgoCU1KyvzoLDARoNL2cvMTFkZmo4NDNqdhAB,Hyderabad,"Latitude: 17.4341337, Longitude: 78.4466297",,1-star hotel,2.9,271,Wi-Fi | Air conditioning | Room service | Kitchen in some rooms | Full-service laundry,Not upto the level but clean and green,2,5 years ago,Google,Central Hyderabad
Hotel Harsha Residency,ChoIgoCU1KyvzoLDARoNL2cvMTFkZmo4NDNqdhAB,Hyderabad,"Latitude: 17.4341337, Longitude: 78.4466297",,1-star hotel,2.9,271,Wi-Fi | Air conditioning | Room service | Kitchen in some rooms | Full-service laundry,Nice,4,5 years ago,Google,Central Hyderabad
Hotel Harsha Residency,ChoIgoCU1KyvzoLDARoNL2cvMTFkZmo4NDNqdhAB,Hyderabad,"Latitude: 17.4341337, Longitude: 78.4466297",,1-star hotel,2.9,271,Wi-Fi | Air conditioning | Room service | Kitchen in some rooms | Full-service laundry,"O.k,it is well established ,safety and health purpose Hospitality's residence.",5,5 years ago,Google,Central Hyderabad
Hotel Harsha Residency,ChoIgoCU1KyvzoLDARoNL2cvMTFkZmo4NDNqdhAB,Hyderabad,"Latitude: 17.4341337, Longitude: 78.4466297",,1-star hotel,2.9,271,Wi-Fi | Air conditioning | Room service | Kitchen in some rooms | Full-service laundry,"Cockroach are in every room. Wash room is very tiny. Not cleaning every day. Wi-Fi not working, TV only Telugu channels is there. Totally waste of money",1,6 years ago,Google,Central Hyderabad
Hotel Harsha Residency,ChoIgoCU1KyvzoLDARoNL2cvMTFkZmo4NDNqdhAB,Hyderabad,"Latitude: 17.4341337, Longitude: 78.4466297",,1-star hotel,2.9,271,Wi-Fi | Air conditioning | Room service | Kitchen in some rooms | Full-service laundry,"(Translated by Google) Average price good place
(Original)
Avarage prise good place",4,6 years ago,Google,Central Hyderabad
Hotel Harsha Residency,ChoIgoCU1KyvzoLDARoNL2cvMTFkZmo4NDNqdhAB,Hyderabad,"Latitude: 17.4341337, Longitude: 78.4466297",,1-star hotel,2.9,271,Wi-Fi | Air conditioning | Room service | Kitchen in some rooms | Full-service laundry,Hotel neatness is not upto the mark,1,6 years ago,Google,Central Hyderabad
Hotel Harsha Residency,ChoIgoCU1KyvzoLDARoNL2cvMTFkZmo4NDNqdhAB,Hyderabad,"Latitude: 17.4341337, Longitude: 78.4466297",,1-star hotel,2.9,271,Wi-Fi | Air conditioning | Room service | Kitchen in some rooms | Full-service laundry,Pathetic,1,6 years ago,Google,Central Hyderabad
Hyatt Place Hyderabad Banjara Hills,ChkIgfH0gJvY-8xlGg0vZy8xMWYzMjQ0MTduEAE,Hyderabad,"Latitude: 17.4192197, Longitude: 78.447467",19525.0,4-star hotel,4.4,10695,Free breakfast | Free Wi-Fi | Free parking | Outdoor pool | Air conditioning | Fitness center | Spa | Bar | Restaurant | Room service | Full-service laundry | Accessible | Business center | Kid-friendly | Smoke-free property,Excellent food quality and rooms,5,a week ago,Google,Central Hyderabad
Hyatt Place Hyderabad Banjara Hills,ChkIgfH0gJvY-8xlGg0vZy8xMWYzMjQ0MTduEAE,Hyderabad,"Latitude: 17.4192197, Longitude: 78.447467",19525.0,4-star hotel,4.4,10695,Free breakfast | Free Wi-Fi | Free parking | Outdoor pool | Air conditioning | Fitness center | Spa | Bar | Restaurant | Room service | Full-service laundry | Accessible | Business center | Kid-friendly | Smoke-free property,"Very good location, I was traveling to Hyderabad withy parents
They also organized cake and room decoration for my dad's birthday.
Overall, a very good experience, highly recommended.",5,a week ago,Google,Central Hyderabad
Hyatt Place Hyderabad Banjara Hills,ChkIgfH0gJvY-8xlGg0vZy8xMWYzMjQ0MTduEAE,Hyderabad,"Latitude: 17.4192197, Longitude: 78.447467",19525.0,4-star hotel,4.4,10695,Free breakfast | Free Wi-Fi | Free parking | Outdoor pool | Air conditioning | Fitness center | Spa | Bar | Restaurant | Room service | Full-service laundry | Accessible | Business center | Kid-friendly | Smoke-free property,"A Wonderful First Stay at Hyatt Place Banjara Hills!
This was our first time staying at Hyatt Place Banjara Hills, and we had such a wonderful experience. From the moment we arrived, everyone was incredibly friendly and welcoming, especially the front desk team.
We really enjoyed the breakfast buffet, and the service throughout our stay was excellent. A special thank you to Riya, Riban, and Samar for being so attentive and kind when we dined. Your warm service made our meals even more enjoyable.
We were also pleasantly surprised by the thoughtful welcome amenities—a beautiful welcome fruit platter, a box of chocolates, a slice of cake, and the lovely bed decoration. The complimentary shawl was such a sweet and unexpected touch. We truly appreciated the effort everyone put into making us feel welcomed and special.
The location is also very convenient, with a shopping mall right next to the hotel, making it easy to shop and explore.
Thank you to the entire Hyatt Place Banjara Hills team for making our first stay such a memorable one. We truly appreciate the hospitality and look forward to staying here again! ❤️",5,2 weeks ago,Google,Central Hyderabad
Hyatt Place Hyderabad Banjara Hills,ChkIgfH0gJvY-8xlGg0vZy8xMWYzMjQ0MTduEAE,Hyderabad,"Latitude: 17.4192197, Longitude: 78.447467",19525.0,4-star hotel,4.4,10695,Free breakfast | Free Wi-Fi | Free parking | Outdoor pool | Air conditioning | Fitness center | Spa | Bar | Restaurant | Room service | Full-service laundry | Accessible | Business center | Kid-friendly | Smoke-free property,Totally disgusting.They have so much restrictions for the hotel.You can't take drinks and food to the pool area.if only drinks can take with peanuts it's also restricted.The Service manager of var and resturant are not well managed.I can told invest your money anywhere like radison blue instead of this,1,3 weeks ago,Google,Central Hyderabad
Hyatt Place Hyderabad Banjara Hills,ChkIgfH0gJvY-8xlGg0vZy8xMWYzMjQ0MTduEAE,Hyderabad,"Latitude: 17.4192197, Longitude: 78.447467",19525.0,4-star hotel,4.4,10695,Free breakfast | Free Wi-Fi | Free parking | Outdoor pool | Air conditioning | Fitness center | Spa | Bar | Restaurant | Room service | Full-service laundry | Accessible | Business center | Kid-friendly | Smoke-free property,"Excellent hotel experience! I am a Globalist with Hyatt so I was sure I wanted to stay with Hyatt but was debating between this and the Park. This place turned out to be excellent. Great service throughout, with special shout out to Riban and Robin and so many others I don’t know all the names. Great professional welcoming and friendly service. Comfortable rooms, great assortment at buffet, would happily recommend and return if my visits bring me back to this city.
Just to add the personal level of service. On the way out the door and leaving the hotel, Robin asked what I love about India and I right away said the food. He asked if he can prepare for me an in-house vegetarian specialty at no charge for me to enjoy. Small example of the level of service at what you might consider a more economical budget property but they are excellent.",5,3 weeks ago,Google,Central Hyderabad
Hyatt Place Hyderabad Banjara Hills,ChkIgfH0gJvY-8xlGg0vZy8xMWYzMjQ0MTduEAE,Hyderabad,"Latitude: 17.4192197, Longitude: 78.447467",19525.0,4-star hotel,4.4,10695,Free breakfast | Free Wi-Fi | Free parking | Outdoor pool | Air conditioning | Fitness center | Spa | Bar | Restaurant | Room service | Full-service laundry | Accessible | Business center | Kid-friendly | Smoke-free property,"Always a pleasure staying and dining here! Riba, Riban and head chef Dev take really good care of you making sure everything feels at home when staying here. The housekeeping staff is super courteous and maintain the rooms perfectly aligned to help you sleep better",5,3 weeks ago,Google,Central Hyderabad
Hyatt Place Hyderabad Banjara Hills,ChkIgfH0gJvY-8xlGg0vZy8xMWYzMjQ0MTduEAE,Hyderabad,"Latitude: 17.4192197, Longitude: 78.447467",19525.0,4-star hotel,4.4,10695,Free breakfast | Free Wi-Fi | Free parking | Outdoor pool | Air conditioning | Fitness center | Spa | Bar | Restaurant | Room service | Full-service laundry | Accessible | Business center | Kid-friendly | Smoke-free property,10 years experience,5,3 weeks ago,Google,Central Hyderabad
Hyatt Place Hyderabad Banjara Hills,ChkIgfH0gJvY-8xlGg0vZy8xMWYzMjQ0MTduEAE,Hyderabad,"Latitude: 17.4192197, Longitude: 78.447467",19525.0,4-star hotel,4.4,10695,Free breakfast | Free Wi-Fi | Free parking | Outdoor pool | Air conditioning | Fitness center | Spa | Bar | Restaurant | Room service | Full-service laundry | Accessible | Business center | Kid-friendly | Smoke-free property,"Excellent place to stay with good environment and food and people, will come  and very nice back again in same hotel hopefully.",5,3 weeks ago,Tripadvisor,Central Hyderabad
Hyatt Place Hyderabad Banjara Hills,ChkIgfH0gJvY-8xlGg0vZy8xMWYzMjQ0MTduEAE,Hyderabad,"Latitude: 17.4192197, Longitude: 78.447467",19525.0,4-star hotel,4.4,10695,Free breakfast | Free Wi-Fi | Free parking | Outdoor pool | Air conditioning | Fitness center | Spa | Bar | Restaurant | Room service | Full-service laundry | Accessible | Business center | Kid-friendly | Smoke-free property,V Good,5,3 weeks ago,Google,Central Hyderabad
Hyatt Place Hyderabad Banjara Hills,ChkIgfH0gJvY-8xlGg0vZy8xMWYzMjQ0MTduEAE,Hyderabad,"Latitude: 17.4192197, Longitude: 78.447467",19525.0,4-star hotel,4.4,10695,Free breakfast | Free Wi-Fi | Free parking | Outdoor pool | Air conditioning | Fitness center | Spa | Bar | Restaurant | Room service | Full-service laundry | Accessible | Business center | Kid-friendly | Smoke-free property,"Hyatt Place Banjarra Hills is a good 4 star hotel in top location. Although beginning to show its age, the rooms and beds are very good. Breakfast is a standout and there are always plenty of staff. All staff are well trained, helpful and friendly.",4,3 weeks ago,Tripadvisor,Central Hyderabad
Hyatt Place Hyderabad Banjara Hills,ChkIgfH0gJvY-8xlGg0vZy8xMWYzMjQ0MTduEAE,Hyderabad,"Latitude: 17.4192197, Longitude: 78.447467",19525.0,4-star hotel,4.4,10695,Free breakfast | Free Wi-Fi | Free parking | Outdoor pool | Air conditioning | Fitness center | Spa | Bar | Restaurant | Room service | Full-service laundry | Accessible | Business center | Kid-friendly | Smoke-free property,Mr. Ramakrishna and Ms. Lemtihum had done wonderful house keeping service.,5,4 weeks ago,Tripadvisor,Central Hyderabad
Hyatt Place Hyderabad Banjara Hills,ChkIgfH0gJvY-8xlGg0vZy8xMWYzMjQ0MTduEAE,Hyderabad,"Latitude: 17.4192197, Longitude: 78.447467",19525.0,4-star hotel,4.4,10695,Free breakfast | Free Wi-Fi | Free parking | Outdoor pool | Air conditioning | Fitness center | Spa | Bar | Restaurant | Room service | Full-service laundry | Accessible | Business center | Kid-friendly | Smoke-free property,"Highly recommend for the wonderful hospitality by the staff, be it at lobby, dining or housekeeping, spacious rooms, delicious dinner & brunch buffet spreads & excellent live music on Sun afternoon!
I had a great experience staying here on the eve of the NMDC race, as part of the Bengaluru-based BHUKMP group of runners.",5,4 weeks ago,Google,Central Hyderabad
Hyatt Place Hyderabad Banjara Hills,ChkIgfH0gJvY-8xlGg0vZy8xMWYzMjQ0MTduEAE,Hyderabad,"Latitude: 17.4192197, Longitude: 78.447467",19525.0,4-star hotel,4.4,10695,Free breakfast | Free Wi-Fi | Free parking | Outdoor pool | Air conditioning | Fitness center | Spa | Bar | Restaurant | Room service | Full-service laundry | Accessible | Business center | Kid-friendly | Smoke-free property,"The place is located right. Maintained well and has a great team in place to make sure the guest are well taken care of. I always stay there whenever in Hyderabad. From the main gate entry to the scanners, valets, front desk, house keeping, Chef Rick and his breakfast team, Rihan at breakfast and everyone is great.",5,a month ago,Tripadvisor,Central Hyderabad
Hotel best southern,ChkIyJWRn_3nzI97Gg0vZy8xMXg3XzZzZ2xrEAE,Hyderabad,"Latitude: 17.423775499999998, Longitude: 78.4587172",,,4.0,5,,"(Translated by Google) Nice service Pandu
(Original)
Nice sarvice pandu",1,11 months ago,Google,Central Hyderabad
Hotel best southern,ChkIyJWRn_3nzI97Gg0vZy8xMXg3XzZzZ2xrEAE,Hyderabad,"Latitude: 17.423775499999998, Longitude: 78.4587172",,,4.0,5,,"Best experience, friendly staff and easy check in. Rooms are very neat and spacious. I Definitely recommend the stay👌",5,a year ago,Google,Central Hyderabad
Hotel best southern,ChkIyJWRn_3nzI97Gg0vZy8xMXg3XzZzZ2xrEAE,Hyderabad,"Latitude: 17.423775499999998, Longitude: 78.4587172",,,4.0,5,,"Newly renovated,neet and clean, new management, good maintenance",5,a year ago,Google,Central Hyderabad
Balaji Deluxe Lodge,ChcI4fbjxqzGkrxUGgsvZy8xdGc0endtZhAB,Hyderabad,"Latitude: 17.423804999999998, Longitude: 78.45384419999999",,2-star hotel,2.9,53,,Room was not clean.,1,2 years ago,Google,Central Hyderabad
Balaji Deluxe Lodge,ChcI4fbjxqzGkrxUGgsvZy8xdGc0endtZhAB,Hyderabad,"Latitude: 17.423804999999998, Longitude: 78.45384419999999",,2-star hotel,2.9,53,,Bathroom floor was sticky.,2,3 years ago,Google,Central Hyderabad
Balaji Deluxe Lodge,ChcI4fbjxqzGkrxUGgsvZy8xdGc0endtZhAB,Hyderabad,"Latitude: 17.423804999999998, Longitude: 78.45384419999999",,2-star hotel,2.9,53,,"Stayed here when we came to NIMS hospital, the rooms are quite good and clean. The only drawbacks are it's too costly and there was lot of noise as it it beside main road and they didn't clean the room or changed the bedsheet in one week. Cleanliness 0",3,3 years ago,Google,Central Hyderabad
Balaji Deluxe Lodge,ChcI4fbjxqzGkrxUGgsvZy8xdGc0endtZhAB,Hyderabad,"Latitude: 17.423804999999998, Longitude: 78.45384419999999",,2-star hotel,2.9,53,,"Ok, but expected more",3,4 years ago,Google,Central Hyderabad
Balaji Deluxe Lodge,ChcI4fbjxqzGkrxUGgsvZy8xdGc0endtZhAB,Hyderabad,"Latitude: 17.423804999999998, Longitude: 78.45384419999999",,2-star hotel,2.9,53,,Totally dirty rooms in 2nd floor. Fully disappointed.,1,4 years ago,Google,Central Hyderabad
Balaji Deluxe Lodge,ChcI4fbjxqzGkrxUGgsvZy8xdGc0endtZhAB,Hyderabad,"Latitude: 17.423804999999998, Longitude: 78.45384419999999",,2-star hotel,2.9,53,,Good place,3,6 years ago,Google,Central Hyderabad
Balaji Deluxe Lodge,ChcI4fbjxqzGkrxUGgsvZy8xdGc0endtZhAB,Hyderabad,"Latitude: 17.423804999999998, Longitude: 78.45384419999999",,2-star hotel,2.9,53,,Low price room available. Lift available. Cc tv available. Secure place,3,6 years ago,Google,Central Hyderabad
Balaji Deluxe Lodge,ChcI4fbjxqzGkrxUGgsvZy8xdGc0endtZhAB,Hyderabad,"Latitude: 17.423804999999998, Longitude: 78.45384419999999",,2-star hotel,2.9,53,,With a price of 570 per night I got an exclusive deal from an online booking website.,4,7 years ago,Google,Central Hyderabad
Balaji Deluxe Lodge,ChcI4fbjxqzGkrxUGgsvZy8xdGc0endtZhAB,Hyderabad,"Latitude: 17.423804999999998, Longitude: 78.45384419999999",,2-star hotel,2.9,53,,Need to  improve...,3,7 years ago,Google,Central Hyderabad
Balaji Deluxe Lodge,ChcI4fbjxqzGkrxUGgsvZy8xdGc0endtZhAB,Hyderabad,"Latitude: 17.423804999999998, Longitude: 78.45384419999999",,2-star hotel,2.9,53,,"That’s our lodge actually, So there’s nothing more to say than my rating😄",5,7 years ago,Google,Central Hyderabad
Balaji Deluxe Lodge,ChcI4fbjxqzGkrxUGgsvZy8xdGc0endtZhAB,Hyderabad,"Latitude: 17.423804999999998, Longitude: 78.45384419999999",,2-star hotel,2.9,53,,Bad west,1,7 years ago,Google,Central Hyderabad
Balaji Deluxe Lodge,ChcI4fbjxqzGkrxUGgsvZy8xdGc0endtZhAB,Hyderabad,"Latitude: 17.423804999999998, Longitude: 78.45384419999999",,2-star hotel,2.9,53,,Dirty rooms with gd location,1,7 years ago,Google,Central Hyderabad
Durga Homes,ChkIv_Hqt5S2juRvGg0vZy8xMWNudHF6MG5sEAE,Hyderabad,"Latitude: 17.4223035, Longitude: 78.4567979",,,4.0,87,,"Had to stay here and had a good experience, well maintained , regular housekeeping service and free wifi.",4,4 years ago,Google,Central Hyderabad
Durga Homes,ChkIv_Hqt5S2juRvGg0vZy8xMWNudHF6MG5sEAE,Hyderabad,"Latitude: 17.4223035, Longitude: 78.4567979",,,4.0,87,,Very quiet good place. Well behaved staff.,4,5 years ago,Google,Central Hyderabad
Durga Homes,ChkIv_Hqt5S2juRvGg0vZy8xMWNudHF6MG5sEAE,Hyderabad,"Latitude: 17.4223035, Longitude: 78.4567979",,,4.0,87,,Ok hostel,3,5 years ago,Google,Central Hyderabad
Durga Homes,ChkIv_Hqt5S2juRvGg0vZy8xMWNudHF6MG5sEAE,Hyderabad,"Latitude: 17.4223035, Longitude: 78.4567979",,,4.0,87,,Ok,5,6 years ago,Google,Central Hyderabad
Durga Homes,ChkIv_Hqt5S2juRvGg0vZy8xMWNudHF6MG5sEAE,Hyderabad,"Latitude: 17.4223035, Longitude: 78.4567979",,,4.0,87,,Good hotel.,4,6 years ago,Google,Central Hyderabad
Durga Homes,ChkIv_Hqt5S2juRvGg0vZy8xMWNudHF6MG5sEAE,Hyderabad,"Latitude: 17.4223035, Longitude: 78.4567979",,,4.0,87,,Well maintained facilities but rooms are too small,4,6 years ago,Google,Central Hyderabad
Durga Homes,ChkIv_Hqt5S2juRvGg0vZy8xMWNudHF6MG5sEAE,Hyderabad,"Latitude: 17.4223035, Longitude: 78.4567979",,,4.0,87,,Pocket friendly place to stay.,2,Edited 6 years ago,Google,Central Hyderabad
Durga Homes,ChkIv_Hqt5S2juRvGg0vZy8xMWNudHF6MG5sEAE,Hyderabad,"Latitude: 17.4223035, Longitude: 78.4567979",,,4.0,87,,One of the best lodge in this area I have stayed... the price was a bit high but the room was clean as well as the behaviour of the the manager as well as the room cleaning staff was mild... do visit!,5,6 years ago,Google,Central Hyderabad
Durga Homes,ChkIv_Hqt5S2juRvGg0vZy8xMWNudHF6MG5sEAE,Hyderabad,"Latitude: 17.4223035, Longitude: 78.4567979",,,4.0,87,,Nn,5,6 years ago,Google,Central Hyderabad
Durga Homes,ChkIv_Hqt5S2juRvGg0vZy8xMWNudHF6MG5sEAE,Hyderabad,"Latitude: 17.4223035, Longitude: 78.4567979",,,4.0,87,,It's best hotel near to Asian institute of gastroenterology very good maintenance room or clean managers are friendly,5,7 years ago,Google,Central Hyderabad
Durga Homes,ChkIv_Hqt5S2juRvGg0vZy8xMWNudHF6MG5sEAE,Hyderabad,"Latitude: 17.4223035, Longitude: 78.4567979",,,4.0,87,,"Roof was not good for walk. Lift was not good, managers behaviour was not good. They ask for tip and embarrass people. Room was average. TV was useless, didn't have channels.",3,7 years ago,Google,Central Hyderabad
Durga Homes,ChkIv_Hqt5S2juRvGg0vZy8xMWNudHF6MG5sEAE,Hyderabad,"Latitude: 17.4223035, Longitude: 78.4567979",,,4.0,87,,Good,5,7 years ago,Google,Central Hyderabad
Prop LIVE with New Code - HYD2294,ChkIicbmrJaJiolHGg0vZy8xMWY3cHYyNDY2EAE,Hyderabad,"Latitude: 17.4275986, Longitude: 78.4521764",,3-star hotel,3.6,132,Free breakfast | Free Wi-Fi | Air conditioning | Room service | Kitchen in some rooms | Kid-friendly | Smoke-free property,Curd ri is very good #mounika,5,a year ago,Google,Central Hyderabad
Prop LIVE with New Code - HYD2294,ChkIicbmrJaJiolHGg0vZy8xMWY3cHYyNDY2EAE,Hyderabad,"Latitude: 17.4275986, Longitude: 78.4521764",,3-star hotel,3.6,132,Free breakfast | Free Wi-Fi | Air conditioning | Room service | Kitchen in some rooms | Kid-friendly | Smoke-free property,Charging higher then we discussed .. through on line they are not giving room and charged 600 extra .... Don't have option so stayed but worst and go in this hotel...,1,3 years ago,Google,Central Hyderabad
Prop LIVE with New Code - HYD2294,ChkIicbmrJaJiolHGg0vZy8xMWY3cHYyNDY2EAE,Hyderabad,"Latitude: 17.4275986, Longitude: 78.4521764",,3-star hotel,3.6,132,Free breakfast | Free Wi-Fi | Air conditioning | Room service | Kitchen in some rooms | Kid-friendly | Smoke-free property,Good,3,5 years ago,Google,Central Hyderabad
Prop LIVE with New Code - HYD2294,ChkIicbmrJaJiolHGg0vZy8xMWY3cHYyNDY2EAE,Hyderabad,"Latitude: 17.4275986, Longitude: 78.4521764",,3-star hotel,3.6,132,Free breakfast | Free Wi-Fi | Air conditioning | Room service | Kitchen in some rooms | Kid-friendly | Smoke-free property,"Worst hotel I ever seen west of money no bedsheets
Pillow was smelling like potty
My Girlfriend started vomiting after smelling that pillow",1,5 years ago,Google,Central Hyderabad
Prop LIVE with New Code - HYD2294,ChkIicbmrJaJiolHGg0vZy8xMWY3cHYyNDY2EAE,Hyderabad,"Latitude: 17.4275986, Longitude: 78.4521764",,3-star hotel,3.6,132,Free breakfast | Free Wi-Fi | Air conditioning | Room service | Kitchen in some rooms | Kid-friendly | Smoke-free property,"First of all the location isn’t updated, they are charging more by showing that it’s near GVK mall. Secondly, the rooms were super dirty. You can see stains all over the sheets. The rooms smell, the entire floor smells of paan. It’s DISGUSTING.
Edited: Okay, so emailing or calling the customer care/complaint department is a waste of time. They won’t try to resolve your issue rather make you call again and again until you stop. It’s all seem like a scam to not refund your money. Worst customer service from OYO.",1,Edited 5 years ago,Google,Central Hyderabad
Prop LIVE with New Code - HYD2294,ChkIicbmrJaJiolHGg0vZy8xMWY3cHYyNDY2EAE,Hyderabad,"Latitude: 17.4275986, Longitude: 78.4521764",,3-star hotel,3.6,132,Free breakfast | Free Wi-Fi | Air conditioning | Room service | Kitchen in some rooms | Kid-friendly | Smoke-free property,Wrong location,2,5 years ago,Google,Central Hyderabad
Prop LIVE with New Code - HYD2294,ChkIicbmrJaJiolHGg0vZy8xMWY3cHYyNDY2EAE,Hyderabad,"Latitude: 17.4275986, Longitude: 78.4521764",,3-star hotel,3.6,132,Free breakfast | Free Wi-Fi | Air conditioning | Room service | Kitchen in some rooms | Kid-friendly | Smoke-free property,Too costly,4,Edited 6 years ago,Google,Central Hyderabad
Prop LIVE with New Code - HYD2294,ChkIicbmrJaJiolHGg0vZy8xMWY3cHYyNDY2EAE,Hyderabad,"Latitude: 17.4275986, Longitude: 78.4521764",,3-star hotel,3.6,132,Free breakfast | Free Wi-Fi | Air conditioning | Room service | Kitchen in some rooms | Kid-friendly | Smoke-free property,Good behaviour of receptionist,5,6 years ago,Google,Central Hyderabad
Prop LIVE with New Code - HYD2294,ChkIicbmrJaJiolHGg0vZy8xMWY3cHYyNDY2EAE,Hyderabad,"Latitude: 17.4275986, Longitude: 78.4521764",,3-star hotel,3.6,132,Free breakfast | Free Wi-Fi | Air conditioning | Room service | Kitchen in some rooms | Kid-friendly | Smoke-free property,Neet & clean,5,6 years ago,Google,Central Hyderabad
Prop LIVE with New Code - HYD2294,ChkIicbmrJaJiolHGg0vZy8xMWY3cHYyNDY2EAE,Hyderabad,"Latitude: 17.4275986, Longitude: 78.4521764",,3-star hotel,3.6,132,Free breakfast | Free Wi-Fi | Air conditioning | Room service | Kitchen in some rooms | Kid-friendly | Smoke-free property,Drinking water not available in the room,5,6 years ago,Google,Central Hyderabad
Prop LIVE with New Code - HYD2294,ChkIicbmrJaJiolHGg0vZy8xMWY3cHYyNDY2EAE,Hyderabad,"Latitude: 17.4275986, Longitude: 78.4521764",,3-star hotel,3.6,132,Free breakfast | Free Wi-Fi | Air conditioning | Room service | Kitchen in some rooms | Kid-friendly | Smoke-free property,"(Translated by Google) Good room
(Original)
Gud room",5,6 years ago,Google,Central Hyderabad
Prop LIVE with New Code - HYD2294,ChkIicbmrJaJiolHGg0vZy8xMWY3cHYyNDY2EAE,Hyderabad,"Latitude: 17.4275986, Longitude: 78.4521764",,3-star hotel,3.6,132,Free breakfast | Free Wi-Fi | Air conditioning | Room service | Kitchen in some rooms | Kid-friendly | Smoke-free property,Very cheap hotel it ok but not good for couples r family,2,6 years ago,Google,Central Hyderabad
Prop LIVE with New Code - HYD2294,ChkIicbmrJaJiolHGg0vZy8xMWY3cHYyNDY2EAE,Hyderabad,"Latitude: 17.4275986, Longitude: 78.4521764",,3-star hotel,3.6,132,Free breakfast | Free Wi-Fi | Air conditioning | Room service | Kitchen in some rooms | Kid-friendly | Smoke-free property,Ok,3,6 years ago,Google,Central Hyderabad
Prop LIVE with New Code - HYD2294,ChkIicbmrJaJiolHGg0vZy8xMWY3cHYyNDY2EAE,Hyderabad,"Latitude: 17.4275986, Longitude: 78.4521764",,3-star hotel,3.6,132,Free breakfast | Free Wi-Fi | Air conditioning | Room service | Kitchen in some rooms | Kid-friendly | Smoke-free property,Good,5,6 years ago,Google,Central Hyderabad
Prop LIVE with New Code - HYD2294,ChkIicbmrJaJiolHGg0vZy8xMWY3cHYyNDY2EAE,Hyderabad,"Latitude: 17.4275986, Longitude: 78.4521764",,3-star hotel,3.6,132,Free breakfast | Free Wi-Fi | Air conditioning | Room service | Kitchen in some rooms | Kid-friendly | Smoke-free property,Rooms are very comfortable n good,5,7 years ago,Google,Central Hyderabad
Prop LIVE with New Code - HYD2294,ChkIicbmrJaJiolHGg0vZy8xMWY3cHYyNDY2EAE,Hyderabad,"Latitude: 17.4275986, Longitude: 78.4521764",,3-star hotel,3.6,132,Free breakfast | Free Wi-Fi | Air conditioning | Room service | Kitchen in some rooms | Kid-friendly | Smoke-free property,Nice,5,7 years ago,Google,Central Hyderabad
New Anupama Deluxe Lodge,ChgI7Obh0eGM26HSARoLL2cvMXRkajJucmQQAQ,Hyderabad,"Latitude: 17.4324381, Longitude: 78.445876",,1-star hotel,3.8,187,Wi-Fi | Parking | Air conditioning | Room service | Kitchen in some rooms | Full-service laundry,Disgusting character of the man at the reception.  When we asked for a clean bedsheet he told us to vacate the rooms in anger and we got out and he didnt give the full amount. Dont go here its so bad,1,a year ago,Google,Central Hyderabad
New Anupama Deluxe Lodge,ChgI7Obh0eGM26HSARoLL2cvMXRkajJucmQQAQ,Hyderabad,"Latitude: 17.4324381, Longitude: 78.445876",,1-star hotel,3.8,187,Wi-Fi | Parking | Air conditioning | Room service | Kitchen in some rooms | Full-service laundry,Good,3,2 years ago,Google,Central Hyderabad
New Anupama Deluxe Lodge,ChgI7Obh0eGM26HSARoLL2cvMXRkajJucmQQAQ,Hyderabad,"Latitude: 17.4324381, Longitude: 78.445876",,1-star hotel,3.8,187,Wi-Fi | Parking | Air conditioning | Room service | Kitchen in some rooms | Full-service laundry,Good,4,2 years ago,Google,Central Hyderabad
New Anupama Deluxe Lodge,ChgI7Obh0eGM26HSARoLL2cvMXRkajJucmQQAQ,Hyderabad,"Latitude: 17.4324381, Longitude: 78.445876",,1-star hotel,3.8,187,Wi-Fi | Parking | Air conditioning | Room service | Kitchen in some rooms | Full-service laundry,Good place at reasonable prices to stay,5,2 years ago,Google,Central Hyderabad
New Anupama Deluxe Lodge,ChgI7Obh0eGM26HSARoLL2cvMXRkajJucmQQAQ,Hyderabad,"Latitude: 17.4324381, Longitude: 78.445876",,1-star hotel,3.8,187,Wi-Fi | Parking | Air conditioning | Room service | Kitchen in some rooms | Full-service laundry,"Average hotel with prime location. Rooms are suitable for 2 persons. Clean rooms, TV channels are working and wifi is also working here. Generally you will not get these devices at this rate in most of the hotels. So many food points are available near this place. Lift is not available.",3,3 years ago,Google,Central Hyderabad
New Anupama Deluxe Lodge,ChgI7Obh0eGM26HSARoLL2cvMXRkajJucmQQAQ,Hyderabad,"Latitude: 17.4324381, Longitude: 78.445876",,1-star hotel,3.8,187,Wi-Fi | Parking | Air conditioning | Room service | Kitchen in some rooms | Full-service laundry,"Budget-friendly, good for affordability, and overall good, the price for the room is higher on online sites. Directly contact them for a better deal.",3,3 years ago,Google,Central Hyderabad
New Anupama Deluxe Lodge,ChgI7Obh0eGM26HSARoLL2cvMXRkajJucmQQAQ,Hyderabad,"Latitude: 17.4324381, Longitude: 78.445876",,1-star hotel,3.8,187,Wi-Fi | Parking | Air conditioning | Room service | Kitchen in some rooms | Full-service laundry,Nice Lodge at reasonable Tariffs,4,3 years ago,Google,Central Hyderabad
New Anupama Deluxe Lodge,ChgI7Obh0eGM26HSARoLL2cvMXRkajJucmQQAQ,Hyderabad,"Latitude: 17.4324381, Longitude: 78.445876",,1-star hotel,3.8,187,Wi-Fi | Parking | Air conditioning | Room service | Kitchen in some rooms | Full-service laundry,"Economic, not a luxurious hotel. Centrally located. Rooms are neat and clean.",3,3 years ago,Google,Central Hyderabad
New Anupama Deluxe Lodge,ChgI7Obh0eGM26HSARoLL2cvMXRkajJucmQQAQ,Hyderabad,"Latitude: 17.4324381, Longitude: 78.445876",,1-star hotel,3.8,187,Wi-Fi | Parking | Air conditioning | Room service | Kitchen in some rooms | Full-service laundry,Great 👍,5,Edited 3 years ago,Google,Central Hyderabad
New Anupama Deluxe Lodge,ChgI7Obh0eGM26HSARoLL2cvMXRkajJucmQQAQ,Hyderabad,"Latitude: 17.4324381, Longitude: 78.445876",,1-star hotel,3.8,187,Wi-Fi | Parking | Air conditioning | Room service | Kitchen in some rooms | Full-service laundry,Best budget hotel  ecanamy,5,Edited 3 years ago,Google,Central Hyderabad
New Anupama Deluxe Lodge,ChgI7Obh0eGM26HSARoLL2cvMXRkajJucmQQAQ,Hyderabad,"Latitude: 17.4324381, Longitude: 78.445876",,1-star hotel,3.8,187,Wi-Fi | Parking | Air conditioning | Room service | Kitchen in some rooms | Full-service laundry,Nice people,5,3 years ago,Google,Central Hyderabad
New Anupama Deluxe Lodge,ChgI7Obh0eGM26HSARoLL2cvMXRkajJucmQQAQ,Hyderabad,"Latitude: 17.4324381, Longitude: 78.445876",,1-star hotel,3.8,187,Wi-Fi | Parking | Air conditioning | Room service | Kitchen in some rooms | Full-service laundry,Good,5,3 years ago,Google,Central Hyderabad
OYO 71469 Limestone Pearl,ChkIzOmPl5z2_r9TGg0vZy8xMXFxY3FnMHN5EAE,Hyderabad,"Latitude: 17.426388, Longitude: 78.452351",,,2.6,5,Free breakfast | Free Wi-Fi | Parking | Pool | Room service | Kitchen in some rooms | Smoke-free property,Nice,5,a year ago,Google,Central Hyderabad
OYO 71469 Limestone Pearl,ChkIzOmPl5z2_r9TGg0vZy8xMXFxY3FnMHN5EAE,Hyderabad,"Latitude: 17.426388, Longitude: 78.452351",,,2.6,5,Free breakfast | Free Wi-Fi | Parking | Pool | Room service | Kitchen in some rooms | Smoke-free property,"No Hotel,  No contact Horrible experience its a fake Hotel",1,3 years ago,Google,Central Hyderabad
OYO 71469 Limestone Pearl,ChkIzOmPl5z2_r9TGg0vZy8xMXFxY3FnMHN5EAE,Hyderabad,"Latitude: 17.426388, Longitude: 78.452351",,,2.6,5,Free breakfast | Free Wi-Fi | Parking | Pool | Room service | Kitchen in some rooms | Smoke-free property,This is the wrong location of the hotel. The correct location is 3km away from this place. Please check the address before booking else be ready for last moment struggle,1,4 years ago,Google,Central Hyderabad
OYO 71469 Limestone Pearl,ChkIzOmPl5z2_r9TGg0vZy8xMXFxY3FnMHN5EAE,Hyderabad,"Latitude: 17.426388, Longitude: 78.452351",,,2.6,5,Free breakfast | Free Wi-Fi | Parking | Pool | Room service | Kitchen in some rooms | Smoke-free property,No contact details avelable on map.. And location is wrong,1,5 years ago,Google,Central Hyderabad
OYO 75687 Hotel Sun City,ChgIgO3jhaKZpZqZARoLL2cvMXRyY2R3bnEQAQ,Hyderabad,"Latitude: 17.422355, Longitude: 78.45513100000001",,3-star hotel,3.2,115,Free breakfast | Wi-Fi | Air conditioning | Room service | Kitchen in some rooms | Smoke-free property,"Hôtel OYO 1737 sunrise Begumpet  placé idéalement sur la ligne métro pour accéder au centre de hyderabad et à côté du grand lac avec un espace vert pour trouver la tranquillité. Chambre avec climatisation et douche à l'indienne . Service disponible en cas de besoin. Idéal pour routard , prix très raisonnable",3,4 months ago,Tripadvisor,Central Hyderabad
OYO 75687 Hotel Sun City,ChgIgO3jhaKZpZqZARoLL2cvMXRyY2R3bnEQAQ,Hyderabad,"Latitude: 17.422355, Longitude: 78.45513100000001",,3-star hotel,3.2,115,Free breakfast | Wi-Fi | Air conditioning | Room service | Kitchen in some rooms | Smoke-free property,"Hotel Management College provides a comprehensive education for students aspiring to build a career in the hospitality industry. The curriculum typically combines classroom learning with practical training, covering key areas such as hotel operations, food and beverage management, front-office operations, event planning, and customer service.",5,a year ago,Google,Central Hyderabad
OYO 75687 Hotel Sun City,ChgIgO3jhaKZpZqZARoLL2cvMXRyY2R3bnEQAQ,Hyderabad,"Latitude: 17.422355, Longitude: 78.45513100000001",,3-star hotel,3.2,115,Free breakfast | Wi-Fi | Air conditioning | Room service | Kitchen in some rooms | Smoke-free property,"For 15 min delay in checkout, they charged me over 500 rs. Will no recommend
Rooms also not good and clean..",1,a year ago,Google,Central Hyderabad
OYO 75687 Hotel Sun City,ChgIgO3jhaKZpZqZARoLL2cvMXRyY2R3bnEQAQ,Hyderabad,"Latitude: 17.422355, Longitude: 78.45513100000001",,3-star hotel,3.2,115,Free breakfast | Wi-Fi | Air conditioning | Room service | Kitchen in some rooms | Smoke-free property,I didnt check the reviews my bad. Stayed there a night couldn't sleep coz of bed bugs.I should have understood there was something off when the room rent was only 1000 rupees a day in an hotel on main road,1,2 years ago,Google,Central Hyderabad
OYO 75687 Hotel Sun City,ChgIgO3jhaKZpZqZARoLL2cvMXRyY2R3bnEQAQ,Hyderabad,"Latitude: 17.422355, Longitude: 78.45513100000001",,3-star hotel,3.2,115,Free breakfast | Wi-Fi | Air conditioning | Room service | Kitchen in some rooms | Smoke-free property,Bed bugs on bed. 3 floors still No elevator? Very difficult for patients.,3,2 years ago,Google,Central Hyderabad
OYO 75687 Hotel Sun City,ChgIgO3jhaKZpZqZARoLL2cvMXRyY2R3bnEQAQ,Hyderabad,"Latitude: 17.422355, Longitude: 78.45513100000001",,3-star hotel,3.2,115,Free breakfast | Wi-Fi | Air conditioning | Room service | Kitchen in some rooms | Smoke-free property,"Though rooms look better than other properties nearby, this property has a huge bed bugs problem.
The rooms need to be cleaned more often.",1,2 years ago,Google,Central Hyderabad
OYO 75687 Hotel Sun City,ChgIgO3jhaKZpZqZARoLL2cvMXRyY2R3bnEQAQ,Hyderabad,"Latitude: 17.422355, Longitude: 78.45513100000001",,3-star hotel,3.2,115,Free breakfast | Wi-Fi | Air conditioning | Room service | Kitchen in some rooms | Smoke-free property,Too bad,1,2 years ago,Google,Central Hyderabad
OYO 75687 Hotel Sun City,ChgIgO3jhaKZpZqZARoLL2cvMXRyY2R3bnEQAQ,Hyderabad,"Latitude: 17.422355, Longitude: 78.45513100000001",,3-star hotel,3.2,115,Free breakfast | Wi-Fi | Air conditioning | Room service | Kitchen in some rooms | Smoke-free property,Bed bugs welcomes you in room. 3 floors but no elevator. Brutally expensive,2,2 years ago,Google,Central Hyderabad
OYO 75687 Hotel Sun City,ChgIgO3jhaKZpZqZARoLL2cvMXRyY2R3bnEQAQ,Hyderabad,"Latitude: 17.422355, Longitude: 78.45513100000001",,3-star hotel,3.2,115,Free breakfast | Wi-Fi | Air conditioning | Room service | Kitchen in some rooms | Smoke-free property,Very Very Bad Service,1,2 years ago,Google,Central Hyderabad
OYO 75687 Hotel Sun City,ChgIgO3jhaKZpZqZARoLL2cvMXRyY2R3bnEQAQ,Hyderabad,"Latitude: 17.422355, Longitude: 78.45513100000001",,3-star hotel,3.2,115,Free breakfast | Wi-Fi | Air conditioning | Room service | Kitchen in some rooms | Smoke-free property,Nice,4,3 years ago,Google,Central Hyderabad
SPOT ON New Balaji Residency,ChkI8vya49eB-_0eGg0vZy8xMWtxeTJqXzQwEAE,Hyderabad,"Latitude: 17.4239444, Longitude: 78.45375",,,2.8,142,,Very Bad experience. Book through make my trip for a Air-conditioning room. But they provided a dirty room with out Air-conditioning. And room was vry bad,1,10 months ago,Google,Central Hyderabad
SPOT ON New Balaji Residency,ChkI8vya49eB-_0eGg0vZy8xMWtxeTJqXzQwEAE,Hyderabad,"Latitude: 17.4239444, Longitude: 78.45375",,,2.8,142,,"Very dirty room, booked online with discount but he was not happy and provided check almost after 45 minutes, only plus is location viz on main road to metro nearby station is Irrum Manzil",1,a year ago,Google,Central Hyderabad
SPOT ON New Balaji Residency,ChkI8vya49eB-_0eGg0vZy8xMWtxeTJqXzQwEAE,Hyderabad,"Latitude: 17.4239444, Longitude: 78.45375",,,2.8,142,,A budget hotel with parking slot available .you can a room for 3 pax max. Would recommend to check rates online of booking sites. As offline and online rates a hude difference in ammount,3,a year ago,Google,Central Hyderabad
SPOT ON New Balaji Residency,ChkI8vya49eB-_0eGg0vZy8xMWtxeTJqXzQwEAE,Hyderabad,"Latitude: 17.4239444, Longitude: 78.45375",,,2.8,142,,Just ok,3,a year ago,Google,Central Hyderabad
SPOT ON New Balaji Residency,ChkI8vya49eB-_0eGg0vZy8xMWtxeTJqXzQwEAE,Hyderabad,"Latitude: 17.4239444, Longitude: 78.45375",,,2.8,142,,Good,5,a year ago,Google,Central Hyderabad
SPOT ON New Balaji Residency,ChkI8vya49eB-_0eGg0vZy8xMWtxeTJqXzQwEAE,Hyderabad,"Latitude: 17.4239444, Longitude: 78.45375",,,2.8,142,,Worst experience in my life. Worst staff and bad ambience.,1,a year ago,Google,Central Hyderabad
SPOT ON New Balaji Residency,ChkI8vya49eB-_0eGg0vZy8xMWtxeTJqXzQwEAE,Hyderabad,"Latitude: 17.4239444, Longitude: 78.45375",,,2.8,142,,No TV no Ac no headquarter very bad 😔😞😔😞 no booking anyone people please don't come Balaji restaurant,1,a year ago,Google,Central Hyderabad
SPOT ON New Balaji Residency,ChkI8vya49eB-_0eGg0vZy8xMWtxeTJqXzQwEAE,Hyderabad,"Latitude: 17.4239444, Longitude: 78.45375",,,2.8,142,,summer special juices,5,a year ago,Google,Central Hyderabad
SPOT ON New Balaji Residency,ChkI8vya49eB-_0eGg0vZy8xMWtxeTJqXzQwEAE,Hyderabad,"Latitude: 17.4239444, Longitude: 78.45375",,,2.8,142,,"What it show and what actually is complete different, it's a booze bungalow",1,a year ago,Google,Central Hyderabad
SPOT ON New Balaji Residency,ChkI8vya49eB-_0eGg0vZy8xMWtxeTJqXzQwEAE,Hyderabad,"Latitude: 17.4239444, Longitude: 78.45375",,,2.8,142,,"Worst service, rooms are very dirty, blankets pillows were very dirty and smelly.
So many mosquitoes in this area.
In oyo while booking it shows around 500 bucks but after booking it will become 700 bucks.
DONT WASTE YOUR MONEY AND TIME.",1,2 years ago,Google,Central Hyderabad
SPOT ON New Balaji Residency,ChkI8vya49eB-_0eGg0vZy8xMWtxeTJqXzQwEAE,Hyderabad,"Latitude: 17.4239444, Longitude: 78.45375",,,2.8,142,,Good,2,2 years ago,Google,Central Hyderabad
SPOT ON New Balaji Residency,ChkI8vya49eB-_0eGg0vZy8xMWtxeTJqXzQwEAE,Hyderabad,"Latitude: 17.4239444, Longitude: 78.45375",,,2.8,142,,Water was dirty. Drainages stink,1,2 years ago,Google,Central Hyderabad
SPOT ON New Balaji Residency,ChkI8vya49eB-_0eGg0vZy8xMWtxeTJqXzQwEAE,Hyderabad,"Latitude: 17.4239444, Longitude: 78.45375",,,2.8,142,,"Hello, I am from Gujarat. I recently stayed at OYO 815649 Hotel New Balaji Residency and I highly recommend avoiding this place. When I arrived, the receptionist asked, ""Online book kyu kiya? Ab ham room nai denge, to tu kya kar lega,"" essentially saying it was a scam. They refused to honor my online booking.
The facilities advertised online, such as TV and Wi-Fi, were not provided. This hotel accepts online bookings but does not deliver the promised facilities and service. It was a very disappointing experience. Stay away!",1,2 years ago,Google,Central Hyderabad
Kotla Lodge,ChgIjLmnj4rj-rSkARoLL2cvMXRwMDZrYnEQAQ,Hyderabad,"Latitude: 17.4328458, Longitude: 78.4464308",,2-star hotel,3.4,114,Free breakfast | Wi-Fi | Air conditioning | Room service | Kitchen in some rooms | Airport shuttle | Full-service laundry,"Worst service worst room
AC is not working
Room service is not responding properly
Don't recommend",1,2 months ago,Google,Central Hyderabad
Kotla Lodge,ChgIjLmnj4rj-rSkARoLL2cvMXRwMDZrYnEQAQ,Hyderabad,"Latitude: 17.4328458, Longitude: 78.4464308",,2-star hotel,3.4,114,Free breakfast | Wi-Fi | Air conditioning | Room service | Kitchen in some rooms | Airport shuttle | Full-service laundry,Low cost rooms available here,4,2 months ago,Google,Central Hyderabad
Kotla Lodge,ChgIjLmnj4rj-rSkARoLL2cvMXRwMDZrYnEQAQ,Hyderabad,"Latitude: 17.4328458, Longitude: 78.4464308",,2-star hotel,3.4,114,Free breakfast | Wi-Fi | Air conditioning | Room service | Kitchen in some rooms | Airport shuttle | Full-service laundry,Awesome 😎 Room's,5,11 months ago,Google,Central Hyderabad
Kotla Lodge,ChgIjLmnj4rj-rSkARoLL2cvMXRwMDZrYnEQAQ,Hyderabad,"Latitude: 17.4328458, Longitude: 78.4464308",,2-star hotel,3.4,114,Free breakfast | Wi-Fi | Air conditioning | Room service | Kitchen in some rooms | Airport shuttle | Full-service laundry,Location is the only plus point for this lodge…,2,a year ago,Google,Central Hyderabad
Kotla Lodge,ChgIjLmnj4rj-rSkARoLL2cvMXRwMDZrYnEQAQ,Hyderabad,"Latitude: 17.4328458, Longitude: 78.4464308",,2-star hotel,3.4,114,Free breakfast | Wi-Fi | Air conditioning | Room service | Kitchen in some rooms | Airport shuttle | Full-service laundry,"Rooms are too dirty......hot water is not providing we have to go to upstairs with bucket........Lift is more problematic.......They don't have manners towards customers......Even they don't know how to talk with persons......While I got up mrg 6'o clock and came down to near steps there are whiskey bottles ,glases and leftover food.....🤮",1,a year ago,Google,Central Hyderabad
Kotla Lodge,ChgIjLmnj4rj-rSkARoLL2cvMXRwMDZrYnEQAQ,Hyderabad,"Latitude: 17.4328458, Longitude: 78.4464308",,2-star hotel,3.4,114,Free breakfast | Wi-Fi | Air conditioning | Room service | Kitchen in some rooms | Airport shuttle | Full-service laundry,"Awesome Hotel with  reasonable price and very good rooms compared to other nearby hotels, they have good service staff and hotel, Daily room cleaning survice, walkable distance from Ameerpet metro station and bus stand.",5,a year ago,Google,Central Hyderabad
Kotla Lodge,ChgIjLmnj4rj-rSkARoLL2cvMXRwMDZrYnEQAQ,Hyderabad,"Latitude: 17.4328458, Longitude: 78.4464308",,2-star hotel,3.4,114,Free breakfast | Wi-Fi | Air conditioning | Room service | Kitchen in some rooms | Airport shuttle | Full-service laundry,"Good and decent rooms , but they are not providing such drinking water also ..... Need to take from outside , and the telivision remote also not working properly.......",2,a year ago,Google,Central Hyderabad
Kotla Lodge,ChgIjLmnj4rj-rSkARoLL2cvMXRwMDZrYnEQAQ,Hyderabad,"Latitude: 17.4328458, Longitude: 78.4464308",,2-star hotel,3.4,114,Free breakfast | Wi-Fi | Air conditioning | Room service | Kitchen in some rooms | Airport shuttle | Full-service laundry,"I went to this lodge to ask the room for 200, for freshup but there is no avabulity .",1,2 years ago,Google,Central Hyderabad
Kotla Lodge,ChgIjLmnj4rj-rSkARoLL2cvMXRwMDZrYnEQAQ,Hyderabad,"Latitude: 17.4328458, Longitude: 78.4464308",,2-star hotel,3.4,114,Free breakfast | Wi-Fi | Air conditioning | Room service | Kitchen in some rooms | Airport shuttle | Full-service laundry,Friendly lodge,5,2 years ago,Google,Central Hyderabad
Kotla Lodge,ChgIjLmnj4rj-rSkARoLL2cvMXRwMDZrYnEQAQ,Hyderabad,"Latitude: 17.4328458, Longitude: 78.4464308",,2-star hotel,3.4,114,Free breakfast | Wi-Fi | Air conditioning | Room service | Kitchen in some rooms | Airport shuttle | Full-service laundry,Good,3,3 years ago,Google,Central Hyderabad
Kotla Lodge,ChgIjLmnj4rj-rSkARoLL2cvMXRwMDZrYnEQAQ,Hyderabad,"Latitude: 17.4328458, Longitude: 78.4464308",,2-star hotel,3.4,114,Free breakfast | Wi-Fi | Air conditioning | Room service | Kitchen in some rooms | Airport shuttle | Full-service laundry,Nice place to stay but difficult to find,3,4 years ago,Google,Central Hyderabad
Kotla Lodge,ChgIjLmnj4rj-rSkARoLL2cvMXRwMDZrYnEQAQ,Hyderabad,"Latitude: 17.4328458, Longitude: 78.4464308",,2-star hotel,3.4,114,Free breakfast | Wi-Fi | Air conditioning | Room service | Kitchen in some rooms | Airport shuttle | Full-service laundry,Worst staff behavior,1,4 years ago,Google,Central Hyderabad
Hotel Bhargav Residency,ChkIsdq67KCys783Gg0vZy8xMXM1MGoxMDB0EAE,Hyderabad,"Latitude: 17.42426, Longitude: 78.4540694",,,2.9,23,Wi-Fi | Free parking | Room service,"Please don’t choose this hotel, especially if you’re travelling with family. It doesn’t feel safe or family-friendly at all. Many daily wage labourers stay there like a hostel, and there are no proper rules or management.
The rooms look nothing like the pictures shown online. When you arrive, you may get rooms with damaged fans, old hostel-style beds, and even bedbugs. The beds were unhygienic, with hair all over them. Even the “better” rooms they provide on request are very congested and poorly maintained.
Overall, it was the worst experience. The environment felt unsafe and uncomfortable with creepy people around. I would strongly suggest avoiding this hotel.",1,4 months ago,Google,Central Hyderabad
Hotel Bhargav Residency,ChkIsdq67KCys783Gg0vZy8xMXM1MGoxMDB0EAE,Hyderabad,"Latitude: 17.42426, Longitude: 78.4540694",,,2.9,23,Wi-Fi | Free parking | Room service,"by seeing nice photos don't fall into soup.
Too bad, too small congested room",1,6 months ago,Google,Central Hyderabad
Hotel Bhargav Residency,ChkIsdq67KCys783Gg0vZy8xMXM1MGoxMDB0EAE,Hyderabad,"Latitude: 17.42426, Longitude: 78.4540694",,,2.9,23,Wi-Fi | Free parking | Room service,Actually the real hotel has been shutoff long time ago but the website are not updated so the new person who has taken up the hotel serve the website booking unwillingfully and with lots of pain.,2,6 months ago,Google,Central Hyderabad
Hotel Bhargav Residency,ChkIsdq67KCys783Gg0vZy8xMXM1MGoxMDB0EAE,Hyderabad,"Latitude: 17.42426, Longitude: 78.4540694",,,2.9,23,Wi-Fi | Free parking | Room service,Never go to this hotel this people will ask for extra money  they will not give room of you pay in oyo app and they will ask for extra there room are themost terrible room I have been in OYO.if possible  i would  have given negative  star's,1,a year ago,Google,Central Hyderabad
Hotel Bhargav Residency,ChkIsdq67KCys783Gg0vZy8xMXM1MGoxMDB0EAE,Hyderabad,"Latitude: 17.42426, Longitude: 78.4540694",,,2.9,23,Wi-Fi | Free parking | Room service,"Very very bad hotel, they charge extra money and ask original proof, incase you have zerox, they don't give money back , very rowdy",1,a year ago,Google,Central Hyderabad
Hotel Bhargav Residency,ChkIsdq67KCys783Gg0vZy8xMXM1MGoxMDB0EAE,Hyderabad,"Latitude: 17.42426, Longitude: 78.4540694",,,2.9,23,Wi-Fi | Free parking | Room service,"Complaint:
Do not trust OYO Customer Care or SPOT ON BHARGAV RESIDENCE(Punjagutta, Hyderabad, Telangana 500082) hotel management. They only care about extorting money and willingly violate policies by providing rooms without verifying ID proofs.
Our Experience at SPOT ON BHARGAV RESIDENCE(Punjagutta, Hyderabad, Telangana 500082):
We pre-booked and fully paid (₹658) for a family room online.
We pre-booked and fully paid (₹658) for a family room online but we were not given a room.
At check-in, the hotel staff  demanded an extra ₹500 despite our payment.
When we refused and contacted OYO Customer Care, they colluded with the hotel manager (discussing in Hindi) and denied us the room.
Even after submitting my ID proof and my wife’s soft copy, they still refused entry unless we paid extra.
Only when we threatened to escalate the complaint did they pretend to resolve the issue—but by then, we had lost all trust.
Warning to Others:
SPOT ON BHARGAV RESIDENCE is untrustworthy and exploitative.
The hotel prioritizes illegal extra payments over customer safety.
Avoid booking here—your money and security are at risk.
Demand for Action:
OYO must investigate this fraud, take strict action against the hotel, and refund our payment with compensation for the harassment.
This version is clearer, more professional, and impactful while keeping your original concerns intact. Let me know if you'd like any further refinements!",1,a year ago,Google,Central Hyderabad
Hotel Bhargav Residency,ChkIsdq67KCys783Gg0vZy8xMXM1MGoxMDB0EAE,Hyderabad,"Latitude: 17.42426, Longitude: 78.4540694",,,2.9,23,Wi-Fi | Free parking | Room service,"Very very bad hotel, they charge extra money and ask original proof, incase you have zerox, they don't give money back , very rowdy fellows",1,a year ago,Google,Central Hyderabad
Hotel Bhargav Residency,ChkIsdq67KCys783Gg0vZy8xMXM1MGoxMDB0EAE,Hyderabad,"Latitude: 17.42426, Longitude: 78.4540694",,,2.9,23,Wi-Fi | Free parking | Room service,"Never trust the online person who affirms you for the booking, for all those first time stayers always  pay more and go for review, OYO is not a good option, the amenities are broken, do not trust what they show until you see on the site.",2,a year ago,Google,Central Hyderabad
Hotel Bhargav Residency,ChkIsdq67KCys783Gg0vZy8xMXM1MGoxMDB0EAE,Hyderabad,"Latitude: 17.42426, Longitude: 78.4540694",,,2.9,23,Wi-Fi | Free parking | Room service,"(Translated by Google) There's no such thing as a hotel here; only people who drink alcohol go to this hotel.
Don't book a room here by mistake.
I did, tweeting to OYO and getting a refund, but had to book another hotel.
Not suitable for anyone.
There's no such thing as a hotel here; only people who drink alcohol go to this hotel. Don't book a room here by mistake. I tweeted to OYO and got a refund and had to book another hotel. Not suitable for anyone.
(Original)
यहाँ पर कोई होटल जैसा कुछ भी नही है ये होटल मे only दारू पीने वाले लोग जाते है
यहाँ पर गलती से रूम बुक ना करे
मैने किया था OYO को tweet कर के refund लिया और दूसरा होटल बुक करना पड़ा
Not suitable for any one
There is no such thing as a hotel here, only people who drink alcohol go to this hotel. Don't book a room here by mistake I tweeted to OYO and got a refund and had to book another hotel. Not suitable for anyone",1,2 years ago,Google,Central Hyderabad
Hotel Bhargav Residency,ChkIsdq67KCys783Gg0vZy8xMXM1MGoxMDB0EAE,Hyderabad,"Latitude: 17.42426, Longitude: 78.4540694",,,2.9,23,Wi-Fi | Free parking | Room service,Good room good service good staff friendly staff good location best couple room' very nice good hotel,5,2 years ago,Google,Central Hyderabad
Hotel Bhargav Residency,ChkIsdq67KCys783Gg0vZy8xMXM1MGoxMDB0EAE,Hyderabad,"Latitude: 17.42426, Longitude: 78.4540694",,,2.9,23,Wi-Fi | Free parking | Room service,"The rooms are so dirty i.e. not cleaned properly.
No tv available as shown in photo's",2,3 years ago,Google,Central Hyderabad
Hotel Bhargav Residency,ChkIsdq67KCys783Gg0vZy8xMXM1MGoxMDB0EAE,Hyderabad,"Latitude: 17.42426, Longitude: 78.4540694",,,2.9,23,Wi-Fi | Free parking | Room service,Best stay in Hyderabad !! And the friendly nature with receptionist!! Vasu,5,4 years ago,Google,Central Hyderabad
Hotel Bhargav Residency,ChkIsdq67KCys783Gg0vZy8xMXM1MGoxMDB0EAE,Hyderabad,"Latitude: 17.42426, Longitude: 78.4540694",,,2.9,23,Wi-Fi | Free parking | Room service,It was a great experience be here. See you soon next visit haydrabad,5,4 years ago,Google,Central Hyderabad
Hotel Bhargav Residency,ChkIsdq67KCys783Gg0vZy8xMXM1MGoxMDB0EAE,Hyderabad,"Latitude: 17.42426, Longitude: 78.4540694",,,2.9,23,Wi-Fi | Free parking | Room service,"Nice place, very friendly atmosphere with staff ( vasu the receptionist)",5,4 years ago,Google,Central Hyderabad
Hotel O park,ChkIq4qJtrPvnbo-Gg0vZy8xMXNobmZmdnN6EAE,Hyderabad,"Latitude: 17.4266979, Longitude: 78.4518673",,,2.6,33,,Room was very neet and cleaned best service providing 😊 stay was very good 👍,5,a year ago,Google,Central Hyderabad
Hotel O park,ChkIq4qJtrPvnbo-Gg0vZy8xMXNobmZmdnN6EAE,Hyderabad,"Latitude: 17.4266979, Longitude: 78.4518673",,,2.6,33,,"Humble request you to all.....Don't stay this hotel. Not health for you and yours. Very very worst rooms and like horror movie rooms. Don't recommend this hotel at anyone. Worst attitude.  Lot of coakroaches and mouse. Bathroom cleaning very worst cleaning...they are not cleaned year of years......This hotel rooms odor is it possible to affect your health and you going to death when you sleep this hotel. When you leave this hotel , that smell is very affected on one day in your body.",1,a year ago,Google,Central Hyderabad
Hotel O park,ChkIq4qJtrPvnbo-Gg0vZy8xMXNobmZmdnN6EAE,Hyderabad,"Latitude: 17.4266979, Longitude: 78.4518673",,,2.6,33,,"Worst experience ever
Very dirty and not at all safe stay
Charged more than showed in the app very rude behavior
Please never choose this oyo facility",1,a year ago,Google,Central Hyderabad
Hotel O park,ChkIq4qJtrPvnbo-Gg0vZy8xMXNobmZmdnN6EAE,Hyderabad,"Latitude: 17.4266979, Longitude: 78.4518673",,,2.6,33,,Worst oyo worst service worst rooms worst toilet,1,2 years ago,Google,Central Hyderabad
Hotel O park,ChkIq4qJtrPvnbo-Gg0vZy8xMXNobmZmdnN6EAE,Hyderabad,"Latitude: 17.4266979, Longitude: 78.4518673",,,2.6,33,,Everything is worse here.  Never ever go,1,2 years ago,Google,Central Hyderabad
Hotel O park,ChkIq4qJtrPvnbo-Gg0vZy8xMXNobmZmdnN6EAE,Hyderabad,"Latitude: 17.4266979, Longitude: 78.4518673",,,2.6,33,,Bad service bad behavior,1,2 years ago,Google,Central Hyderabad
Hotel O park,ChkIq4qJtrPvnbo-Gg0vZy8xMXNobmZmdnN6EAE,Hyderabad,"Latitude: 17.4266979, Longitude: 78.4518673",,,2.6,33,,"(Translated by Google) Unfortunately everything is a horrible waste of money I could not stay here even for an hour this hotel was the most horrible till now it was just refreshing for me our room turned out to be very dirty first see the room then pay the money you will understand yourself
(Original)
Unfortunately everything is horrible waste of money main 1hr bhi nahi reh sakta tha is hotel main abhi tak sabse horrible tha ye mere liye bus fresh hua our nikal gaya bhut ganda room pehle room dekhna baad main paise dena tum Khud samjh jaoge",1,2 years ago,Google,Central Hyderabad
Hotel O park,ChkIq4qJtrPvnbo-Gg0vZy8xMXNobmZmdnN6EAE,Hyderabad,"Latitude: 17.4266979, Longitude: 78.4518673",,,2.6,33,,"Behaviour Is Too Good 👍😊,, If you don't talk to the owner here, you can't understand it. When you come here, talk to the owner openly. Then you will understand how good he is. If you have any problems, tell the owner directly. We will solve the problem. , There are some people who come here looking for a palace even with such low money,,, is that possible? Of course not,,,I have come here for the first time and I am impressed by their usage,,,I will say that first you come, take a room, if there is any problem tell the owner,,he will solve it,,thanks 🙏",5,2 years ago,Google,Central Hyderabad
Hotel O park,ChkIq4qJtrPvnbo-Gg0vZy8xMXNobmZmdnN6EAE,Hyderabad,"Latitude: 17.4266979, Longitude: 78.4518673",,,2.6,33,,Bad coustomer behaviour...Oyo booking they ask extra money for rooms bad rooms are available there ....they are providing bad service,1,2 years ago,Google,Central Hyderabad
Hotel O park,ChkIq4qJtrPvnbo-Gg0vZy8xMXNobmZmdnN6EAE,Hyderabad,"Latitude: 17.4266979, Longitude: 78.4518673",,,2.6,33,,"Room service & cleaning is good, friendly nature.",5,3 years ago,Google,Central Hyderabad
Hotel O park,ChkIq4qJtrPvnbo-Gg0vZy8xMXNobmZmdnN6EAE,Hyderabad,"Latitude: 17.4266979, Longitude: 78.4518673",,,2.6,33,,No higenic,1,3 years ago,Google,Central Hyderabad
Hotel O park,ChkIq4qJtrPvnbo-Gg0vZy8xMXNobmZmdnN6EAE,Hyderabad,"Latitude: 17.4266979, Longitude: 78.4518673",,,2.6,33,,"Worst room I've even seen,galeez service and maintenance",1,3 years ago,Google,Central Hyderabad
Hotel O park,ChkIq4qJtrPvnbo-Gg0vZy8xMXNobmZmdnN6EAE,Hyderabad,"Latitude: 17.4266979, Longitude: 78.4518673",,,2.6,33,,Location is very good. Room and Service is very poor,3,3 years ago,Google,Central Hyderabad
Hotel O park,ChkIq4qJtrPvnbo-Gg0vZy8xMXNobmZmdnN6EAE,Hyderabad,"Latitude: 17.4266979, Longitude: 78.4518673",,,2.6,33,,"I visited this hotel... Which was my worst experience like  washroom are not in proper condition and the bed , tv is also not working, and most importantly that hotel reception which is oyo owners or something was asking extra money and and the boy who shows the rooms that was also asking extra money ....",1,3 years ago,Google,Central Hyderabad
Hotel O park,ChkIq4qJtrPvnbo-Gg0vZy8xMXNobmZmdnN6EAE,Hyderabad,"Latitude: 17.4266979, Longitude: 78.4518673",,,2.6,33,,Miss behavior all staff and also manager and worst room ever,1,4 years ago,Google,Central Hyderabad
Hotel O park,ChkIq4qJtrPvnbo-Gg0vZy8xMXNobmZmdnN6EAE,Hyderabad,"Latitude: 17.4266979, Longitude: 78.4518673",,,2.6,33,,"Booked a room and got The Gate when confirming and suddenly a day before, got message that it has been changed to this hotel... not very good..no lift, rooms not as shown in the photos :(",1,4 years ago,Google,Central Hyderabad
Hotel O park,ChkIq4qJtrPvnbo-Gg0vZy8xMXNobmZmdnN6EAE,Hyderabad,"Latitude: 17.4266979, Longitude: 78.4518673",,,2.6,33,,Good average,3,4 years ago,Google,Central Hyderabad
Hotel O by OYO New Hitech Inn,ChkI69W50O2EpIGsARoML2cvMTJocTV0aDY1EAE,Hyderabad,"Latitude: 17.4234576, Longitude: 78.45452279999999",,3-star hotel,2.7,116,Free Wi-Fi | Room service | Airport shuttle | Smoke-free property,Worst experience,1,Edited 4 months ago,Google,Central Hyderabad
Hotel O by OYO New Hitech Inn,ChkI69W50O2EpIGsARoML2cvMTJocTV0aDY1EAE,Hyderabad,"Latitude: 17.4234576, Longitude: 78.45452279999999",,3-star hotel,2.7,116,Free Wi-Fi | Room service | Airport shuttle | Smoke-free property,"Their terms and conditions does not match with those available on Agoda.They bluntly said that it's fault at agodas end Blanket was very dirty and torn unhygienic.even after paying for extra adult they did not provide us with matterress.
How can 3 adult and 1 child sleep on double bed. 3rd day water supply was not there Taps and flush needs to be repaired.",1,11 months ago,Google,Central Hyderabad
Hotel O by OYO New Hitech Inn,ChkI69W50O2EpIGsARoML2cvMTJocTV0aDY1EAE,Hyderabad,"Latitude: 17.4234576, Longitude: 78.45452279999999",,3-star hotel,2.7,116,Free Wi-Fi | Room service | Airport shuttle | Smoke-free property,Good reception Good service boys,5,a year ago,Google,Central Hyderabad
Hotel O by OYO New Hitech Inn,ChkI69W50O2EpIGsARoML2cvMTJocTV0aDY1EAE,Hyderabad,"Latitude: 17.4234576, Longitude: 78.45452279999999",,3-star hotel,2.7,116,Free Wi-Fi | Room service | Airport shuttle | Smoke-free property,It was a very pleasant stay. Rooms are good and service was so nice.,5,a year ago,Google,Central Hyderabad
Hotel O by OYO New Hitech Inn,ChkI69W50O2EpIGsARoML2cvMTJocTV0aDY1EAE,Hyderabad,"Latitude: 17.4234576, Longitude: 78.45452279999999",,3-star hotel,2.7,116,Free Wi-Fi | Room service | Airport shuttle | Smoke-free property,No water supply in room even staff don't give us proper response to us.,1,2 years ago,Google,Central Hyderabad
Hotel O by OYO New Hitech Inn,ChkI69W50O2EpIGsARoML2cvMTJocTV0aDY1EAE,Hyderabad,"Latitude: 17.4234576, Longitude: 78.45452279999999",,3-star hotel,2.7,116,Free Wi-Fi | Room service | Airport shuttle | Smoke-free property,Excellent,5,2 years ago,Google,Central Hyderabad
Hotel O by OYO New Hitech Inn,ChkI69W50O2EpIGsARoML2cvMTJocTV0aDY1EAE,Hyderabad,"Latitude: 17.4234576, Longitude: 78.45452279999999",,3-star hotel,2.7,116,Free Wi-Fi | Room service | Airport shuttle | Smoke-free property,"Worst ever hotel have ever visited, not sure how OYO gave them their branding. I even rejected seeing further by just seeing one single room or going upstairs.
Hotel looks like very cheap and third class, dont even waist your time looking for its pics or visiting there, even building looks like it will collapse any moment.",1,2 years ago,Google,Central Hyderabad
Hotel O by OYO New Hitech Inn,ChkI69W50O2EpIGsARoML2cvMTJocTV0aDY1EAE,Hyderabad,"Latitude: 17.4234576, Longitude: 78.45452279999999",,3-star hotel,2.7,116,Free Wi-Fi | Room service | Airport shuttle | Smoke-free property,"This hotel is dirty and unhygienic. Located in prime location of Somajiguda, Hyderabad.
Bed sheets and pillow covers are dirty and looks like they are not changing it after room change. Bathroom heater not working so taken bath with cold water. Also bathroom window glasses broken and cover with news paper 😂. Forget about toiletries. We have to buy everything from outside.
Wifi is not available. TV is not working.
I think this hotel available in OYO list.
There is always Lauder noise of traffic from road. You will not able to slip in the night.
Generally people those who are visiting AIG hospital are coming to this hotel. All near by hotels are like this only.
@ Cost - They are quoting some other rates and if you bargain well then you will get room at very low cost. Cards are not accepted, only cash and mobile payment.
Parking is not available.
Overall very bad experience...",1,3 years ago,Google,Central Hyderabad
Hotel O by OYO New Hitech Inn,ChkI69W50O2EpIGsARoML2cvMTJocTV0aDY1EAE,Hyderabad,"Latitude: 17.4234576, Longitude: 78.45452279999999",,3-star hotel,2.7,116,Free Wi-Fi | Room service | Airport shuttle | Smoke-free property,"Worst room worst maintainance, waste lots of cockroaches, geyser not working, tv not working",1,3 years ago,Google,Central Hyderabad
Hotel O by OYO New Hitech Inn,ChkI69W50O2EpIGsARoML2cvMTJocTV0aDY1EAE,Hyderabad,"Latitude: 17.4234576, Longitude: 78.45452279999999",,3-star hotel,2.7,116,Free Wi-Fi | Room service | Airport shuttle | Smoke-free property,Very good Rooms management was good,4,3 years ago,Google,Central Hyderabad
Hotel O by OYO New Hitech Inn,ChkI69W50O2EpIGsARoML2cvMTJocTV0aDY1EAE,Hyderabad,"Latitude: 17.4234576, Longitude: 78.45452279999999",,3-star hotel,2.7,116,Free Wi-Fi | Room service | Airport shuttle | Smoke-free property,Good,5,4 years ago,Google,Central Hyderabad
Hotel O by OYO New Hitech Inn,ChkI69W50O2EpIGsARoML2cvMTJocTV0aDY1EAE,Hyderabad,"Latitude: 17.4234576, Longitude: 78.45452279999999",,3-star hotel,2.7,116,Free Wi-Fi | Room service | Airport shuttle | Smoke-free property,In this price room quality is not good and also hotel not provide good service of our hotel room,3,4 years ago,Google,Central Hyderabad
Hotel O by OYO New Hitech Inn,ChkI69W50O2EpIGsARoML2cvMTJocTV0aDY1EAE,Hyderabad,"Latitude: 17.4234576, Longitude: 78.45452279999999",,3-star hotel,2.7,116,Free Wi-Fi | Room service | Airport shuttle | Smoke-free property,Very comfortable place to stay here,5,4 years ago,Google,Central Hyderabad
Hotel O by OYO New Hitech Inn,ChkI69W50O2EpIGsARoML2cvMTJocTV0aDY1EAE,Hyderabad,"Latitude: 17.4234576, Longitude: 78.45452279999999",,3-star hotel,2.7,116,Free Wi-Fi | Room service | Airport shuttle | Smoke-free property,"(Translated by Google) Even if your budget is low, don't go to this lodge.
(Original)
Agar budget Kam bhi ho to nahi jana is lodge me",1,4 years ago,Google,Central Hyderabad
Hotel O by OYO New Hitech Inn,ChkI69W50O2EpIGsARoML2cvMTJocTV0aDY1EAE,Hyderabad,"Latitude: 17.4234576, Longitude: 78.45452279999999",,3-star hotel,2.7,116,Free Wi-Fi | Room service | Airport shuttle | Smoke-free property,Worst hotel in that locality 🤮,1,4 years ago,Google,Central Hyderabad
Hotel O by OYO New Hitech Inn,ChkI69W50O2EpIGsARoML2cvMTJocTV0aDY1EAE,Hyderabad,"Latitude: 17.4234576, Longitude: 78.45452279999999",,3-star hotel,2.7,116,Free Wi-Fi | Room service | Airport shuttle | Smoke-free property,"(Translated by Google) The first religious hotel in Oyo was built in 1960...
(Original)
Asalu dini hotel anataaniki Oyo vaadiki ayna siggu undaali...",1,4 years ago,Google,Central Hyderabad
OYO 76860 Hotel Sai Residency,ChgImNCYsOvfpch_GgwvZy8xaGhqdnFqMXIQAQ,Hyderabad,"Latitude: 17.432607, Longitude: 78.446564",,3-star hotel,3.1,404,Wi-Fi | Parking | Pool | Air conditioning | Restaurant | Room service | Full-service laundry,"(Translated by Google) Reduce your money a little, brother. Everything else is fine.
(Original)
Paisa thoda Kum kroo bhai
Baki sab thik thak hi hai",5,6 months ago,Google,Central Hyderabad
OYO 76860 Hotel Sai Residency,ChgImNCYsOvfpch_GgwvZy8xaGhqdnFqMXIQAQ,Hyderabad,"Latitude: 17.432607, Longitude: 78.446564",,3-star hotel,3.1,404,Wi-Fi | Parking | Pool | Air conditioning | Restaurant | Room service | Full-service laundry,"Worst room experience, poor service, rude staff, worst bed sheets.",1,a year ago,Google,Central Hyderabad
OYO 76860 Hotel Sai Residency,ChgImNCYsOvfpch_GgwvZy8xaGhqdnFqMXIQAQ,Hyderabad,"Latitude: 17.432607, Longitude: 78.446564",,3-star hotel,3.1,404,Wi-Fi | Parking | Pool | Air conditioning | Restaurant | Room service | Full-service laundry,Good,5,2 years ago,Google,Central Hyderabad
OYO 76860 Hotel Sai Residency,ChgImNCYsOvfpch_GgwvZy8xaGhqdnFqMXIQAQ,Hyderabad,"Latitude: 17.432607, Longitude: 78.446564",,3-star hotel,3.1,404,Wi-Fi | Parking | Pool | Air conditioning | Restaurant | Room service | Full-service laundry,Worst experience about my 3days stay,2,2 years ago,Google,Central Hyderabad
OYO 76860 Hotel Sai Residency,ChgImNCYsOvfpch_GgwvZy8xaGhqdnFqMXIQAQ,Hyderabad,"Latitude: 17.432607, Longitude: 78.446564",,3-star hotel,3.1,404,Wi-Fi | Parking | Pool | Air conditioning | Restaurant | Room service | Full-service laundry,"Average hotel,   rooms not good
AC remote not working, water is leaking from the AC room floor full of water
Heater not working
Toilet flush not working
Not even one good point in this hotel
First they allotted a room in 5th floor after my complaint they shifted to the Second floor room which also had a lot of complaints
They need to work maintenance",3,3 years ago,Google,Central Hyderabad
OYO 76860 Hotel Sai Residency,ChgImNCYsOvfpch_GgwvZy8xaGhqdnFqMXIQAQ,Hyderabad,"Latitude: 17.432607, Longitude: 78.446564",,3-star hotel,3.1,404,Wi-Fi | Parking | Pool | Air conditioning | Restaurant | Room service | Full-service laundry,"(Translated by Google) When there is no other option in an unknown village, we tend to accept whatever is available nearby. This is a decent hotel. I didn't like it at first glance, but the manager opened a special room to prevent me from leaving, which I liked a little, so I stayed for two days. Since it was on the main road, the traffic of vehicles kept on coming till late. I also took advantage of the fact that there was a big market nearby.
(Original)
અજાણ્યા ગામમાં વિકલ્પ ન હોય ત્યારે નજીક જે મળે તે સ્વીકારી લઈએ એવો અમારો સ્વભાવ છે. આ એક ઠીક-ઠીક હોટલ છે. રહેવા માટે પહેલી નજરે ન ગમે પણ મેનેજરે મને જતો અટકાવવા એક ખાસ રૂમ ખોલી આપ્યો જે મને થોડોક ગમ્યો એટલે બે દિવસ રોકાણ કર્યું. મુખ્ય રોડ ઉપર હોવાથી મોડે સુધી વાહનોની અવરજવર કાને પડતી રહેતી. એમ તો આસપાસ મોટી માર્કેટ હોવાનો ફાયદો પણ લીધો.",3,3 years ago,Google,Central Hyderabad
OYO 76860 Hotel Sai Residency,ChgImNCYsOvfpch_GgwvZy8xaGhqdnFqMXIQAQ,Hyderabad,"Latitude: 17.432607, Longitude: 78.446564",,3-star hotel,3.1,404,Wi-Fi | Parking | Pool | Air conditioning | Restaurant | Room service | Full-service laundry,"(Translated by Google) Us
(Original)
Okk",4,3 years ago,Google,Central Hyderabad
OYO 76860 Hotel Sai Residency,ChgImNCYsOvfpch_GgwvZy8xaGhqdnFqMXIQAQ,Hyderabad,"Latitude: 17.432607, Longitude: 78.446564",,3-star hotel,3.1,404,Wi-Fi | Parking | Pool | Air conditioning | Restaurant | Room service | Full-service laundry,"Location is good , but they charge too much as compare to rooms. And they are so deaparate for their charges. For me when i stayed there they asked for rent before the day ends. And they dont be available for any services..and yes they dont provide soap or good towel and bed cover ..",2,3 years ago,Google,Central Hyderabad
OYO 76860 Hotel Sai Residency,ChgImNCYsOvfpch_GgwvZy8xaGhqdnFqMXIQAQ,Hyderabad,"Latitude: 17.432607, Longitude: 78.446564",,3-star hotel,3.1,404,Wi-Fi | Parking | Pool | Air conditioning | Restaurant | Room service | Full-service laundry,Amazing services,5,3 years ago,Google,Central Hyderabad
OYO 76860 Hotel Sai Residency,ChgImNCYsOvfpch_GgwvZy8xaGhqdnFqMXIQAQ,Hyderabad,"Latitude: 17.432607, Longitude: 78.446564",,3-star hotel,3.1,404,Wi-Fi | Parking | Pool | Air conditioning | Restaurant | Room service | Full-service laundry,"Not worth for money, There is no hot water, no TV and no cleanliness also, we really disappointed",1,3 years ago,Google,Central Hyderabad
SPOT ON Pummy Lodge Near Lumbini Park,ChcI-L2UgNWMg-85GgsvZy8xdHhmbWx2YhAB,Hyderabad,"Latitude: 17.426009999999998, Longitude: 78.453008",,2-star hotel,2.4,128,Free breakfast | Free Wi-Fi | Parking ($) | Room service | Kitchen in some rooms | Full-service laundry | Kid-friendly | Smoke-free property,Waste lodge don't go they don't even change bedsheet and clean rooms before check-in,1,2 months ago,Google,Central Hyderabad
SPOT ON Pummy Lodge Near Lumbini Park,ChcI-L2UgNWMg-85GgsvZy8xdHhmbWx2YhAB,Hyderabad,"Latitude: 17.426009999999998, Longitude: 78.453008",,2-star hotel,2.4,128,Free breakfast | Free Wi-Fi | Parking ($) | Room service | Kitchen in some rooms | Full-service laundry | Kid-friendly | Smoke-free property,One of the bad stay of my life,1,3 years ago,Google,Central Hyderabad
SPOT ON Pummy Lodge Near Lumbini Park,ChcI-L2UgNWMg-85GgsvZy8xdHhmbWx2YhAB,Hyderabad,"Latitude: 17.426009999999998, Longitude: 78.453008",,2-star hotel,2.4,128,Free breakfast | Free Wi-Fi | Parking ($) | Room service | Kitchen in some rooms | Full-service laundry | Kid-friendly | Smoke-free property,"(Translated by Google) Very friendly staff. The conditions are commensurate with the price, but for real travelers it is the ideal place to stay - in the center and cheap.
(Original)
Personal foarte amabil. Condițiile sunt pe măsura prețului, dar pentru adevărații călători este locul ideal de cazare - în centru și ieftin.",4,3 years ago,Google,Central Hyderabad
SPOT ON Pummy Lodge Near Lumbini Park,ChcI-L2UgNWMg-85GgsvZy8xdHhmbWx2YhAB,Hyderabad,"Latitude: 17.426009999999998, Longitude: 78.453008",,2-star hotel,2.4,128,Free breakfast | Free Wi-Fi | Parking ($) | Room service | Kitchen in some rooms | Full-service laundry | Kid-friendly | Smoke-free property,"Maitainance is not good, it is in prime area but maitainance to be improve",1,4 years ago,Google,Central Hyderabad
SPOT ON Pummy Lodge Near Lumbini Park,ChcI-L2UgNWMg-85GgsvZy8xdHhmbWx2YhAB,Hyderabad,"Latitude: 17.426009999999998, Longitude: 78.453008",,2-star hotel,2.4,128,Free breakfast | Free Wi-Fi | Parking ($) | Room service | Kitchen in some rooms | Full-service laundry | Kid-friendly | Smoke-free property,Waste to visit this please don't go,1,4 years ago,Google,Central Hyderabad
SPOT ON Pummy Lodge Near Lumbini Park,ChcI-L2UgNWMg-85GgsvZy8xdHhmbWx2YhAB,Hyderabad,"Latitude: 17.426009999999998, Longitude: 78.453008",,2-star hotel,2.4,128,Free breakfast | Free Wi-Fi | Parking ($) | Room service | Kitchen in some rooms | Full-service laundry | Kid-friendly | Smoke-free property,i would like to say dont visit,1,4 years ago,Google,Central Hyderabad
SPOT ON Pummy Lodge Near Lumbini Park,ChcI-L2UgNWMg-85GgsvZy8xdHhmbWx2YhAB,Hyderabad,"Latitude: 17.426009999999998, Longitude: 78.453008",,2-star hotel,2.4,128,Free breakfast | Free Wi-Fi | Parking ($) | Room service | Kitchen in some rooms | Full-service laundry | Kid-friendly | Smoke-free property,Ok,1,4 years ago,Google,Central Hyderabad
SPOT ON Pummy Lodge Near Lumbini Park,ChcI-L2UgNWMg-85GgsvZy8xdHhmbWx2YhAB,Hyderabad,"Latitude: 17.426009999999998, Longitude: 78.453008",,2-star hotel,2.4,128,Free breakfast | Free Wi-Fi | Parking ($) | Room service | Kitchen in some rooms | Full-service laundry | Kid-friendly | Smoke-free property,"Worst experience
Very bad maintenance",1,4 years ago,Google,Central Hyderabad
SPOT ON Pummy Lodge Near Lumbini Park,ChcI-L2UgNWMg-85GgsvZy8xdHhmbWx2YhAB,Hyderabad,"Latitude: 17.426009999999998, Longitude: 78.453008",,2-star hotel,2.4,128,Free breakfast | Free Wi-Fi | Parking ($) | Room service | Kitchen in some rooms | Full-service laundry | Kid-friendly | Smoke-free property,It is worth ever hotel ever visited,1,4 years ago,Google,Central Hyderabad
SPOT ON Pummy Lodge Near Lumbini Park,ChcI-L2UgNWMg-85GgsvZy8xdHhmbWx2YhAB,Hyderabad,"Latitude: 17.426009999999998, Longitude: 78.453008",,2-star hotel,2.4,128,Free breakfast | Free Wi-Fi | Parking ($) | Room service | Kitchen in some rooms | Full-service laundry | Kid-friendly | Smoke-free property,"Worst place, worst maintenance, and noisy place",1,4 years ago,Google,Central Hyderabad
SPOT ON Pummy Lodge Near Lumbini Park,ChcI-L2UgNWMg-85GgsvZy8xdHhmbWx2YhAB,Hyderabad,"Latitude: 17.426009999999998, Longitude: 78.453008",,2-star hotel,2.4,128,Free breakfast | Free Wi-Fi | Parking ($) | Room service | Kitchen in some rooms | Full-service laundry | Kid-friendly | Smoke-free property,Couldn't be worst experience then this,1,5 years ago,Google,Central Hyderabad
SPOT ON Pummy Lodge Near Lumbini Park,ChcI-L2UgNWMg-85GgsvZy8xdHhmbWx2YhAB,Hyderabad,"Latitude: 17.426009999999998, Longitude: 78.453008",,2-star hotel,2.4,128,Free breakfast | Free Wi-Fi | Parking ($) | Room service | Kitchen in some rooms | Full-service laundry | Kid-friendly | Smoke-free property,Best place,5,5 years ago,Google,Central Hyderabad
SPOT ON Pummy Lodge Near Lumbini Park,ChcI-L2UgNWMg-85GgsvZy8xdHhmbWx2YhAB,Hyderabad,"Latitude: 17.426009999999998, Longitude: 78.453008",,2-star hotel,2.4,128,Free breakfast | Free Wi-Fi | Parking ($) | Room service | Kitchen in some rooms | Full-service laundry | Kid-friendly | Smoke-free property,"Pathetic.. Not even worth of 1 start. Please dont visit this hotel. Totaly crampedand dirty rooms, no proper ventilation, 20 years old building with any maintenance",1,5 years ago,Google,Central Hyderabad
SPOT ON Pummy Lodge Near Lumbini Park,ChcI-L2UgNWMg-85GgsvZy8xdHhmbWx2YhAB,Hyderabad,"Latitude: 17.426009999999998, Longitude: 78.453008",,2-star hotel,2.4,128,Free breakfast | Free Wi-Fi | Parking ($) | Room service | Kitchen in some rooms | Full-service laundry | Kid-friendly | Smoke-free property,Worst hotel 🙏 don't stay here,1,5 years ago,Google,Central Hyderabad
SPOT ON Pummy Lodge Near Lumbini Park,ChcI-L2UgNWMg-85GgsvZy8xdHhmbWx2YhAB,Hyderabad,"Latitude: 17.426009999999998, Longitude: 78.453008",,2-star hotel,2.4,128,Free breakfast | Free Wi-Fi | Parking ($) | Room service | Kitchen in some rooms | Full-service laundry | Kid-friendly | Smoke-free property,No cleaning waste,1,5 years ago,Google,Central Hyderabad
OYO Sucasa Homes,ChkI6I6m5ZP3wMZ0Gg0vZy8xMWMyMGMxc243EAE,Hyderabad,"Latitude: 17.4235953, Longitude: 78.455156",,2-star hotel,4.0,359,Free breakfast | Free Wi-Fi | Free parking | Pool | Air conditioning | Room service | Kitchen | Kid-friendly,"We Stayed at the Cavalieri Art Hotel in Saint Julian's Malta on 9th april for 4 nights my daughter and myself from the moment we walked in to Reception we got a warm welcome and could feel a great Atmosphere it truly felt like home away from home. I'm Gluten and Dairy free.The staff looked after me so well. The Chef Shashi Kant) was outstanding made delicious Breakfast and Dinners all adapted meals to suit my dietary requirements,and came out and chatted to us as did the other staff-- Momuela and Treesa on reception was so kind and helpful. --Borche Baconoir made the best Moctails ever,  Sorthak was very attentive during meals. as was all of the staff.  Every one of the team were so pleasant and friendly and making sure that everything was right, they went above and beyond, I cant praise this hotel enough they give it 110% Thanks to all the Team for making our stay so special, We would definetly recommend it and we will be back next year. keep up the great work and Thanks again",5,5 months ago,Tripadvisor,Central Hyderabad
OYO Sucasa Homes,ChkI6I6m5ZP3wMZ0Gg0vZy8xMWMyMGMxc243EAE,Hyderabad,"Latitude: 17.4235953, Longitude: 78.455156",,2-star hotel,4.0,359,Free breakfast | Free Wi-Fi | Free parking | Pool | Air conditioning | Room service | Kitchen | Kid-friendly,"Its very near to Yashoda Hospital, Deccan Hospitals & many others hospitals at Somajiguda.  It has kitchen facility thats help the patient & his or her attendants to manage their foods my themselves.",4,2 years ago,Google,Central Hyderabad
OYO Sucasa Homes,ChkI6I6m5ZP3wMZ0Gg0vZy8xMWMyMGMxc243EAE,Hyderabad,"Latitude: 17.4235953, Longitude: 78.455156",,2-star hotel,4.0,359,Free breakfast | Free Wi-Fi | Free parking | Pool | Air conditioning | Room service | Kitchen | Kid-friendly,The rooms and the hospitality was very good and the reception members are very nice people and their maintenance and Everything is totally good and prices are reasonable ❤️,5,2 years ago,Google,Central Hyderabad
OYO Sucasa Homes,ChkI6I6m5ZP3wMZ0Gg0vZy8xMWMyMGMxc243EAE,Hyderabad,"Latitude: 17.4235953, Longitude: 78.455156",,2-star hotel,4.0,359,Free breakfast | Free Wi-Fi | Free parking | Pool | Air conditioning | Room service | Kitchen | Kid-friendly,Very disoppointed☹️☹️☹️,1,3 years ago,Google,Central Hyderabad
OYO Sucasa Homes,ChkI6I6m5ZP3wMZ0Gg0vZy8xMWMyMGMxc243EAE,Hyderabad,"Latitude: 17.4235953, Longitude: 78.455156",,2-star hotel,4.0,359,Free breakfast | Free Wi-Fi | Free parking | Pool | Air conditioning | Room service | Kitchen | Kid-friendly,Please don't go to this hotel waste of money,1,4 years ago,Google,Central Hyderabad
OYO Sucasa Homes,ChkI6I6m5ZP3wMZ0Gg0vZy8xMWMyMGMxc243EAE,Hyderabad,"Latitude: 17.4235953, Longitude: 78.455156",,2-star hotel,4.0,359,Free breakfast | Free Wi-Fi | Free parking | Pool | Air conditioning | Room service | Kitchen | Kid-friendly,HAPPY journey STAY WITH SUCASA HOME,5,4 years ago,Google,Central Hyderabad
OYO Sucasa Homes,ChkI6I6m5ZP3wMZ0Gg0vZy8xMWMyMGMxc243EAE,Hyderabad,"Latitude: 17.4235953, Longitude: 78.455156",,2-star hotel,4.0,359,Free breakfast | Free Wi-Fi | Free parking | Pool | Air conditioning | Room service | Kitchen | Kid-friendly,Good,5,Edited 5 years ago,Google,Central Hyderabad
OYO Sucasa Homes,ChkI6I6m5ZP3wMZ0Gg0vZy8xMWMyMGMxc243EAE,Hyderabad,"Latitude: 17.4235953, Longitude: 78.455156",,2-star hotel,4.0,359,Free breakfast | Free Wi-Fi | Free parking | Pool | Air conditioning | Room service | Kitchen | Kid-friendly,This place is so good as well as their service/behaviour.,5,5 years ago,Google,Central Hyderabad
OYO Sucasa Homes,ChkI6I6m5ZP3wMZ0Gg0vZy8xMWMyMGMxc243EAE,Hyderabad,"Latitude: 17.4235953, Longitude: 78.455156",,2-star hotel,4.0,359,Free breakfast | Free Wi-Fi | Free parking | Pool | Air conditioning | Room service | Kitchen | Kid-friendly,"The place is homely. The advertised price services are available and delivered. The environment is neat, serene and secure. However, the cost is a bit over priced for an accommodation in a low cost area. Overall, the place is okay and highly recommended especially for visitors from outside India.",3,5 years ago,Google,Central Hyderabad
OYO Sucasa Homes,ChkI6I6m5ZP3wMZ0Gg0vZy8xMWMyMGMxc243EAE,Hyderabad,"Latitude: 17.4235953, Longitude: 78.455156",,2-star hotel,4.0,359,Free breakfast | Free Wi-Fi | Free parking | Pool | Air conditioning | Room service | Kitchen | Kid-friendly,"Good hotel like home , excellent rooms very specious and luxury",5,5 years ago,Google,Central Hyderabad
HOTEL SRI RAJA RAJESHWARI LODGE,ChkIj_bTq-T5kMYbGg0vZy8xMWZuMW01N25rEAE,Hyderabad,"Latitude: 17.4273505, Longitude: 78.451073",,,4.8,12,,Rooms neet and clean compatible,5,6 years ago,Google,Central Hyderabad
HOTEL SRI RAJA RAJESHWARI LODGE,ChkIj_bTq-T5kMYbGg0vZy8xMWZuMW01N25rEAE,Hyderabad,"Latitude: 17.4273505, Longitude: 78.451073",,,4.8,12,,Good behavior & good service.,4,6 years ago,Google,Central Hyderabad
HOTEL SRI RAJA RAJESHWARI LODGE,ChkIj_bTq-T5kMYbGg0vZy8xMWZuMW01N25rEAE,Hyderabad,"Latitude: 17.4273505, Longitude: 78.451073",,,4.8,12,,It's fabulous..,5,6 years ago,Google,Central Hyderabad
HOTEL SRI RAJA RAJESHWARI LODGE,ChkIj_bTq-T5kMYbGg0vZy8xMWZuMW01N25rEAE,Hyderabad,"Latitude: 17.4273505, Longitude: 78.451073",,,4.8,12,,good service good responce and immediate sort out any incomplete feel,5,7 years ago,Google,Central Hyderabad
HOTEL SRI RAJA RAJESHWARI LODGE,ChkIj_bTq-T5kMYbGg0vZy8xMWZuMW01N25rEAE,Hyderabad,"Latitude: 17.4273505, Longitude: 78.451073",,,4.8,12,,Good service and nice place normal price in lodge rooms,5,7 years ago,Google,Central Hyderabad
Mounika Rest House Lodge,ChgIhuLRg7qTtcwMGgwvZy8xMmhrOW43MTAQAQ,Hyderabad,"Latitude: 17.4264166, Longitude: 78.45177819999999",,,2.8,25,,Awesome,5,6 months ago,Google,Central Hyderabad
Mounika Rest House Lodge,ChgIhuLRg7qTtcwMGgwvZy8xMmhrOW43MTAQAQ,Hyderabad,"Latitude: 17.4264166, Longitude: 78.45177819999999",,,2.8,25,,"No service, high price low maintenance",1,3 years ago,Google,Central Hyderabad
Mounika Rest House Lodge,ChgIhuLRg7qTtcwMGgwvZy8xMmhrOW43MTAQAQ,Hyderabad,"Latitude: 17.4264166, Longitude: 78.45177819999999",,,2.8,25,,Pathetic service,1,4 years ago,Google,Central Hyderabad
Mounika Rest House Lodge,ChgIhuLRg7qTtcwMGgwvZy8xMmhrOW43MTAQAQ,Hyderabad,"Latitude: 17.4264166, Longitude: 78.45177819999999",,,2.8,25,,"Lot of sound pollution as it's adjacent to Nagarjuna circle.
Smoking smell in rooms.",2,4 years ago,Google,Central Hyderabad
Mounika Rest House Lodge,ChgIhuLRg7qTtcwMGgwvZy8xMmhrOW43MTAQAQ,Hyderabad,"Latitude: 17.4264166, Longitude: 78.45177819999999",,,2.8,25,,Cool place,5,5 years ago,Google,Central Hyderabad
Mounika Rest House Lodge,ChgIhuLRg7qTtcwMGgwvZy8xMmhrOW43MTAQAQ,Hyderabad,"Latitude: 17.4264166, Longitude: 78.45177819999999",,,2.8,25,,This is  a  very   famous  good place to stay with  best service and also  facility. The room is  well furnished with  colour TV  nice furniture. The food  served is also good and  room service is  very  prompt. The  tariff is  reasonable.,4,6 years ago,Tripadvisor,Central Hyderabad
Mounika Rest House Lodge,ChgIhuLRg7qTtcwMGgwvZy8xMmhrOW43MTAQAQ,Hyderabad,"Latitude: 17.4264166, Longitude: 78.45177819999999",,,2.8,25,,Not good,1,7 years ago,Google,Central Hyderabad
Mounika Rest House Lodge,ChgIhuLRg7qTtcwMGgwvZy8xMmhrOW43MTAQAQ,Hyderabad,"Latitude: 17.4264166, Longitude: 78.45177819999999",,,2.8,25,,Best place for rest,4,7 years ago,Google,Central Hyderabad
Mounika Rest House Lodge,ChgIhuLRg7qTtcwMGgwvZy8xMmhrOW43MTAQAQ,Hyderabad,"Latitude: 17.4264166, Longitude: 78.45177819999999",,,2.8,25,,Exact location,5,7 years ago,Google,Central Hyderabad
Mounika Rest House Lodge,ChgIhuLRg7qTtcwMGgwvZy8xMmhrOW43MTAQAQ,Hyderabad,"Latitude: 17.4264166, Longitude: 78.45177819999999",,,2.8,25,,The worst service,1,7 years ago,Google,Central Hyderabad
Mounika Rest House Lodge,ChgIhuLRg7qTtcwMGgwvZy8xMmhrOW43MTAQAQ,Hyderabad,"Latitude: 17.4264166, Longitude: 78.45177819999999",,,2.8,25,,Very bad,1,7 years ago,Google,Central Hyderabad
Mounika Rest House Lodge,ChgIhuLRg7qTtcwMGgwvZy8xMmhrOW43MTAQAQ,Hyderabad,"Latitude: 17.4264166, Longitude: 78.45177819999999",,,2.8,25,,Good service at lacking behind in customer service..,3,7 years ago,Google,Central Hyderabad
Mounika Rest House Lodge,ChgIhuLRg7qTtcwMGgwvZy8xMmhrOW43MTAQAQ,Hyderabad,"Latitude: 17.4264166, Longitude: 78.45177819999999",,,2.8,25,,Old lodge,1,7 years ago,Google,Central Hyderabad
Mounika Rest House Lodge,ChgIhuLRg7qTtcwMGgwvZy8xMmhrOW43MTAQAQ,Hyderabad,"Latitude: 17.4264166, Longitude: 78.45177819999999",,,2.8,25,,Service is not so good cleaniness is not their,2,8 years ago,Google,Central Hyderabad
Mounika Rest House Lodge,ChgIhuLRg7qTtcwMGgwvZy8xMmhrOW43MTAQAQ,Hyderabad,"Latitude: 17.4264166, Longitude: 78.45177819999999",,,2.8,25,,Facilities are poor,3,9 years ago,Google,Central Hyderabad
Mounika Rest House Lodge,ChgIhuLRg7qTtcwMGgwvZy8xMmhrOW43MTAQAQ,Hyderabad,"Latitude: 17.4264166, Longitude: 78.45177819999999",,,2.8,25,,Its not a lodge an public bathroom.They cheated me with photos online through paytm...,1,10 years ago,Google,Central Hyderabad
HOTEL CLASSIC INN,ChgI4vyDv4uyuUUaDS9nLzExeDk1bWh0MnMQAQ,Hyderabad,"Latitude: 17.427654399999998, Longitude: 78.4521627",,,1.0,1,,"Waste of money, time, not hygienic, no power back up also properly for WiFi, room lights etc , better to look for other alternatives in Ameerpet n Begumpet etc",1,6 months ago,Google,Central Hyderabad
LIVE as HYD1795,ChcIrtb1wsW79YFBGgsvZy8xdGpmOHFnNxAB,Hyderabad,"Latitude: 17.434286, Longitude: 78.44791",,3-star hotel,3.4,532,Free breakfast | Wi-Fi | Parking | Air conditioning | Room service | Kid-friendly,very good service cleanliness and staff member is very good,5,Edited 2 months ago,Google,Central Hyderabad
LIVE as HYD1795,ChcIrtb1wsW79YFBGgsvZy8xdGpmOHFnNxAB,Hyderabad,"Latitude: 17.434286, Longitude: 78.44791",,3-star hotel,3.4,532,Free breakfast | Wi-Fi | Parking | Air conditioning | Room service | Kid-friendly,Worst experience,1,2 years ago,Google,Central Hyderabad
LIVE as HYD1795,ChcIrtb1wsW79YFBGgsvZy8xdGpmOHFnNxAB,Hyderabad,"Latitude: 17.434286, Longitude: 78.44791",,3-star hotel,3.4,532,Free breakfast | Wi-Fi | Parking | Air conditioning | Room service | Kid-friendly,Staff is very good here.....,5,Edited 3 years ago,Google,Central Hyderabad
LIVE as HYD1795,ChcIrtb1wsW79YFBGgsvZy8xdGpmOHFnNxAB,Hyderabad,"Latitude: 17.434286, Longitude: 78.44791",,3-star hotel,3.4,532,Free breakfast | Wi-Fi | Parking | Air conditioning | Room service | Kid-friendly,Cleanliness required pathetic service and cleanliness is not their at all some staff are good their but Hotel facilities are very very bad.,2,Edited 5 years ago,Google,Central Hyderabad
LIVE as HYD1795,ChcIrtb1wsW79YFBGgsvZy8xdGpmOHFnNxAB,Hyderabad,"Latitude: 17.434286, Longitude: 78.44791",,3-star hotel,3.4,532,Free breakfast | Wi-Fi | Parking | Air conditioning | Room service | Kid-friendly,"Extremely budget friendly and situated in marketplace. A durga temple is there, fruits, sweets and many clothe shops near by.
But!
Hotel staffs aren't helpful at all!
a skinny rowdy guy was there when I asked him to change the room he not only refused but asked to go to another hotel.
they are like ""abhi hu jayega 5mins"" but it will take forever,
one of them even snatched my phone to give five stars to themselves on goibibo and what they written there was ""very nice, and helpful staffs"" lol!
and it seems they don't purify sewage water.",2,Edited 6 years ago,Google,Central Hyderabad
LIVE as HYD1795,ChcIrtb1wsW79YFBGgsvZy8xdGpmOHFnNxAB,Hyderabad,"Latitude: 17.434286, Longitude: 78.44791",,3-star hotel,3.4,532,Free breakfast | Wi-Fi | Parking | Air conditioning | Room service | Kid-friendly,Need neatness,2,6 years ago,Google,Central Hyderabad
LIVE as HYD1795,ChcIrtb1wsW79YFBGgsvZy8xdGpmOHFnNxAB,Hyderabad,"Latitude: 17.434286, Longitude: 78.44791",,3-star hotel,3.4,532,Free breakfast | Wi-Fi | Parking | Air conditioning | Room service | Kid-friendly,Not great place,2,6 years ago,Google,Central Hyderabad
LIVE as HYD1795,ChcIrtb1wsW79YFBGgsvZy8xdGpmOHFnNxAB,Hyderabad,"Latitude: 17.434286, Longitude: 78.44791",,3-star hotel,3.4,532,Free breakfast | Wi-Fi | Parking | Air conditioning | Room service | Kid-friendly,Okay,3,6 years ago,Google,Central Hyderabad
LIVE as HYD1795,ChcIrtb1wsW79YFBGgsvZy8xdGpmOHFnNxAB,Hyderabad,"Latitude: 17.434286, Longitude: 78.44791",,3-star hotel,3.4,532,Free breakfast | Wi-Fi | Parking | Air conditioning | Room service | Kid-friendly,Just ok,4,6 years ago,Google,Central Hyderabad
LIVE as HYD1795,ChcIrtb1wsW79YFBGgsvZy8xdGpmOHFnNxAB,Hyderabad,"Latitude: 17.434286, Longitude: 78.44791",,3-star hotel,3.4,532,Free breakfast | Wi-Fi | Parking | Air conditioning | Room service | Kid-friendly,Stay was okey,4,6 years ago,Google,Central Hyderabad
OYO 40870 Hotel Sai Seven Hills Residency,ChoIvvrhgbCdh66SARoNL2cvMTFoZHE4MzFoOBAB,Hyderabad,"Latitude: 17.4330611, Longitude: 78.4469359",,3-star hotel,2.8,167,Free breakfast | Wi-Fi | Parking | Air conditioning | Room service | Kitchen in some rooms | Full-service laundry | Smoke-free property,"I had the worst experience ever ,the guy talks absolute rubbish , didnt even see that customer is very old and rooms and services is totally shit, the rooms pics which is uploaded is featured wrong ,and I don't have 0 rating option otherwise I would give 0 stars or even minus for the services....
I had no choice has came for medical reasons and due to festival everywhere booked ...
My personal suggestion never ever come to this lodge...",1,4 weeks ago,Google,Central Hyderabad
OYO 40870 Hotel Sai Seven Hills Residency,ChoIvvrhgbCdh66SARoNL2cvMTFoZHE4MzFoOBAB,Hyderabad,"Latitude: 17.4330611, Longitude: 78.4469359",,3-star hotel,2.8,167,Free breakfast | Wi-Fi | Parking | Air conditioning | Room service | Kitchen in some rooms | Full-service laundry | Smoke-free property,Worst experience,1,3 months ago,Google,Central Hyderabad
OYO 40870 Hotel Sai Seven Hills Residency,ChoIvvrhgbCdh66SARoNL2cvMTFoZHE4MzFoOBAB,Hyderabad,"Latitude: 17.4330611, Longitude: 78.4469359",,3-star hotel,2.8,167,Free breakfast | Wi-Fi | Parking | Air conditioning | Room service | Kitchen in some rooms | Full-service laundry | Smoke-free property,"Low price and average neetness, good staff",5,7 months ago,Google,Central Hyderabad
OYO 40870 Hotel Sai Seven Hills Residency,ChoIvvrhgbCdh66SARoNL2cvMTFoZHE4MzFoOBAB,Hyderabad,"Latitude: 17.4330611, Longitude: 78.4469359",,3-star hotel,2.8,167,Free breakfast | Wi-Fi | Parking | Air conditioning | Room service | Kitchen in some rooms | Full-service laundry | Smoke-free property,"After doing service the service boy will be demand the amount and the location also extreme worst and price also not worth
Normal room 1200
Ac room room 1800",2,Edited 8 months ago,Google,Central Hyderabad
OYO 40870 Hotel Sai Seven Hills Residency,ChoIvvrhgbCdh66SARoNL2cvMTFoZHE4MzFoOBAB,Hyderabad,"Latitude: 17.4330611, Longitude: 78.4469359",,3-star hotel,2.8,167,Free breakfast | Wi-Fi | Parking | Air conditioning | Room service | Kitchen in some rooms | Full-service laundry | Smoke-free property,"(Translated by Google) Worst oyo staff fully pakka comercial fellows rooms dardram
(Original)
Worest oyo staff fully pakka comercial fellows rooms dardram",1,9 months ago,Google,Central Hyderabad
OYO 40870 Hotel Sai Seven Hills Residency,ChoIvvrhgbCdh66SARoNL2cvMTFoZHE4MzFoOBAB,Hyderabad,"Latitude: 17.4330611, Longitude: 78.4469359",,3-star hotel,2.8,167,Free breakfast | Wi-Fi | Parking | Air conditioning | Room service | Kitchen in some rooms | Full-service laundry | Smoke-free property,Very worst place..not well maintained..rooms are very dirty.. geaser not working. Bedsheets and towels are smelling like anything..never go to this place ..price also very high... 1800 per single room,1,a year ago,Google,Central Hyderabad
OYO 40870 Hotel Sai Seven Hills Residency,ChoIvvrhgbCdh66SARoNL2cvMTFoZHE4MzFoOBAB,Hyderabad,"Latitude: 17.4330611, Longitude: 78.4469359",,3-star hotel,2.8,167,Free breakfast | Wi-Fi | Parking | Air conditioning | Room service | Kitchen in some rooms | Full-service laundry | Smoke-free property,Super,5,2 years ago,Google,Central Hyderabad
OYO 40870 Hotel Sai Seven Hills Residency,ChoIvvrhgbCdh66SARoNL2cvMTFoZHE4MzFoOBAB,Hyderabad,"Latitude: 17.4330611, Longitude: 78.4469359",,3-star hotel,2.8,167,Free breakfast | Wi-Fi | Parking | Air conditioning | Room service | Kitchen in some rooms | Full-service laundry | Smoke-free property,"Very disgusting..Toilets not cleaned..toilet door broken, zero ventilation in non AC rooms & washrooms. Rooms are in 4th floor and the lift is not working. Most of the plugs & switches are broken. Rs.1200 per person for a non AC room.",1,2 years ago,Google,Central Hyderabad
OYO 40870 Hotel Sai Seven Hills Residency,ChoIvvrhgbCdh66SARoNL2cvMTFoZHE4MzFoOBAB,Hyderabad,"Latitude: 17.4330611, Longitude: 78.4469359",,3-star hotel,2.8,167,Free breakfast | Wi-Fi | Parking | Air conditioning | Room service | Kitchen in some rooms | Full-service laundry | Smoke-free property,"While going by lift .. very difficult to find out that, which floor we are..
Immediately floor indication is must..
In entrance lighting is very poor..",4,2 years ago,Google,Central Hyderabad
OYO 40870 Hotel Sai Seven Hills Residency,ChoIvvrhgbCdh66SARoNL2cvMTFoZHE4MzFoOBAB,Hyderabad,"Latitude: 17.4330611, Longitude: 78.4469359",,3-star hotel,2.8,167,Free breakfast | Wi-Fi | Parking | Air conditioning | Room service | Kitchen in some rooms | Full-service laundry | Smoke-free property,"The rooms were fine but the service was not that great.
They have charged 1000 bucks for fresh up for a couple of hours..still did not get service worth it..
We can opt at times of urgency..",4,3 years ago,Google,Central Hyderabad
OYO 40870 Hotel Sai Seven Hills Residency,ChoIvvrhgbCdh66SARoNL2cvMTFoZHE4MzFoOBAB,Hyderabad,"Latitude: 17.4330611, Longitude: 78.4469359",,3-star hotel,2.8,167,Free breakfast | Wi-Fi | Parking | Air conditioning | Room service | Kitchen in some rooms | Full-service laundry | Smoke-free property,Very bad,1,Edited 3 years ago,Google,Central Hyderabad
OYO 40870 Hotel Sai Seven Hills Residency,ChoIvvrhgbCdh66SARoNL2cvMTFoZHE4MzFoOBAB,Hyderabad,"Latitude: 17.4330611, Longitude: 78.4469359",,3-star hotel,2.8,167,Free breakfast | Wi-Fi | Parking | Air conditioning | Room service | Kitchen in some rooms | Full-service laundry | Smoke-free property,"(Translated by Google) Evening shopping is easy with the best of the best in Ventana room and metro.
(Original)
Evening shopping cheysukoni Ventana room ki povali anukunae vallaki best and metro ki chala easy ga povachu.",2,3 years ago,Google,Central Hyderabad
OYO 40870 Hotel Sai Seven Hills Residency,ChoIvvrhgbCdh66SARoNL2cvMTFoZHE4MzFoOBAB,Hyderabad,"Latitude: 17.4330611, Longitude: 78.4469359",,3-star hotel,2.8,167,Free breakfast | Wi-Fi | Parking | Air conditioning | Room service | Kitchen in some rooms | Full-service laundry | Smoke-free property,The worst hotel I have experienced manager is fraud he is doing cunning ideas to steal customer money don't visit please,1,3 years ago,Google,Central Hyderabad
OYO 40870 Hotel Sai Seven Hills Residency,ChoIvvrhgbCdh66SARoNL2cvMTFoZHE4MzFoOBAB,Hyderabad,"Latitude: 17.4330611, Longitude: 78.4469359",,3-star hotel,2.8,167,Free breakfast | Wi-Fi | Parking | Air conditioning | Room service | Kitchen in some rooms | Full-service laundry | Smoke-free property,"Nice place not so bad not too good
Ok ok",3,3 years ago,Google,Central Hyderabad
Hotel O by OYO Imperial Guest House,ChkI2t24nvDSyIwKGg0vZy8xMWZ0ZzhkOHJwEAE,Hyderabad,"Latitude: 17.4255465, Longitude: 78.4552485",,4-star hotel,2.7,127,Breakfast | Free Wi-Fi | Pool | Room service | Kitchen in some rooms | Smoke-free property,Ok ok,4,5 months ago,Google,Central Hyderabad
Hotel O by OYO Imperial Guest House,ChkI2t24nvDSyIwKGg0vZy8xMWZ0ZzhkOHJwEAE,Hyderabad,"Latitude: 17.4255465, Longitude: 78.4552485",,4-star hotel,2.7,127,Breakfast | Free Wi-Fi | Pool | Room service | Kitchen in some rooms | Smoke-free property,"Such a worst hotel there is no one at hotel to take our bags to the room, reception area is so dirty , all food and utensils they throw there only there are no place to walk also, morning morning they kept hotel main gate locked when we said that we want to go out they said to jump from window and go,, such a worst experience",1,6 months ago,Google,Central Hyderabad
Hotel O by OYO Imperial Guest House,ChkI2t24nvDSyIwKGg0vZy8xMWZ0ZzhkOHJwEAE,Hyderabad,"Latitude: 17.4255465, Longitude: 78.4552485",,4-star hotel,2.7,127,Breakfast | Free Wi-Fi | Pool | Room service | Kitchen in some rooms | Smoke-free property,Good,5,11 months ago,Google,Central Hyderabad
Hotel O by OYO Imperial Guest House,ChkI2t24nvDSyIwKGg0vZy8xMWZ0ZzhkOHJwEAE,Hyderabad,"Latitude: 17.4255465, Longitude: 78.4552485",,4-star hotel,2.7,127,Breakfast | Free Wi-Fi | Pool | Room service | Kitchen in some rooms | Smoke-free property,"Not bad, normal experience for family to stay in a.c rooms with greezer and wifi faclties and just less than km to punjagutta metro, irrumanzil metro and yasodha hospital",4,a year ago,Google,Central Hyderabad
Hotel O by OYO Imperial Guest House,ChkI2t24nvDSyIwKGg0vZy8xMWZ0ZzhkOHJwEAE,Hyderabad,"Latitude: 17.4255465, Longitude: 78.4552485",,4-star hotel,2.7,127,Breakfast | Free Wi-Fi | Pool | Room service | Kitchen in some rooms | Smoke-free property,"Very bad experience i asked for room and they showed me one room and i asked for another instead of showing another room they asked me to leave so rudely and mannerless service ..
Never go there for room very unsatisfied",1,a year ago,Google,Central Hyderabad
Hotel O by OYO Imperial Guest House,ChkI2t24nvDSyIwKGg0vZy8xMWZ0ZzhkOHJwEAE,Hyderabad,"Latitude: 17.4255465, Longitude: 78.4552485",,4-star hotel,2.7,127,Breakfast | Free Wi-Fi | Pool | Room service | Kitchen in some rooms | Smoke-free property,Rooms were decent.,3,a year ago,Google,Central Hyderabad
Hotel O by OYO Imperial Guest House,ChkI2t24nvDSyIwKGg0vZy8xMWZ0ZzhkOHJwEAE,Hyderabad,"Latitude: 17.4255465, Longitude: 78.4552485",,4-star hotel,2.7,127,Breakfast | Free Wi-Fi | Pool | Room service | Kitchen in some rooms | Smoke-free property,"Worst Experience,no body must book this property.No negative stars available for review or I would have given -10 rating to this property.
Booked this property on OYO for business meet layover.Reached location early so I requested caretaker to let me wait at reception until checkin time.But the caretaker plainly refused and did not let me in the property till checkin time.
When I returned after 2hours,the caretaker asked me to call owner on mobile.When I called him,he denied accommodation to me saying that we don't give rooms for such low tarrif,even though I already paid on OYO for my booking.He told me to contact OYO customer care and search for other alternative.
On calling the OYO executive offered him some complimentary coupons and then I was let in the property.Room provided to me was on third floor without lift,on reaching the room,it was the creepiest and worst room ever seen.!Small and dirtiest washroom,old torn beddings,smelly room and uncleaned since long.Just changed my clothes and went out for meeting,came back in the evening after meeting and immediately checked out from this hell.
NOBODY MUST BOOK THIS CREEPY AND SHABBY PROPERTY.",1,2 years ago,Google,Central Hyderabad
Hotel O by OYO Imperial Guest House,ChkI2t24nvDSyIwKGg0vZy8xMWZ0ZzhkOHJwEAE,Hyderabad,"Latitude: 17.4255465, Longitude: 78.4552485",,4-star hotel,2.7,127,Breakfast | Free Wi-Fi | Pool | Room service | Kitchen in some rooms | Smoke-free property,Nice rooms and maintenance. Peace full area to stay.,5,2 years ago,Google,Central Hyderabad
Hotel O by OYO Imperial Guest House,ChkI2t24nvDSyIwKGg0vZy8xMWZ0ZzhkOHJwEAE,Hyderabad,"Latitude: 17.4255465, Longitude: 78.4552485",,4-star hotel,2.7,127,Breakfast | Free Wi-Fi | Pool | Room service | Kitchen in some rooms | Smoke-free property,"This is the worst Oyo I have visited in my entire life. They demanded more money , no service , no TV, no Wi-Fi.... Infinity things to tell.. but I don't have time",1,2 years ago,Google,Central Hyderabad
Hotel O by OYO Imperial Guest House,ChkI2t24nvDSyIwKGg0vZy8xMWZ0ZzhkOHJwEAE,Hyderabad,"Latitude: 17.4255465, Longitude: 78.4552485",,4-star hotel,2.7,127,Breakfast | Free Wi-Fi | Pool | Room service | Kitchen in some rooms | Smoke-free property,"Not well maintained, bathrooms were dirty, bedsheets were stained.... Looked like it wasn't washed since a long time.",1,2 years ago,Google,Central Hyderabad
SPOT ON Deccan Lodge,ChoIp66uo6KjwryZARoNL2cvMTFmbjUwajZjMBAB,Hyderabad,"Latitude: 17.4264089, Longitude: 78.4516056",,2-star hotel,2.4,79,Free Wi-Fi | Smoke-free property,Nice,5,2 years ago,Google,Central Hyderabad
SPOT ON Deccan Lodge,ChoIp66uo6KjwryZARoNL2cvMTFmbjUwajZjMBAB,Hyderabad,"Latitude: 17.4264089, Longitude: 78.4516056",,2-star hotel,2.4,79,Free Wi-Fi | Smoke-free property,When I book the room from oyo for one day i pay online when we have arrived at the hotel they refuse to give them extra 200 hundred for the rooms why we don't no but we don't pay extra he says to cancel the booking other wise pay extra but at last he gave the rooms nd we are very tired nd there was no water at the room whole night at. Midnight the locals are drunken nd shouted whole night nd nd also break the lock of my room nd enter at the night nd just say sorry very bad experience for me 👎👎,1,3 years ago,Google,Central Hyderabad
SPOT ON Deccan Lodge,ChoIp66uo6KjwryZARoNL2cvMTFmbjUwajZjMBAB,Hyderabad,"Latitude: 17.4264089, Longitude: 78.4516056",,2-star hotel,2.4,79,Free Wi-Fi | Smoke-free property,ok,3,Edited 3 years ago,Google,Central Hyderabad
SPOT ON Deccan Lodge,ChoIp66uo6KjwryZARoNL2cvMTFmbjUwajZjMBAB,Hyderabad,"Latitude: 17.4264089, Longitude: 78.4516056",,2-star hotel,2.4,79,Free Wi-Fi | Smoke-free property,Worst place don't try this,1,4 years ago,Google,Central Hyderabad
SPOT ON Deccan Lodge,ChoIp66uo6KjwryZARoNL2cvMTFmbjUwajZjMBAB,Hyderabad,"Latitude: 17.4264089, Longitude: 78.4516056",,2-star hotel,2.4,79,Free Wi-Fi | Smoke-free property,Worst stay no proper rooms yukkkk don't waste money,1,4 years ago,Google,Central Hyderabad
SPOT ON Deccan Lodge,ChoIp66uo6KjwryZARoNL2cvMTFmbjUwajZjMBAB,Hyderabad,"Latitude: 17.4264089, Longitude: 78.4516056",,2-star hotel,2.4,79,Free Wi-Fi | Smoke-free property,I haven't seen a worst room in my life. People who reading this comment please don't ever think to stay here.,1,4 years ago,Google,Central Hyderabad
Padma Lodge,ChkIhp33ks-7yOc1Gg0vZy8xMXNocDhybXBsEAE,Hyderabad,"Latitude: 17.429662, Longitude: 78.4460734",,,1.0,1,,"Worst pg and no maintainace,not cleaning rooms and bathrooms, worst food ,all curries contains water only (water is more than curry we can drink the curry )behaviour of uncle is also not good and he is untrustworthy.
Unfortunately if u join in that pg please take proper agreement because he changes his word before joining and while leaving the pg(we experienced it).",1,a year ago,Google,Central Hyderabad
Surya Lodge,ChgIrtiR3Nq-1JI0GgwvZy8xMmhyenZmcDcQAQ,Hyderabad,"Latitude: 17.4232271, Longitude: 78.45410389999999",,,3.5,22,Free breakfast | Wi-Fi | Pool | Room service | Kitchen in some rooms | Full-service laundry,Awesome lodge,5,6 months ago,Google,Central Hyderabad
Surya Lodge,ChgIrtiR3Nq-1JI0GgwvZy8xMmhyenZmcDcQAQ,Hyderabad,"Latitude: 17.4232271, Longitude: 78.45410389999999",,,3.5,22,Free breakfast | Wi-Fi | Pool | Room service | Kitchen in some rooms | Full-service laundry,Lift and western style not available,2,5 years ago,Google,Central Hyderabad
Surya Lodge,ChgIrtiR3Nq-1JI0GgwvZy8xMmhyenZmcDcQAQ,Hyderabad,"Latitude: 17.4232271, Longitude: 78.45410389999999",,,3.5,22,Free breakfast | Wi-Fi | Pool | Room service | Kitchen in some rooms | Full-service laundry,Very bad arrangement,1,5 years ago,Google,Central Hyderabad
Surya Lodge,ChgIrtiR3Nq-1JI0GgwvZy8xMmhyenZmcDcQAQ,Hyderabad,"Latitude: 17.4232271, Longitude: 78.45410389999999",,,3.5,22,Free breakfast | Wi-Fi | Pool | Room service | Kitchen in some rooms | Full-service laundry,"I'm very happy for the lodge facilities.we had great experience at this large and services provided by the organization.we will definitely stay, when ever I visit this place and refer to my friends defenetly",5,7 years ago,Tripadvisor,Central Hyderabad
Surya Lodge,ChgIrtiR3Nq-1JI0GgwvZy8xMmhyenZmcDcQAQ,Hyderabad,"Latitude: 17.4232271, Longitude: 78.45410389999999",,,3.5,22,Free breakfast | Wi-Fi | Pool | Room service | Kitchen in some rooms | Full-service laundry,"Nearest to NIMS hospital,
rooms with TV available,
Clean rooms with attached bathroom,
Good Ventilation.",5,Edited 7 years ago,Google,Central Hyderabad
Surya Lodge,ChgIrtiR3Nq-1JI0GgwvZy8xMmhyenZmcDcQAQ,Hyderabad,"Latitude: 17.4232271, Longitude: 78.45410389999999",,,3.5,22,Free breakfast | Wi-Fi | Pool | Room service | Kitchen in some rooms | Full-service laundry,Worst maintenance,1,8 years ago,Google,Central Hyderabad
Surya Lodge,ChgIrtiR3Nq-1JI0GgwvZy8xMmhyenZmcDcQAQ,Hyderabad,"Latitude: 17.4232271, Longitude: 78.45410389999999",,,3.5,22,Free breakfast | Wi-Fi | Pool | Room service | Kitchen in some rooms | Full-service laundry,Good lodge,5,8 years ago,Google,Central Hyderabad
Surya Lodge,ChgIrtiR3Nq-1JI0GgwvZy8xMmhyenZmcDcQAQ,Hyderabad,"Latitude: 17.4232271, Longitude: 78.45410389999999",,,3.5,22,Free breakfast | Wi-Fi | Pool | Room service | Kitchen in some rooms | Full-service laundry,good,4,8 years ago,Google,Central Hyderabad
Surya Lodge,ChgIrtiR3Nq-1JI0GgwvZy8xMmhyenZmcDcQAQ,Hyderabad,"Latitude: 17.4232271, Longitude: 78.45410389999999",,,3.5,22,Free breakfast | Wi-Fi | Pool | Room service | Kitchen in some rooms | Full-service laundry,Nice place,5,8 years ago,Google,Central Hyderabad
Surya Lodge,ChgIrtiR3Nq-1JI0GgwvZy8xMmhyenZmcDcQAQ,Hyderabad,"Latitude: 17.4232271, Longitude: 78.45410389999999",,,3.5,22,Free breakfast | Wi-Fi | Pool | Room service | Kitchen in some rooms | Full-service laundry,Very good and affordable,5,8 years ago,Google,Central Hyderabad
Surya Lodge,ChgIrtiR3Nq-1JI0GgwvZy8xMmhyenZmcDcQAQ,Hyderabad,"Latitude: 17.4232271, Longitude: 78.45410389999999",,,3.5,22,Free breakfast | Wi-Fi | Pool | Room service | Kitchen in some rooms | Full-service laundry,"The hotel  staff  value their  customers and   render very  good service in a highly professional and courteous way.  Rom service and  also  front desk  service  regarding  check in and  ceheck out proces are all very  good.  Even tough  amenities are good, there is  lot of scope for  improvement , like  24 hours  hot water, more cleaner  bath rooms",5,8 years ago,Tripadvisor,Central Hyderabad
Hotel O by OYO New Sri Sai Amaravati Lodge,ChgIu7P7-7DI2LIkGgwvZy8xMmhteXkxeDcQAQ,Hyderabad,"Latitude: 17.4243362, Longitude: 78.45388849999999",,,2.3,28,Free breakfast | Wi-Fi | Parking | Pool | Room service | Kitchen in some rooms | Full-service laundry | Smoke-free property,Worst rooms don't spend money for this room he charge extra money when we have booked also,1,3 years ago,Google,Central Hyderabad
Hotel O by OYO New Sri Sai Amaravati Lodge,ChgIu7P7-7DI2LIkGgwvZy8xMmhteXkxeDcQAQ,Hyderabad,"Latitude: 17.4243362, Longitude: 78.45388849999999",,,2.3,28,Free breakfast | Wi-Fi | Parking | Pool | Room service | Kitchen in some rooms | Full-service laundry | Smoke-free property,It very good,4,4 years ago,Google,Central Hyderabad
Hotel O by OYO New Sri Sai Amaravati Lodge,ChgIu7P7-7DI2LIkGgwvZy8xMmhteXkxeDcQAQ,Hyderabad,"Latitude: 17.4243362, Longitude: 78.45388849999999",,,2.3,28,Free breakfast | Wi-Fi | Parking | Pool | Room service | Kitchen in some rooms | Full-service laundry | Smoke-free property,They have mentioned Hyderabad i have lost 85 rs and they can't refund me back,1,4 years ago,Google,Central Hyderabad
Hotel O by OYO New Sri Sai Amaravati Lodge,ChgIu7P7-7DI2LIkGgwvZy8xMmhteXkxeDcQAQ,Hyderabad,"Latitude: 17.4243362, Longitude: 78.45388849999999",,,2.3,28,Free breakfast | Wi-Fi | Parking | Pool | Room service | Kitchen in some rooms | Full-service laundry | Smoke-free property,"Worst Hotel , worst OYO",1,4 years ago,Google,Central Hyderabad
Hotel O by OYO New Sri Sai Amaravati Lodge,ChgIu7P7-7DI2LIkGgwvZy8xMmhteXkxeDcQAQ,Hyderabad,"Latitude: 17.4243362, Longitude: 78.45388849999999",,,2.3,28,Free breakfast | Wi-Fi | Parking | Pool | Room service | Kitchen in some rooms | Full-service laundry | Smoke-free property,Worth for cost,4,4 years ago,Google,Central Hyderabad
Hotel O by OYO New Sri Sai Amaravati Lodge,ChgIu7P7-7DI2LIkGgwvZy8xMmhteXkxeDcQAQ,Hyderabad,"Latitude: 17.4243362, Longitude: 78.45388849999999",,,2.3,28,Free breakfast | Wi-Fi | Parking | Pool | Room service | Kitchen in some rooms | Full-service laundry | Smoke-free property,Average,3,4 years ago,Google,Central Hyderabad
Hotel O by OYO New Sri Sai Amaravati Lodge,ChgIu7P7-7DI2LIkGgwvZy8xMmhteXkxeDcQAQ,Hyderabad,"Latitude: 17.4243362, Longitude: 78.45388849999999",,,2.3,28,Free breakfast | Wi-Fi | Parking | Pool | Room service | Kitchen in some rooms | Full-service laundry | Smoke-free property,Very very bad,1,5 years ago,Google,Central Hyderabad
Hotel O by OYO New Sri Sai Amaravati Lodge,ChgIu7P7-7DI2LIkGgwvZy8xMmhteXkxeDcQAQ,Hyderabad,"Latitude: 17.4243362, Longitude: 78.45388849999999",,,2.3,28,Free breakfast | Wi-Fi | Parking | Pool | Room service | Kitchen in some rooms | Full-service laundry | Smoke-free property,Thik thak,3,7 years ago,Google,Central Hyderabad
Hotel O by OYO New Sri Sai Amaravati Lodge,ChgIu7P7-7DI2LIkGgwvZy8xMmhteXkxeDcQAQ,Hyderabad,"Latitude: 17.4243362, Longitude: 78.45388849999999",,,2.3,28,Free breakfast | Wi-Fi | Parking | Pool | Room service | Kitchen in some rooms | Full-service laundry | Smoke-free property,Worst hotel(lodge) do not ever take this.. most dirty bad behaviour one of the worst lodge,1,7 years ago,Google,Central Hyderabad
OYO Flagship Ambica Lodge,ChkI9InTkuaklPxNGg0vZy8xMXNodDg2MXdkEAE,Hyderabad,"Latitude: 17.424249, Longitude: 78.45341390000002",,,2.3,3,,Don't book this hotel. I booked via OYO but the hotel staff denied check-in. OYO customer care is also not at all supportive. I think OYO should close its business. Pathetic experience with OYO.,1,3 years ago,Google,Central Hyderabad
Sai Krupa Lodge,ChgItJHMvPGB74ovGgwvZy8xMmhsYjlyX2sQAQ,Hyderabad,"Latitude: 17.4236406, Longitude: 78.45395649999999",,,3.5,35,Kid-friendly,Good,5,9 months ago,Google,Central Hyderabad
Sai Krupa Lodge,ChgItJHMvPGB74ovGgwvZy8xMmhsYjlyX2sQAQ,Hyderabad,"Latitude: 17.4236406, Longitude: 78.45395649999999",,,3.5,35,Kid-friendly,"Awful experience. The room was unclean, the bathroom was foul, and the sheets weren't changed for our entire stay. To charge so much for this is a joke. Avoid.",1,a year ago,Google,Central Hyderabad
Sai Krupa Lodge,ChgItJHMvPGB74ovGgwvZy8xMmhsYjlyX2sQAQ,Hyderabad,"Latitude: 17.4236406, Longitude: 78.45395649999999",,,3.5,35,Kid-friendly,"(Translated by Google) There are bathrooms, but they are not very good. The water is leaking. The water is still leaking, as if there is no water shortage.
(Original)
బాత్రూమ్ ఉన్నాయి  చాలా బాగా లేవు నీళ్ళు కారుతున్నాయి  వాటర్ కొరత లేదు అన్నట్టుగా నీళ్ళు కారుతూనే ఉన్నాయి",1,a year ago,Google,Central Hyderabad
Sai Krupa Lodge,ChgItJHMvPGB74ovGgwvZy8xMmhsYjlyX2sQAQ,Hyderabad,"Latitude: 17.4236406, Longitude: 78.45395649999999",,,3.5,35,Kid-friendly,This hotel doesn’t even deserve single star. I booked this via agoda. The hotel is nothing like what they have shown in the pictures. And the restroom is much worser than public toilets i have used in telangana.,1,a year ago,Google,Central Hyderabad
Sai Krupa Lodge,ChgItJHMvPGB74ovGgwvZy8xMmhsYjlyX2sQAQ,Hyderabad,"Latitude: 17.4236406, Longitude: 78.45395649999999",,,3.5,35,Kid-friendly,Worst service,1,a year ago,Google,Central Hyderabad
Sai Krupa Lodge,ChgItJHMvPGB74ovGgwvZy8xMmhsYjlyX2sQAQ,Hyderabad,"Latitude: 17.4236406, Longitude: 78.45395649999999",,,3.5,35,Kid-friendly,Worst room not clean...staff also not responding..money waste,1,2 years ago,Google,Central Hyderabad
Sai Krupa Lodge,ChgItJHMvPGB74ovGgwvZy8xMmhsYjlyX2sQAQ,Hyderabad,"Latitude: 17.4236406, Longitude: 78.45395649999999",,,3.5,35,Kid-friendly,It was nice,5,3 years ago,Google,Central Hyderabad
Sai Krupa Lodge,ChgItJHMvPGB74ovGgwvZy8xMmhsYjlyX2sQAQ,Hyderabad,"Latitude: 17.4236406, Longitude: 78.45395649999999",,,3.5,35,Kid-friendly,Good,4,4 years ago,Google,Central Hyderabad
Sai Krupa Lodge,ChgItJHMvPGB74ovGgwvZy8xMmhsYjlyX2sQAQ,Hyderabad,"Latitude: 17.4236406, Longitude: 78.45395649999999",,,3.5,35,Kid-friendly,Worst lodge ever,1,5 years ago,Google,Central Hyderabad
Sai Krupa Lodge,ChgItJHMvPGB74ovGgwvZy8xMmhsYjlyX2sQAQ,Hyderabad,"Latitude: 17.4236406, Longitude: 78.45395649999999",,,3.5,35,Kid-friendly,Good mantans,4,7 years ago,Google,Central Hyderabad
Sai Krupa Lodge,ChgItJHMvPGB74ovGgwvZy8xMmhsYjlyX2sQAQ,Hyderabad,"Latitude: 17.4236406, Longitude: 78.45395649999999",,,3.5,35,Kid-friendly,Good place for low and medium budget people.,4,7 years ago,Google,Central Hyderabad
Sai Krupa Lodge,ChgItJHMvPGB74ovGgwvZy8xMmhsYjlyX2sQAQ,Hyderabad,"Latitude: 17.4236406, Longitude: 78.45395649999999",,,3.5,35,Kid-friendly,Liked it.,4,7 years ago,Google,Central Hyderabad
Sai Krupa Lodge,ChgItJHMvPGB74ovGgwvZy8xMmhsYjlyX2sQAQ,Hyderabad,"Latitude: 17.4236406, Longitude: 78.45395649999999",,,3.5,35,Kid-friendly,Nice hospitality,5,7 years ago,Google,Central Hyderabad
Sai Krupa Lodge,ChgItJHMvPGB74ovGgwvZy8xMmhsYjlyX2sQAQ,Hyderabad,"Latitude: 17.4236406, Longitude: 78.45395649999999",,,3.5,35,Kid-friendly,"There is no lift to go to the top floor, very tiring. The rooms were not so good looking as it had old painting,  half of them were fallen off. The washroom was very small, not comfortable at all. But the good thing is that it's in the main city and many facilities around here are accessible.",1,7 years ago,Google,Central Hyderabad
Sai Krupa Lodge,ChgItJHMvPGB74ovGgwvZy8xMmhsYjlyX2sQAQ,Hyderabad,"Latitude: 17.4236406, Longitude: 78.45395649999999",,,3.5,35,Kid-friendly,It's a lodge with medium budget,3,7 years ago,Google,Central Hyderabad
Sai Krupa Lodge,ChgItJHMvPGB74ovGgwvZy8xMmhsYjlyX2sQAQ,Hyderabad,"Latitude: 17.4236406, Longitude: 78.45395649999999",,,3.5,35,Kid-friendly,Good for stay,5,8 years ago,Google,Central Hyderabad
OYO 67445 Ht Guest House,ChoIoMXh-_KUspn6ARoNL2cvMTFqNGs4NXRjMhAB,Hyderabad,"Latitude: 17.420719, Longitude: 78.45119199999999",,,3.4,58,Free breakfast | Wi-Fi | Parking | Air conditioning | Room service | Kitchen in some rooms | Smoke-free property,good,4,4 years ago,Google,Central Hyderabad
OYO 67445 Ht Guest House,ChoIoMXh-_KUspn6ARoNL2cvMTFqNGs4NXRjMhAB,Hyderabad,"Latitude: 17.420719, Longitude: 78.45119199999999",,,3.4,58,Free breakfast | Wi-Fi | Parking | Air conditioning | Room service | Kitchen in some rooms | Smoke-free property,Ok.good.,4,5 years ago,Google,Central Hyderabad
OYO 67445 Ht Guest House,ChoIoMXh-_KUspn6ARoNL2cvMTFqNGs4NXRjMhAB,Hyderabad,"Latitude: 17.420719, Longitude: 78.45119199999999",,,3.4,58,Free breakfast | Wi-Fi | Parking | Air conditioning | Room service | Kitchen in some rooms | Smoke-free property,Ok not bad,2,5 years ago,Google,Central Hyderabad
OYO 67445 Ht Guest House,ChoIoMXh-_KUspn6ARoNL2cvMTFqNGs4NXRjMhAB,Hyderabad,"Latitude: 17.420719, Longitude: 78.45119199999999",,,3.4,58,Free breakfast | Wi-Fi | Parking | Air conditioning | Room service | Kitchen in some rooms | Smoke-free property,Worst,1,5 years ago,Google,Central Hyderabad
OYO 67445 Ht Guest House,ChoIoMXh-_KUspn6ARoNL2cvMTFqNGs4NXRjMhAB,Hyderabad,"Latitude: 17.420719, Longitude: 78.45119199999999",,,3.4,58,Free breakfast | Wi-Fi | Parking | Air conditioning | Room service | Kitchen in some rooms | Smoke-free property,"No proper parking facility, difficult to approach guest house",1,5 years ago,Google,Central Hyderabad
OYO 67445 Ht Guest House,ChoIoMXh-_KUspn6ARoNL2cvMTFqNGs4NXRjMhAB,Hyderabad,"Latitude: 17.420719, Longitude: 78.45119199999999",,,3.4,58,Free breakfast | Wi-Fi | Parking | Air conditioning | Room service | Kitchen in some rooms | Smoke-free property,"Itzzz near to me, so I can caught u  quickly",3,5 years ago,Google,Central Hyderabad
Capital O 82995 Sai Leela Residency,ChoIycOjwL6w1YfdARoNL2cvMTFydmhtbWYxZBAB,Hyderabad,"Latitude: 17.4323327, Longitude: 78.44693769999999",,,2.8,5,,I booked through the app... They asked me to cancel the booking and demanded more money to let me stay... Worst behaviour,1,Edited 2 years ago,Google,Central Hyderabad
Capital O 82995 Sai Leela Residency,ChoIycOjwL6w1YfdARoNL2cvMTFydmhtbWYxZBAB,Hyderabad,"Latitude: 17.4323327, Longitude: 78.44693769999999",,,2.8,5,,Screen was bad,5,4 years ago,Google,Central Hyderabad
sri sachithanantha nivas lodge,ChkIyM6Pl92C8OMVGg0vZy8xMWhjazhzNWc4EAE,Hyderabad,"Latitude: 17.4221625, Longitude: 78.4562656",,1-star hotel,2.4,19,,"Worst ever hotel in Hyderabad, must not be booked by any person, very baad behaviour of staff, damaged room, damaged electrical appliances, to much unsafe, mirror without glass also damaged beef and beef sheets.",1,6 years ago,Google,Central Hyderabad
sri sachithanantha nivas lodge,ChkIyM6Pl92C8OMVGg0vZy8xMWhjazhzNWc4EAE,Hyderabad,"Latitude: 17.4221625, Longitude: 78.4562656",,1-star hotel,2.4,19,,Worest place is to stay plz don't book rooms here,1,6 years ago,Google,Central Hyderabad
sri sachithanantha nivas lodge,ChkIyM6Pl92C8OMVGg0vZy8xMWhjazhzNWc4EAE,Hyderabad,"Latitude: 17.4221625, Longitude: 78.4562656",,1-star hotel,2.4,19,,There is no cleanliness in the hotel,1,7 years ago,Google,Central Hyderabad
sri sachithanantha nivas lodge,ChkIyM6Pl92C8OMVGg0vZy8xMWhjazhzNWc4EAE,Hyderabad,"Latitude: 17.4221625, Longitude: 78.4562656",,1-star hotel,2.4,19,,Bad,1,7 years ago,Google,Central Hyderabad
sri sachithanantha nivas lodge,ChkIyM6Pl92C8OMVGg0vZy8xMWhjazhzNWc4EAE,Hyderabad,"Latitude: 17.4221625, Longitude: 78.4562656",,1-star hotel,2.4,19,,Not so good & not so bad.... Also quite uncomfortable,2,7 years ago,Google,Central Hyderabad
sri sachithanantha nivas lodge,ChkIyM6Pl92C8OMVGg0vZy8xMWhjazhzNWc4EAE,Hyderabad,"Latitude: 17.4221625, Longitude: 78.4562656",,1-star hotel,2.4,19,,Great  room for single & bachelor..... With low rate,5,7 years ago,Google,Central Hyderabad
sri sachithanantha nivas lodge,ChkIyM6Pl92C8OMVGg0vZy8xMWhjazhzNWc4EAE,Hyderabad,"Latitude: 17.4221625, Longitude: 78.4562656",,1-star hotel,2.4,19,,Room quality is noy so good. But the location is very central and all modes of communication are available,4,7 years ago,Google,Central Hyderabad
sri sachithanantha nivas lodge,ChkIyM6Pl92C8OMVGg0vZy8xMWhjazhzNWc4EAE,Hyderabad,"Latitude: 17.4221625, Longitude: 78.4562656",,1-star hotel,2.4,19,,Average,4,7 years ago,Google,Central Hyderabad
sri sachithanantha nivas lodge,ChkIyM6Pl92C8OMVGg0vZy8xMWhjazhzNWc4EAE,Hyderabad,"Latitude: 17.4221625, Longitude: 78.4562656",,1-star hotel,2.4,19,,Room not available they send to there other hotel,5,8 years ago,Google,Central Hyderabad
sri sachithanantha nivas lodge,ChkIyM6Pl92C8OMVGg0vZy8xMWhjazhzNWc4EAE,Hyderabad,"Latitude: 17.4221625, Longitude: 78.4562656",,1-star hotel,2.4,19,,One of the worst lodge in hyderabad. Never go there. Its not much or not at all worth for the money we spent. Per night room rent will be 1500 that to in a fourth floor you can easily access another lodge in ground floor at minimal rate as compared to this. The lodge is near to the panjagutta metro and nizam institute of medical science.,2,8 years ago,Google,Central Hyderabad
OYO 41321 Sai Dwaraka Lodge,ChoIqrK2--Gj7M_8ARoNL2cvMTFoYnZ2cHdtcBAB,Hyderabad,"Latitude: 17.4248779, Longitude: 78.4544323",,,3.5,84,Free breakfast | Wi-Fi | Parking | Air conditioning | Room service | Kitchen in some rooms | Kid-friendly,"ROOM WAS VERY DIRTY EVEN PILLOW ALSO NOT THERE TO SMELLY IN THE ROOM, NOT PROVIDING GST BILL ,THAT GUYS ARE FLIP FLOP WORDS THEY ARE USE WORST",1,3 weeks ago,Google,Central Hyderabad
OYO 41321 Sai Dwaraka Lodge,ChoIqrK2--Gj7M_8ARoNL2cvMTFoYnZ2cHdtcBAB,Hyderabad,"Latitude: 17.4248779, Longitude: 78.4544323",,,3.5,84,Free breakfast | Wi-Fi | Parking | Air conditioning | Room service | Kitchen in some rooms | Kid-friendly,Worest experience,1,4 years ago,Google,Central Hyderabad
OYO 41321 Sai Dwaraka Lodge,ChoIqrK2--Gj7M_8ARoNL2cvMTFoYnZ2cHdtcBAB,Hyderabad,"Latitude: 17.4248779, Longitude: 78.4544323",,,3.5,84,Free breakfast | Wi-Fi | Parking | Air conditioning | Room service | Kitchen in some rooms | Kid-friendly,Not at all hygiene..don't think to stay in this hotel,1,4 years ago,Google,Central Hyderabad
OYO 41321 Sai Dwaraka Lodge,ChoIqrK2--Gj7M_8ARoNL2cvMTFoYnZ2cHdtcBAB,Hyderabad,"Latitude: 17.4248779, Longitude: 78.4544323",,,3.5,84,Free breakfast | Wi-Fi | Parking | Air conditioning | Room service | Kitchen in some rooms | Kid-friendly,Super,5,4 years ago,Google,Central Hyderabad
OYO 41321 Sai Dwaraka Lodge,ChoIqrK2--Gj7M_8ARoNL2cvMTFoYnZ2cHdtcBAB,Hyderabad,"Latitude: 17.4248779, Longitude: 78.4544323",,,3.5,84,Free breakfast | Wi-Fi | Parking | Air conditioning | Room service | Kitchen in some rooms | Kid-friendly,Not good,1,4 years ago,Google,Central Hyderabad
OYO 41321 Sai Dwaraka Lodge,ChoIqrK2--Gj7M_8ARoNL2cvMTFoYnZ2cHdtcBAB,Hyderabad,"Latitude: 17.4248779, Longitude: 78.4544323",,,3.5,84,Free breakfast | Wi-Fi | Parking | Air conditioning | Room service | Kitchen in some rooms | Kid-friendly,Not satisfied,1,5 years ago,Google,Central Hyderabad
OYO 41321 Sai Dwaraka Lodge,ChoIqrK2--Gj7M_8ARoNL2cvMTFoYnZ2cHdtcBAB,Hyderabad,"Latitude: 17.4248779, Longitude: 78.4544323",,,3.5,84,Free breakfast | Wi-Fi | Parking | Air conditioning | Room service | Kitchen in some rooms | Kid-friendly,Simple good,4,5 years ago,Google,Central Hyderabad
OYO 41321 Sai Dwaraka Lodge,ChoIqrK2--Gj7M_8ARoNL2cvMTFoYnZ2cHdtcBAB,Hyderabad,"Latitude: 17.4248779, Longitude: 78.4544323",,,3.5,84,Free breakfast | Wi-Fi | Parking | Air conditioning | Room service | Kitchen in some rooms | Kid-friendly,U can stay at reasonable price. Both a c and non a c available.  Nearer to Nims and yashoda somajiguda hospitals.,3,5 years ago,Google,Central Hyderabad
OYO 41321 Sai Dwaraka Lodge,ChoIqrK2--Gj7M_8ARoNL2cvMTFoYnZ2cHdtcBAB,Hyderabad,"Latitude: 17.4248779, Longitude: 78.4544323",,,3.5,84,Free breakfast | Wi-Fi | Parking | Air conditioning | Room service | Kitchen in some rooms | Kid-friendly,Good and safe place with reasonable rate,3,6 years ago,Google,Central Hyderabad
SPOT ON 67469 Hotel Rahath Lodge,ChoIqsObkefwr8foARoNL2cvMTFqNHdmM3NnehAB,Hyderabad,"Latitude: 17.426209, Longitude: 78.451948",,,1.6,5,,No clean and standard ness,2,6 years ago,Google,Central Hyderabad
SPOT ON 67469 Hotel Rahath Lodge,ChoIqsObkefwr8foARoNL2cvMTFqNHdmM3NnehAB,Hyderabad,"Latitude: 17.426209, Longitude: 78.451948",,,1.6,5,,"Worst hotel ever, last service and far different from photos",1,6 years ago,Google,Central Hyderabad
OYO 82662 Sunny Residency,ChkIhbiskbyBhZAtGg0vZy8xMXA1djYzYmNuEAE,Hyderabad,"Latitude: 17.433995, Longitude: 78.446769",,3-star hotel,3.0,4,Free Wi-Fi | Parking | Air conditioning | Room service | Full-service laundry | Smoke-free property,Hated it,1,a year ago,Google,Central Hyderabad
OYO 82662 Sunny Residency,ChkIhbiskbyBhZAtGg0vZy8xMXA1djYzYmNuEAE,Hyderabad,"Latitude: 17.433995, Longitude: 78.446769",,3-star hotel,3.0,4,Free Wi-Fi | Parking | Air conditioning | Room service | Full-service laundry | Smoke-free property,"Very poor
Don't check in this lodge
They will asking extra money than online
Water pipes, fans are not working
Bad experience
Staff irresponsible rude behavior",1,4 years ago,Google,Central Hyderabad
Bhavani Lodge,ChkIxoTo39zq5eSVARoML2cvMTI2MDdjbncxEAE,Hyderabad,"Latitude: 17.4237988, Longitude: 78.4538656",,5-star hotel,3.3,60,Wi-Fi | Parking | Air conditioning | Room service | Kitchen in some rooms | Full-service laundry,Good and super,5,3 years ago,Google,Central Hyderabad
Bhavani Lodge,ChkIxoTo39zq5eSVARoML2cvMTI2MDdjbncxEAE,Hyderabad,"Latitude: 17.4237988, Longitude: 78.4538656",,5-star hotel,3.3,60,Wi-Fi | Parking | Air conditioning | Room service | Kitchen in some rooms | Full-service laundry,"Stayed at Bhavani Lodge, Malakpet Hyderabad only for Four days. Room size is ok but during this period no sweeper attended,  too much mosquito inside the room after saying about this problem to The Manager he did not pay any attention.
There is only one TV Remote for the total number of rooms in the hotel. So no matter what he said, They will not give the remote in the room.
The location of this Lodge is very good. MALAKPET and NEW MARKET both Metro station are walking distance from this hotel.",2,3 years ago,Google,Central Hyderabad
Bhavani Lodge,ChkIxoTo39zq5eSVARoML2cvMTI2MDdjbncxEAE,Hyderabad,"Latitude: 17.4237988, Longitude: 78.4538656",,5-star hotel,3.3,60,Wi-Fi | Parking | Air conditioning | Room service | Kitchen in some rooms | Full-service laundry,Don't just don't go there. Else they charge 300 a day. But for Ra 600 just NO.,1,4 years ago,Google,Central Hyderabad
Bhavani Lodge,ChkIxoTo39zq5eSVARoML2cvMTI2MDdjbncxEAE,Hyderabad,"Latitude: 17.4237988, Longitude: 78.4538656",,5-star hotel,3.3,60,Wi-Fi | Parking | Air conditioning | Room service | Kitchen in some rooms | Full-service laundry,Got a room in 1200/- per day. comparing to rent amount the room is better than expected. much clean than other lodges.,5,Edited 5 years ago,Google,Central Hyderabad
Bhavani Lodge,ChkIxoTo39zq5eSVARoML2cvMTI2MDdjbncxEAE,Hyderabad,"Latitude: 17.4237988, Longitude: 78.4538656",,5-star hotel,3.3,60,Wi-Fi | Parking | Air conditioning | Room service | Kitchen in some rooms | Full-service laundry,Condition of rooms are very bad,2,5 years ago,Google,Central Hyderabad
Bhavani Lodge,ChkIxoTo39zq5eSVARoML2cvMTI2MDdjbncxEAE,Hyderabad,"Latitude: 17.4237988, Longitude: 78.4538656",,5-star hotel,3.3,60,Wi-Fi | Parking | Air conditioning | Room service | Kitchen in some rooms | Full-service laundry,Ok but some maintenance problem,3,6 years ago,Google,Central Hyderabad
Bhavani Lodge,ChkIxoTo39zq5eSVARoML2cvMTI2MDdjbncxEAE,Hyderabad,"Latitude: 17.4237988, Longitude: 78.4538656",,5-star hotel,3.3,60,Wi-Fi | Parking | Air conditioning | Room service | Kitchen in some rooms | Full-service laundry,Weaste lodge half an hour late ina full amount pay cheyyali please vellakndi frnds,1,6 years ago,Google,Central Hyderabad
Bhavani Lodge,ChkIxoTo39zq5eSVARoML2cvMTI2MDdjbncxEAE,Hyderabad,"Latitude: 17.4237988, Longitude: 78.4538656",,5-star hotel,3.3,60,Wi-Fi | Parking | Air conditioning | Room service | Kitchen in some rooms | Full-service laundry,Okay,3,6 years ago,Google,Central Hyderabad
Bhavani Lodge,ChkIxoTo39zq5eSVARoML2cvMTI2MDdjbncxEAE,Hyderabad,"Latitude: 17.4237988, Longitude: 78.4538656",,5-star hotel,3.3,60,Wi-Fi | Parking | Air conditioning | Room service | Kitchen in some rooms | Full-service laundry,Reasonable place,3,7 years ago,Google,Central Hyderabad
Bhavani Lodge,ChkIxoTo39zq5eSVARoML2cvMTI2MDdjbncxEAE,Hyderabad,"Latitude: 17.4237988, Longitude: 78.4538656",,5-star hotel,3.3,60,Wi-Fi | Parking | Air conditioning | Room service | Kitchen in some rooms | Full-service laundry,Place is so tacky,1,7 years ago,Google,Central Hyderabad
Bhavani Lodge,ChkIxoTo39zq5eSVARoML2cvMTI2MDdjbncxEAE,Hyderabad,"Latitude: 17.4237988, Longitude: 78.4538656",,5-star hotel,3.3,60,Wi-Fi | Parking | Air conditioning | Room service | Kitchen in some rooms | Full-service laundry,👍👍👍,4,7 years ago,Google,Central Hyderabad
Hotel Akoya - Hitech City Hyderabad,ChoIk_TjmN7v0vemARoNL2cvMTFxNDBoMV90NxAB,Hyderabad,"Latitude: 17.4459476, Longitude: 78.38167969999999",2363.0,3-star hotel,4.5,1265,Free Wi-Fi | Free parking | Air conditioning | Room service | Kitchen in some rooms | Airport shuttle | Full-service laundry | Accessible,"Very nice play to stay. Calm, clean and prompt service. However, the Hotel doesn't have a restaurant, theys serve only breakfast but there are many great eateries scattered all around.
For U.S.Visa OFC work this is very well located.",4,2 days ago,Google,HITEC City
Hotel Akoya - Hitech City Hyderabad,ChoIk_TjmN7v0vemARoNL2cvMTFxNDBoMV90NxAB,Hyderabad,"Latitude: 17.4459476, Longitude: 78.38167969999999",2363.0,3-star hotel,4.5,1265,Free Wi-Fi | Free parking | Air conditioning | Room service | Kitchen in some rooms | Airport shuttle | Full-service laundry | Accessible,"Improvement is required in the breakfast menu.
Breakfast served cold.
No option to choose other than dosa and idli.",3,5 days ago,Google,HITEC City
Hotel Akoya - Hitech City Hyderabad,ChoIk_TjmN7v0vemARoNL2cvMTFxNDBoMV90NxAB,Hyderabad,"Latitude: 17.4459476, Longitude: 78.38167969999999",2363.0,3-star hotel,4.5,1265,Free Wi-Fi | Free parking | Air conditioning | Room service | Kitchen in some rooms | Airport shuttle | Full-service laundry | Accessible,"This hotel proved LUCKY for us. Thank you for everything Hotel Akoya.  The staff is excellent, soft, supporting and polite. What more do the visitors could wish for.",5,6 days ago,Google,HITEC City
Hotel Akoya - Hitech City Hyderabad,ChoIk_TjmN7v0vemARoNL2cvMTFxNDBoMV90NxAB,Hyderabad,"Latitude: 17.4459476, Longitude: 78.38167969999999",2363.0,3-star hotel,4.5,1265,Free Wi-Fi | Free parking | Air conditioning | Room service | Kitchen in some rooms | Airport shuttle | Full-service laundry | Accessible,"Stayed for a night, the rooms are really good. Couple of things need to highlight and hope you fix it.
Your food options are really bad for breakfast.
The toilet commode’s are horrible. When you piss it splashes back.
Apart from these two it was a good stay.",3,a week ago,Google,HITEC City
Hotel Akoya - Hitech City Hyderabad,ChoIk_TjmN7v0vemARoNL2cvMTFxNDBoMV90NxAB,Hyderabad,"Latitude: 17.4459476, Longitude: 78.38167969999999",2363.0,3-star hotel,4.5,1265,Free Wi-Fi | Free parking | Air conditioning | Room service | Kitchen in some rooms | Airport shuttle | Full-service laundry | Accessible,"I had a comfortable stay at this hotel. The front office staff namely Ms Pravalika, Ms Sindoori, Ms Meghana and Mr Trishul were very cooperative.",5,Edited a week ago,Google,HITEC City
Hotel Akoya - Hitech City Hyderabad,ChoIk_TjmN7v0vemARoNL2cvMTFxNDBoMV90NxAB,Hyderabad,"Latitude: 17.4459476, Longitude: 78.38167969999999",2363.0,3-star hotel,4.5,1265,Free Wi-Fi | Free parking | Air conditioning | Room service | Kitchen in some rooms | Airport shuttle | Full-service laundry | Accessible,"I had a very pleasant stay at Hotel Akoya HITECH City. The staff were very friendly, welcoming, and helpful throughout my stay. The location is convenient, and the hotel has a comfortable atmosphere.
I especially liked the spacious areas where you can hang out with friends, relax, and enjoy good conversations. The rooms were comfortable, clean, and well maintained.
Overall, it was a comfortable and enjoyable experience. I would be happy to stay here again! ⭐⭐⭐⭐⭐",5,a week ago,Google,HITEC City
Hotel Akoya - Hitech City Hyderabad,ChoIk_TjmN7v0vemARoNL2cvMTFxNDBoMV90NxAB,Hyderabad,"Latitude: 17.4459476, Longitude: 78.38167969999999",2363.0,3-star hotel,4.5,1265,Free Wi-Fi | Free parking | Air conditioning | Room service | Kitchen in some rooms | Airport shuttle | Full-service laundry | Accessible,"Perfect hospitality, supportive staff.Ms. Pravalika meghana and sindoori. Cleanliness in rooms and compound is also of top notch.",5,2 weeks ago,Google,HITEC City
Hotel Akoya - Hitech City Hyderabad,ChoIk_TjmN7v0vemARoNL2cvMTFxNDBoMV90NxAB,Hyderabad,"Latitude: 17.4459476, Longitude: 78.38167969999999",2363.0,3-star hotel,4.5,1265,Free Wi-Fi | Free parking | Air conditioning | Room service | Kitchen in some rooms | Airport shuttle | Full-service laundry | Accessible,"Had an amazing stay at the hotel! The hospitality was excellent, and the entire experience was smooth and comfortable from start to finish.
A special mention to Pravalika, who was a wonderful host and made sure we were well taken care of throughout our stay. Her warm attitude, prompt assistance, and attention to detail really stood out and made the experience even better.
The service was truly exceptional, and the staff went above and beyond to make our stay memorable. Would definitely recommend this hotel and would be happy to stay here again!",5,2 weeks ago,Google,HITEC City
Hotel Akoya - Hitech City Hyderabad,ChoIk_TjmN7v0vemARoNL2cvMTFxNDBoMV90NxAB,Hyderabad,"Latitude: 17.4459476, Longitude: 78.38167969999999",2363.0,3-star hotel,4.5,1265,Free Wi-Fi | Free parking | Air conditioning | Room service | Kitchen in some rooms | Airport shuttle | Full-service laundry | Accessible,"The rooms are not as they claim online. The amenities they stated online is not available in rooms, no toiletries, cupboards are broken and not clean. Room is very compact. As per claim the king executive rooms are of 280sq feet but this is not even 100sq feet. On discussion they said this is the only room we have. Not even drinking water was kept in room. After requesting at reception there is no positive response. Used tooth brushes are kept in room.",1,2 weeks ago,Google,HITEC City
Hotel Akoya - Hitech City Hyderabad,ChoIk_TjmN7v0vemARoNL2cvMTFxNDBoMV90NxAB,Hyderabad,"Latitude: 17.4459476, Longitude: 78.38167969999999",2363.0,3-star hotel,4.5,1265,Free Wi-Fi | Free parking | Air conditioning | Room service | Kitchen in some rooms | Airport shuttle | Full-service laundry | Accessible,"Good hotel, looks like guest house.",3,3 weeks ago,Google,HITEC City
Hotel Akoya - Hitech City Hyderabad,ChoIk_TjmN7v0vemARoNL2cvMTFxNDBoMV90NxAB,Hyderabad,"Latitude: 17.4459476, Longitude: 78.38167969999999",2363.0,3-star hotel,4.5,1265,Free Wi-Fi | Free parking | Air conditioning | Room service | Kitchen in some rooms | Airport shuttle | Full-service laundry | Accessible,Overall experience was good,5,Edited 3 weeks ago,Google,HITEC City
Hotel Akoya - Hitech City Hyderabad,ChoIk_TjmN7v0vemARoNL2cvMTFxNDBoMV90NxAB,Hyderabad,"Latitude: 17.4459476, Longitude: 78.38167969999999",2363.0,3-star hotel,4.5,1265,Free Wi-Fi | Free parking | Air conditioning | Room service | Kitchen in some rooms | Airport shuttle | Full-service laundry | Accessible,"Had a great stay at Hotel Akoya, HITEC City, Hyderabad. The location was very convenient, especially for business travel, with easy access to the IT and business districts.
The rooms were clean, comfortable, and well maintained, and the overall ambience was pleasant. The staff were friendly and helpful throughout the stay. The food was also good, and the service was prompt.
Overall, a comfortable and enjoyable stay. I’d definitely consider staying at Hotel Akoya again when I’m in Hyderabad. 👍",5,3 weeks ago,Google,HITEC City
Hotel Akoya - Hitech City Hyderabad,ChoIk_TjmN7v0vemARoNL2cvMTFxNDBoMV90NxAB,Hyderabad,"Latitude: 17.4459476, Longitude: 78.38167969999999",2363.0,3-star hotel,4.5,1265,Free Wi-Fi | Free parking | Air conditioning | Room service | Kitchen in some rooms | Airport shuttle | Full-service laundry | Accessible,"The hotel is very good.
Pravalika in the reception is very helpful. All the staff are very kind. Service is great. Room is also good.",5,3 weeks ago,Google,HITEC City
Hotel Akoya - Hitech City Hyderabad,ChoIk_TjmN7v0vemARoNL2cvMTFxNDBoMV90NxAB,Hyderabad,"Latitude: 17.4459476, Longitude: 78.38167969999999",2363.0,3-star hotel,4.5,1265,Free Wi-Fi | Free parking | Air conditioning | Room service | Kitchen in some rooms | Airport shuttle | Full-service laundry | Accessible,"I had a really nice stay here. The check-in and check-out process was very smooth and hassle-free. The breakfast was awesome, and I really enjoyed it.I came here for my OFC appointment, and the location was very convenient as it’s very close to the appointment center. Overall, I had a great experience and would definitely recommend this place. Special mention to Sindoori andPravalika",5,4 weeks ago,Google,HITEC City
Hotel Akoya - Hitech City Hyderabad,ChoIk_TjmN7v0vemARoNL2cvMTFxNDBoMV90NxAB,Hyderabad,"Latitude: 17.4459476, Longitude: 78.38167969999999",2363.0,3-star hotel,4.5,1265,Free Wi-Fi | Free parking | Air conditioning | Room service | Kitchen in some rooms | Airport shuttle | Full-service laundry | Accessible,"Amazing, hospitality is top class",5,a month ago,Google,HITEC City
Hotel Akoya - Hitech City Hyderabad,ChoIk_TjmN7v0vemARoNL2cvMTFxNDBoMV90NxAB,Hyderabad,"Latitude: 17.4459476, Longitude: 78.38167969999999",2363.0,3-star hotel,4.5,1265,Free Wi-Fi | Free parking | Air conditioning | Room service | Kitchen in some rooms | Airport shuttle | Full-service laundry | Accessible,Seendori give Best service,5,a month ago,Google,HITEC City
